{
	"__comment": "Designed by MoTy with Cubik Studio - https://cubik.studio",
	"textures": {
		"texture": "moty/bf",
		"particle": "moty/bf",
		"pole": "blocks/planks_spruce",
		"inside": "blocks/wool_colored_black"
	},
	"elements": [ 	 
		{
			"__comment": "Cube1",
			"from": [ -15.5, -0.5, -3 ],
			"to": [ 31.5, 1, 19 ],
			"faces": {
				"down": { "uv": [ 0, 0, 16, 16 ], "texture": "#texture" },
				"up": { "uv": [ 0, 0, 16, 16 ], "texture": "#texture" },
				"north": { "uv": [ 0, 15, 16, 16 ], "texture": "#texture" },
				"south": { "uv": [ 0, 15, 16, 16 ], "texture": "#texture" },
				"west": { "uv": [ 0, 15, 16, 16 ], "texture": "#texture" },
				"east": { "uv": [ 0, 15, 16, 16 ], "texture": "#texture" }
			}
		},
		{
			"__comment": "Cube4",
			"from": [ 7.5, 0, 17.5 ],
			"to": [ 8, 23, 18.5 ],
			"faces": {
				"down": { "uv": [ 7.5, 13.5, 8, 14.5 ], "texture": "#pole", "cullface": "down" },
				"up": { "uv": [ 7.5, 1.5, 8, 2.5 ], "texture": "#pole" },
				"north": { "uv": [ 8, 0, 8.5, 16 ], "texture": "#pole" },
				"south": { "uv": [ 7.5, 0, 8, 16 ], "texture": "#pole" },
				"west": { "uv": [ 1.5, 0, 2.5, 16 ], "texture": "#pole" },
				"east": { "uv": [ 13.5, 0, 14.5, 16 ], "texture": "#pole" }
			}
		},
		{
			"__comment": "Cube4",
			"from": [ 7.5, 0.5, -2 ],
			"to": [ 8, 23, -1 ],
			"faces": {
				"down": { "uv": [ 7.5, 13.5, 8, 14.5 ], "texture": "#pole", "cullface": "north" },
				"up": { "uv": [ 7.5, 1.5, 8, 2.5 ], "texture": "#pole", "cullface": "north" },
				"north": { "uv": [ 8, 1, 8.5, 16 ], "texture": "#pole", "cullface": "north" },
				"south": { "uv": [ 7.5, 1, 8, 16 ], "texture": "#pole", "cullface": "north" },
				"west": { "uv": [ 1.5, 1, 2.5, 16 ], "texture": "#pole", "cullface": "north" },
				"east": { "uv": [ 13.5, 1, 14.5, 16 ], "texture": "#pole", "cullface": "north" }
			}
		},
		{
			"__comment": "Cube1",
			"from": [ -14.875, -0.5, -3 ],
			"to": [ 19.125, 1, 19 ],
			"rotation": { "origin": [ -14.875, -0.5, -3 ], "axis": "z", "angle": 45 },
			"faces": {
				"down": { "uv": [ 0, 0, 16, 16 ], "texture": "#texture" },
				"up": { "uv": [ 0, 0, 16, 16 ], "texture": "#texture" },
				"north": { "uv": [ 0, 15, 16, 16 ], "texture": "#texture" },
				"south": { "uv": [ 0, 15, 16, 16 ], "texture": "#texture" },
				"west": { "uv": [ 0, 15, 16, 16 ], "texture": "#texture" },
				"east": { "uv": [ 0, 15, 16, 16 ], "texture": "#texture" }
			}
		},
		{
			"__comment": "Cube1",
			"from": [ -2.5, -1, -3 ],
			"to": [ 31.5, 0.5, 19 ],
			"rotation": { "origin": [ 31.5, 0.5, -3 ], "axis": "z", "angle": -45 },
			"faces": {
				"down": { "uv": [ 0, 0, 16, 16 ], "texture": "#texture", "rotation": 180 },
				"up": { "uv": [ 0, 0, 16, 16 ], "texture": "#texture", "rotation": 180 },
				"north": { "uv": [ 16, 16, 0, 15 ], "texture": "#texture" },
				"south": { "uv": [ 16, 16, 0, 15 ], "texture": "#texture" },
				"west": { "uv": [ 0, 15, 16, 16 ], "texture": "#texture", "rotation": 180 },
				"east": { "uv": [ 0, 15, 16, 16 ], "texture": "#texture", "rotation": 180 }
			}
		},
		{
			"__comment": "Cube1",
			"from": [ -13.5, 1, -1.5 ],
			"to": [ 29, 2.5, 17 ],
			"faces": {
				"down": { "uv": [ 0, 0, 16, 16 ], "texture": "#inside" },
				"up": { "uv": [ 0, 0, 16, 16 ], "texture": "#inside" },
				"north": { "uv": [ 0, 15, 16, 16 ], "texture": "#inside" },
				"south": { "uv": [ 0, 15, 16, 16 ], "texture": "#inside" },
				"west": { "uv": [ 0, 15, 16, 16 ], "texture": "#inside" },
				"east": { "uv": [ 0, 15, 16, 16 ], "texture": "#inside" }
			}
		},
		{
			"__comment": "Cube1",
			"from": [ -11.75, 2.5, -1.5 ],
			"to": [ 27.25, 4, 17 ],
			"faces": {
				"down": { "uv": [ 0, 0, 16, 16 ], "texture": "#inside" },
				"up": { "uv": [ 0, 0, 16, 16 ], "texture": "#inside" },
				"north": { "uv": [ 0, 15, 16, 16 ], "texture": "#inside" },
				"south": { "uv": [ 0, 15, 16, 16 ], "texture": "#inside" },
				"west": { "uv": [ 0, 15, 16, 16 ], "texture": "#inside" },
				"east": { "uv": [ 0, 15, 16, 16 ], "texture": "#inside" }
			}
		},
		{
			"__comment": "Cube1",
			"from": [ -10.5, 4, -1.5 ],
			"to": [ 26, 5.5, 17 ],
			"faces": {
				"down": { "uv": [ 0, 0, 16, 16 ], "texture": "#inside" },
				"up": { "uv": [ 0, 0, 16, 16 ], "texture": "#inside" },
				"north": { "uv": [ 0, 15, 16, 16 ], "texture": "#inside" },
				"south": { "uv": [ 0, 15, 16, 16 ], "texture": "#inside" },
				"west": { "uv": [ 0, 15, 16, 16 ], "texture": "#inside" },
				"east": { "uv": [ 0, 15, 16, 16 ], "texture": "#inside" }
			}
		},
		{
			"__comment": "Cube1",
			"from": [ -9, 5.5, -1.5 ],
			"to": [ 24.5, 7, 17 ],
			"faces": {
				"down": { "uv": [ 0, 0, 16, 16 ], "texture": "#inside" },
				"up": { "uv": [ 0, 0, 16, 16 ], "texture": "#inside" },
				"north": { "uv": [ 0, 15, 16, 16 ], "texture": "#inside" },
				"south": { "uv": [ 0, 15, 16, 16 ], "texture": "#inside" },
				"west": { "uv": [ 0, 15, 16, 16 ], "texture": "#inside" },
				"east": { "uv": [ 0, 15, 16, 16 ], "texture": "#inside" }
			}
		},
		{
			"__comment": "Cube1",
			"from": [ -7.5, 7, -1.5 ],
			"to": [ 23, 8.5, 17 ],
			"faces": {
				"down": { "uv": [ 0, 0, 16, 16 ], "texture": "#inside" },
				"up": { "uv": [ 0, 0, 16, 16 ], "texture": "#inside" },
				"north": { "uv": [ 0, 15, 16, 16 ], "texture": "#inside" },
				"south": { "uv": [ 0, 15, 16, 16 ], "texture": "#inside" },
				"west": { "uv": [ 0, 15, 16, 16 ], "texture": "#inside" },
				"east": { "uv": [ 0, 15, 16, 16 ], "texture": "#inside" }
			}
		},
		{
			"__comment": "Cube1",
			"from": [ -6.5, 8.5, -1.5 ],
			"to": [ 22, 10, 17 ],
			"faces": {
				"down": { "uv": [ 0, 0, 16, 16 ], "texture": "#inside" },
				"up": { "uv": [ 0, 0, 16, 16 ], "texture": "#inside" },
				"north": { "uv": [ 0, 15, 16, 16 ], "texture": "#inside" },
				"south": { "uv": [ 0, 15, 16, 16 ], "texture": "#inside" },
				"west": { "uv": [ 0, 15, 16, 16 ], "texture": "#inside" },
				"east": { "uv": [ 0, 15, 16, 16 ], "texture": "#inside" }
			}
		},
		{
			"__comment": "Cube1",
			"from": [ -5, 10, -1.5 ],
			"to": [ 20, 11.5, 17 ],
			"faces": {
				"down": { "uv": [ 0, 0, 16, 16 ], "texture": "#inside" },
				"up": { "uv": [ 0, 0, 16, 16 ], "texture": "#inside" },
				"north": { "uv": [ 0, 15, 16, 16 ], "texture": "#inside" },
				"south": { "uv": [ 0, 15, 16, 16 ], "texture": "#inside" },
				"west": { "uv": [ 0, 15, 16, 16 ], "texture": "#inside" },
				"east": { "uv": [ 0, 15, 16, 16 ], "texture": "#inside" }
			}
		},
		{
			"__comment": "Cube1",
			"from": [ -3, 11.5, -1.5 ],
			"to": [ 18.5, 13, 17 ],
			"faces": {
				"down": { "uv": [ 0, 0, 16, 16 ], "texture": "#inside" },
				"up": { "uv": [ 0, 0, 16, 16 ], "texture": "#inside" },
				"north": { "uv": [ 0, 15, 16, 16 ], "texture": "#inside" },
				"south": { "uv": [ 0, 15, 16, 16 ], "texture": "#inside" },
				"west": { "uv": [ 0, 15, 16, 16 ], "texture": "#inside" },
				"east": { "uv": [ 0, 15, 16, 16 ], "texture": "#inside" }
			}
		},
		{
			"__comment": "Cube1",
			"from": [ -2, 13, -1.5 ],
			"to": [ 17, 14.5, 17 ],
			"faces": {
				"down": { "uv": [ 0, 0, 16, 16 ], "texture": "#inside" },
				"up": { "uv": [ 0, 0, 16, 16 ], "texture": "#inside" },
				"north": { "uv": [ 0, 15, 16, 16 ], "texture": "#inside" },
				"south": { "uv": [ 0, 15, 16, 16 ], "texture": "#inside" },
				"west": { "uv": [ 0, 15, 16, 16 ], "texture": "#inside" },
				"east": { "uv": [ 0, 15, 16, 16 ], "texture": "#inside" }
			}
		},
		{
			"__comment": "Cube1",
			"from": [ 0, 14.5, -1.5 ],
			"to": [ 15.5, 16, 17 ],
			"faces": {
				"down": { "uv": [ 0, 0, 16, 16 ], "texture": "#inside" },
				"up": { "uv": [ 0, 0, 16, 16 ], "texture": "#inside" },
				"north": { "uv": [ 0, 15, 16, 16 ], "texture": "#inside" },
				"south": { "uv": [ 0, 15, 16, 16 ], "texture": "#inside", "cullface": "south" },
				"west": { "uv": [ 0, 15, 16, 16 ], "texture": "#inside" },
				"east": { "uv": [ 0, 15, 16, 16 ], "texture": "#inside" }
			}
		},
		{
			"__comment": "Cube1",
			"from": [ 1, 16, -1.5 ],
			"to": [ 14.5, 17.5, 17 ],
			"faces": {
				"down": { "uv": [ 0, 0, 16, 16 ], "texture": "#inside" },
				"up": { "uv": [ 0, 0, 16, 16 ], "texture": "#inside" },
				"north": { "uv": [ 0, 15, 16, 16 ], "texture": "#inside" },
				"south": { "uv": [ 0, 15, 16, 16 ], "texture": "#inside" },
				"west": { "uv": [ 0, 15, 16, 16 ], "texture": "#inside" },
				"east": { "uv": [ 0, 15, 16, 16 ], "texture": "#inside" }
			}
		},
		{
			"__comment": "Cube1",
			"from": [ 2.5, 17.5, -1.5 ],
			"to": [ 13, 19, 17 ],
			"faces": {
				"down": { "uv": [ 0, 0, 16, 16 ], "texture": "#inside" },
				"up": { "uv": [ 0, 0, 16, 16 ], "texture": "#inside" },
				"north": { "uv": [ 0, 15, 16, 16 ], "texture": "#inside" },
				"south": { "uv": [ 0, 15, 16, 16 ], "texture": "#inside" },
				"west": { "uv": [ 0, 15, 16, 16 ], "texture": "#inside" },
				"east": { "uv": [ 0, 15, 16, 16 ], "texture": "#inside" }
			}
		},
		{
			"__comment": "Cube1",
			"from": [ 4, 19, -1.5 ],
			"to": [ 11, 20.5, 17 ],
			"faces": {
				"down": { "uv": [ 0, 0, 16, 16 ], "texture": "#inside" },
				"up": { "uv": [ 0, 0, 16, 16 ], "texture": "#inside" },
				"north": { "uv": [ 0, 15, 16, 16 ], "texture": "#inside" },
				"south": { "uv": [ 0, 15, 16, 16 ], "texture": "#inside" },
				"west": { "uv": [ 0, 15, 16, 16 ], "texture": "#inside" },
				"east": { "uv": [ 0, 15, 16, 16 ], "texture": "#inside" }
			}
		},
		{
			"__comment": "Cube1",
			"from": [ 6, 20.5, -1.5 ],
			"to": [ 9.5, 22, 17 ],
			"faces": {
				"down": { "uv": [ 0, 0, 16, 16 ], "texture": "#inside" },
				"up": { "uv": [ 0, 0, 16, 16 ], "texture": "#inside" },
				"north": { "uv": [ 0, 15, 16, 16 ], "texture": "#inside" },
				"south": { "uv": [ 0, 15, 16, 16 ], "texture": "#inside" },
				"west": { "uv": [ 0, 15, 16, 16 ], "texture": "#inside" },
				"east": { "uv": [ 0, 15, 16, 16 ], "texture": "#inside" }
			}
		}
	],
	"display": {
		"thirdperson_righthand": {
			"rotation":  [ 75, 45, 0 ],
			"translation":  [ 0, 2.5, 0 ],
			"scale":  [ 0.2, 0.2, 0.2 ]
		},
		"thirdperson_lefthand": {
			"rotation":  [ 75, 45, 0 ],
			"translation":  [ 0, 2.5, 0 ],
			"scale":  [ 0.375, 0.375, 0.375 ]
		},
		"firstperson_righthand": {
			"rotation":  [ 0, -80, 0 ],
			"translation":  [ 0, 1.3913, 0 ],
			"scale":  [ 0.2, 0.2, 0.2 ]
		},
		"firstperson_lefthand": {
			"rotation":  [ 0, 97, 0 ],
			"translation":  [ 0, 2.0869, 0 ],
			"scale":  [ 0.2, 0.2, 0.2 ]
		},
		"gui": {
			"rotation":  [ 30, 225, 0 ],
			"scale":  [ 0.3, 0.3, 0.3 ]
		},
		"head": {
			"translation":  [ 0, 8.1358, 0.6956 ],
			"scale":  [ 0.8, 0.8, 0.8 ]
		},
		"ground": {
			"translation":  [ 0, 3, 0 ],
			"scale":  [ 0.25, 0.25, 0.25 ]
		},
		"fixed": {
			"scale":  [ 0.5, 0.5, 0.5 ]
		}
	}
}