{
    "parent": "item/handheld",
	"textures": {
        "layer0": "items/diamond_axe"
    },
		"overrides": [
				{ "predicate": {"damaged": 0, "damage": 0}, "model": "item/diamond_axe"},
				{ "predicate": { "damage": 0.0006}, "model": "gunskin/qbs-09_tank"},
				{ "predicate": { "damage": 0.0012}, "model": "gunskin/ak47_gold"},
				{ "predicate": { "damage": 0.0018}, "model": "gunskin/flare_hot"},
				{ "predicate": { "damage": 0.0024}, "model": "gunskin/flare_ass"},
				{ "predicate": { "damage": 0.0030}, "model": "gunskin/flare_nyan"},
				{ "predicate": { "damage": 0.0036}, "model": "gunskin/flare_7"},
				{ "predicate": { "damage": 0.0042}, "model": "gunskin/aug_drill"},
				{ "predicate": { "damage": 0.0048}, "model": "gunskin/ar-15_sliver"},
				{ "predicate": {"damaged": 1, "damage": 0}, "model": "item/diamond_axe"}
		
		]
}