{
    "parent": "item/handheld",
	"textures": {
        "layer0": "items/diamond_hoe"
    },
		"overrides": [
				{ "predicate": {"damaged": 0, "damage": 0}, "model": "item/diamond_hoe"},
				{ "_cmd_": "give @p minecraft:diamond_hoe 1 1 {Unbreakable:1}", "predicate": { "damage": 0.0006}, "model": "guns/flare"},
				{ "_cmd_": "give @p minecraft:diamond_hoe 1 2 {Unbreakable:1}", "predicate": { "damage": 0.0012}, "model": "guns/glock"},
				{ "_cmd_": "give @p minecraft:diamond_hoe 1 3 {Unbreakable:1}", "predicate": { "damage": 0.0018}, "model": "guns/44-magnum"},
				{ "_cmd_": "give @p minecraft:diamond_hoe 1 4 {Unbreakable:1}", "predicate": { "damage": 0.0024}, "model": "guns/aug"},
				{ "_cmd_": "give @p minecraft:diamond_hoe 1 5 {Unbreakable:1}", "predicate": { "damage": 0.0030}, "model": "guns/m4a1"},
				{ "_cmd_": "give @p minecraft:diamond_hoe 1 6 {Unbreakable:1}", "predicate": { "damage": 0.0036}, "model": "guns/ak47"},
				{ "_cmd_": "give @p minecraft:diamond_hoe 1 7 {Unbreakable:1}", "predicate": { "damage": 0.0042}, "model": "guns/mp7"},
				{ "_cmd_": "give @p minecraft:diamond_hoe 1 8 {Unbreakable:1}", "predicate": { "damage": 0.0048}, "model": "guns/p90"},
				{ "_cmd_": "give @p minecraft:diamond_hoe 1 9 {Unbreakable:1}", "predicate": { "damage": 0.0054}, "model": "guns/barrett_m82"},
				{ "_cmd_": "give @p minecraft:diamond_hoe 1 10 {Unbreakable:1}", "predicate": { "damage": 0.0060}, "model": "guns/spas-12"},
				{ "_cmd_": "give @p minecraft:diamond_hoe 1 11 {Unbreakable:1}", "predicate": { "damage": 0.0066}, "model": "guns/qbs-09"},
				{ "_cmd_": "give @p minecraft:diamond_hoe 1 12 {Unbreakable:1}", "predicate": { "damage": 0.0072}, "model": "guns/single_shot"},
				{ "_cmd_": "give @p minecraft:diamond_hoe 1 13 {Unbreakable:1}", "predicate": { "damage": 0.0078}, "model": "guns/qs-250"},
				{ "_cmd_": "give @p minecraft:diamond_hoe 1 14 {Unbreakable:1}", "predicate": { "damage": 0.0084}, "model": "guns/ar-15"},
				{ "_cmd_": "give @p minecraft:diamond_hoe 1 15 {Unbreakable:1}", "predicate": { "damage": 0.0091}, "model": "guns/pgm-hecate-ii"},
				{ "_cmd_": "give @p minecraft:diamond_hoe 1 16 {Unbreakable:1}", "predicate": { "damage": 0.0097}, "model": "guns/t91"},
				{ "_cmd_": "give @p minecraft:diamond_hoe 1 17 {Unbreakable:1}", "predicate": { "damage": 0.0103}, "model": "guns/sv98"},
				{ "_cmd_": "give @p minecraft:diamond_hoe 1 18 {Unbreakable:1}", "predicate": { "damage": 0.0110}, "model": "guns/xm1014"},
				{ "_cmd_": "give @p minecraft:diamond_hoe 1 19 {Unbreakable:1}", "predicate": { "damage": 0.0116}, "model": "guns/wa2000"},
				{ "predicate": {"damaged": 1, "damage": 0}, "model": "item/diamond_hoe"}
		
		]
}