{
    "parent": "item/handheld",
	"textures": {
        "layer0": "items/diamond_hoe"
    },
		"overrides": [
				{ "predicate": {"damaged": 0, "damage": 0}, "model": "item/diamond_hoe"},
				{ "predicate": { "damage": 0.0006}, "model": "guns/flare"},
				{ "predicate": { "damage": 0.0012}, "model": "guns/glock"},
				{ "predicate": { "damage": 0.0018}, "model": "guns/44-magnum"},
				{ "predicate": { "damage": 0.0024}, "model": "guns/aug"},
				{ "predicate": { "damage": 0.0030}, "model": "guns/m4a1"},
				{ "predicate": { "damage": 0.0036}, "model": "guns/ak47"},
				{ "predicate": { "damage": 0.0042}, "model": "guns/mp7"},
				{ "predicate": { "damage": 0.0048}, "model": "guns/p90"},
				{ "predicate": { "damage": 0.0054}, "model": "guns/barrett_m82"},
				{ "predicate": { "damage": 0.0060}, "model": "guns/spas-12"},
				{ "predicate": { "damage": 0.0066}, "model": "guns/qbs-09"},
				{ "predicate": { "damage": 0.0072}, "model": "guns/single_shot"},
				{ "predicate": { "damage": 0.0078}, "model": "guns/qs-250"},
				{ "predicate": { "damage": 0.0084}, "model": "guns/ar-15"},
				{ "predicate": { "damage": 0.0091}, "model": "guns/pgm-hecate-ii"},
				{ "predicate": { "damage": 0.0097}, "model": "guns/t91"},
				{ "predicate": { "damage": 0.0103}, "model": "guns/sv98"},
				{ "predicate": { "damage": 0.0110}, "model": "guns/xm1014"},
				{ "predicate": { "damage": 0.0116}, "model": "guns/wa2000"},
				{ "predicate": {"damaged": 1, "damage": 0}, "model": "item/diamond_hoe"}
		
		]
}