{
	"__comment": "Designed by MoTy with Cubik Studio - https://cubik.studio",
	"textures": {
		"texture": "nubx/nulls_light_gray",
		"red": "nubx/nulls_dark_red"
	},
	"elements": [ 	 
		{
			"__comment": "Box1",
			"from": [ 6.5, -1.5, 7 ],
			"to": [ 9, 14.5, 8.5 ],
			"faces": {
				"down": { "uv": [ 6.5, 7.5, 9, 9 ], "texture": "#texture" },
				"up": { "uv": [ 6.5, 7, 9, 8.5 ], "texture": "#texture" },
				"north": { "uv": [ 7, 1.5, 9.5, 16 ], "texture": "#texture" },
				"south": { "uv": [ 6.5, 1.5, 9, 16 ], "texture": "#texture" },
				"west": { "uv": [ 7, 1.5, 8.5, 16 ], "texture": "#texture" },
				"east": { "uv": [ 7.5, 1.5, 9, 16 ], "texture": "#texture" }
			}
		},
		{
			"__comment": "Box2",
			"from": [ 7.5, -3.5, 7 ],
			"to": [ 8, -0.5, 8.5 ],
			"rotation": { "origin": [ 7.5, -3.5, 7 ], "axis": "z", "angle": 22.5 },
			"faces": {
				"down": { "uv": [ 5.5, 1, 6, 2 ], "texture": "#texture" },
				"up": { "uv": [ 5.5, 14, 6, 15 ], "texture": "#texture" },
				"north": { "uv": [ 10, 1.5, 10.5, 5.5 ], "texture": "#texture" },
				"south": { "uv": [ 5.5, 1.5, 6, 5.5 ], "texture": "#texture" },
				"west": { "uv": [ 14, 1.5, 15, 5.5 ], "texture": "#texture" },
				"east": { "uv": [ 1, 1.5, 2, 5.5 ], "texture": "#texture" }
			}
		},
		{
			"__comment": "Box2",
			"from": [ 7.5, -3.5, 7 ],
			"to": [ 8, -0.5, 8.5 ],
			"rotation": { "origin": [ 7.5, -3.5, 7 ], "axis": "z", "angle": -22.5 },
			"faces": {
				"down": { "uv": [ 5.5, 1, 6, 2 ], "texture": "#texture" },
				"up": { "uv": [ 5.5, 14, 6, 15 ], "texture": "#texture" },
				"north": { "uv": [ 10, 1.5, 10.5, 5.5 ], "texture": "#texture" },
				"south": { "uv": [ 5.5, 1.5, 6, 5.5 ], "texture": "#texture" },
				"west": { "uv": [ 14, 1.5, 15, 5.5 ], "texture": "#texture" },
				"east": { "uv": [ 1, 1.5, 2, 5.5 ], "texture": "#texture" }
			}
		},
		{
			"__comment": "Box4",
			"from": [ 6, 14, 7 ],
			"to": [ 10, 14.5, 8.5 ],
			"faces": {
				"down": { "uv": [ 6, 7.5, 10, 9 ], "texture": "#texture" },
				"up": { "uv": [ 6, 7, 10, 8.5 ], "texture": "#texture" },
				"north": { "uv": [ 6, 1.5, 10, 2 ], "texture": "#texture" },
				"south": { "uv": [ 6, 1.5, 10, 2 ], "texture": "#texture" },
				"west": { "uv": [ 7, 1.5, 8.5, 2 ], "texture": "#texture" },
				"east": { "uv": [ 7.5, 1.5, 9, 2 ], "texture": "#texture" }
			}
		},
		{
			"__comment": "Box5",
			"from": [ 9.5, 16, 7 ],
			"to": [ 12, 17, 8.5 ],
			"faces": {
				"down": { "uv": [ 9.5, 7.5, 12, 9 ], "texture": "#texture" },
				"up": { "uv": [ 9.5, 7, 12, 8.5 ], "texture": "#texture" },
				"north": { "uv": [ 4, 15, 6.5, 16 ], "texture": "#texture" },
				"south": { "uv": [ 9.5, 15, 12, 16 ], "texture": "#texture" },
				"west": { "uv": [ 7, 15, 8.5, 16 ], "texture": "#texture" },
				"east": { "uv": [ 7.5, 15, 9, 16 ], "texture": "#texture" }
			}
		},
		{
			"__comment": "Box6",
			"from": [ 9, 15, 7 ],
			"to": [ 11, 16, 8.5 ],
			"faces": {
				"down": { "uv": [ 9, 7.5, 11, 9 ], "texture": "#texture" },
				"up": { "uv": [ 9, 7, 11, 8.5 ], "texture": "#texture" },
				"north": { "uv": [ 5, 0, 7, 1 ], "texture": "#texture" },
				"south": { "uv": [ 9, 0, 11, 1 ], "texture": "#texture" },
				"west": { "uv": [ 7, 0, 8.5, 1 ], "texture": "#texture" },
				"east": { "uv": [ 7.5, 0, 9, 1 ], "texture": "#texture" }
			}
		},
		{
			"__comment": "Box7",
			"from": [ 9, 17, 7 ],
			"to": [ 11.5, 18, 8.5 ],
			"faces": {
				"down": { "uv": [ 9, 7.5, 11.5, 9 ], "texture": "#texture" },
				"up": { "uv": [ 9, 7, 11.5, 8.5 ], "texture": "#texture" },
				"north": { "uv": [ 4.5, 14, 7, 15 ], "texture": "#texture" },
				"south": { "uv": [ 9, 14, 11.5, 15 ], "texture": "#texture" },
				"west": { "uv": [ 7, 14, 8.5, 15 ], "texture": "#texture" },
				"east": { "uv": [ 7.5, 14, 9, 15 ], "texture": "#texture" }
			}
		},
		{
			"__comment": "Box9",
			"from": [ 6.5, 14, 7 ],
			"to": [ 7.5, 17.5, 8.5 ],
			"rotation": { "origin": [ 6.5, 14, 7 ], "axis": "z", "angle": 22.5 },
			"faces": {
				"down": { "uv": [ 6, 8, 7, 9 ], "texture": "#texture" },
				"up": { "uv": [ 6, 7, 7, 8 ], "texture": "#texture" },
				"north": { "uv": [ 9, 0, 10, 1 ], "texture": "#texture" },
				"south": { "uv": [ 6, 0, 7, 1 ], "texture": "#texture" },
				"west": { "uv": [ 7, 0, 8, 1 ], "texture": "#texture" },
				"east": { "uv": [ 8, 0, 9, 1 ], "texture": "#texture" }
			}
		},
		{
			"__comment": "Box10",
			"from": [ 8.5, 18, 7 ],
			"to": [ 11, 19, 8.5 ],
			"faces": {
				"down": { "uv": [ 8.5, 7.5, 11, 9 ], "texture": "#texture" },
				"up": { "uv": [ 8.5, 7, 11, 8.5 ], "texture": "#texture" },
				"north": { "uv": [ 5, 13, 7.5, 14 ], "texture": "#texture" },
				"south": { "uv": [ 8.5, 13, 11, 14 ], "texture": "#texture" },
				"west": { "uv": [ 7, 13, 8.5, 14 ], "texture": "#texture" },
				"east": { "uv": [ 7.5, 13, 9, 14 ], "texture": "#texture" }
			}
		},
		{
			"__comment": "Box11",
			"from": [ 6, 14.5, 7 ],
			"to": [ 6.5, 17.5, 8.5 ],
			"rotation": { "origin": [ 6, 14.5, 7 ], "axis": "z", "angle": 22.5 },
			"faces": {
				"down": { "uv": [ 3, 7.5, 4, 9 ], "texture": "#texture" },
				"up": { "uv": [ 3, 7, 4, 8.5 ], "texture": "#texture" },
				"north": { "uv": [ 12, 14, 13, 15 ], "texture": "#texture" },
				"south": { "uv": [ 3, 14, 4, 15 ], "texture": "#texture" },
				"west": { "uv": [ 7, 14, 8.5, 15 ], "texture": "#texture" },
				"east": { "uv": [ 7.5, 14, 9, 15 ], "texture": "#texture" }
			}
		},
		{
			"__comment": "Box12",
			"from": [ 7.5, -4, 7 ],
			"to": [ 8, -3, 8.5 ],
			"rotation": { "origin": [ 7.5, -4, 7 ], "axis": "z", "angle": 0 },
			"faces": {
				"down": { "uv": [ 7.5, 7.5, 8, 9 ], "texture": "#texture" },
				"up": { "uv": [ 7.5, 7, 8, 8.5 ], "texture": "#texture" },
				"north": { "uv": [ 8, 3, 8.5, 4 ], "texture": "#texture" },
				"south": { "uv": [ 7.5, 3, 8, 4 ], "texture": "#texture" },
				"west": { "uv": [ 7, 3, 8.5, 4 ], "texture": "#texture" },
				"east": { "uv": [ 7.5, 3, 9, 4 ], "texture": "#texture" }
			}
		},
		{
			"__comment": "Box15",
			"from": [ 6, 14.5, 7 ],
			"to": [ 10.5, 15, 8.5 ],
			"faces": {
				"down": { "uv": [ 6, 7.5, 10.5, 9 ], "texture": "#texture" },
				"up": { "uv": [ 6, 7, 10.5, 8.5 ], "texture": "#texture" },
				"north": { "uv": [ 5.5, 1, 10, 1.5 ], "texture": "#texture" },
				"south": { "uv": [ 6, 1, 10.5, 1.5 ], "texture": "#texture" },
				"west": { "uv": [ 7, 1, 8.5, 1.5 ], "texture": "#texture" },
				"east": { "uv": [ 7.5, 1, 9, 1.5 ], "texture": "#texture" }
			}
		},
		{
			"__comment": "Box16",
			"from": [ 6.5, 4.5, 7 ],
			"to": [ 9, 9, 7.001 ],
			"faces": {
				"down": { "uv": [ 6.5, 8.999001, 9, 9 ], "texture": "#red" },
				"up": { "uv": [ 6.5, 7, 9, 7.001 ], "texture": "#red" },
				"north": { "uv": [ 7, 7, 9.5, 11.5 ], "texture": "#red" },
				"south": { "uv": [ 6.5, 7, 9, 11.5 ], "texture": "#red" },
				"west": { "uv": [ 7, 7, 7.001, 11.5 ], "texture": "#red" },
				"east": { "uv": [ 8.999, 7, 9, 11.5 ], "texture": "#red" }
			}
		},
		{
			"__comment": "Box17",
			"from": [ 6.5, 4.5, 8.5 ],
			"to": [ 9, 9, 8.501 ],
			"faces": {
				"down": { "uv": [ 6.5, 7.499, 9, 7.5 ], "texture": "#red" },
				"up": { "uv": [ 6.5, 8.5, 9, 8.500999 ], "texture": "#red" },
				"north": { "uv": [ 7, 7, 9.5, 11.5 ], "texture": "#red" },
				"south": { "uv": [ 6.5, 7, 9, 11.5 ], "texture": "#red" },
				"west": { "uv": [ 8.5, 7, 8.501, 11.5 ], "texture": "#red" },
				"east": { "uv": [ 7.499, 7, 7.5, 11.5 ], "texture": "#red" }
			}
		},
		{
			"__comment": "Box18",
			"from": [ 9, 4.5, 7 ],
			"to": [ 9.001, 9, 8.5 ],
			"faces": {
				"down": { "uv": [ 9, 7.5, 9.001, 9 ], "texture": "#red" },
				"up": { "uv": [ 9, 7, 9.001, 8.5 ], "texture": "#red" },
				"north": { "uv": [ 6.999, 7, 7, 11.5 ], "texture": "#red" },
				"south": { "uv": [ 9, 7, 9.001, 11.5 ], "texture": "#red" },
				"west": { "uv": [ 7, 7, 8.5, 11.5 ], "texture": "#red" },
				"east": { "uv": [ 7.5, 7, 9, 11.5 ], "texture": "#red" }
			}
		},
		{
			"__comment": "Box19",
			"from": [ 6.5, 4.5, 7 ],
			"to": [ 6.501, 9, 8.5 ],
			"faces": {
				"down": { "uv": [ 6.5, 7.5, 6.501, 9 ], "texture": "#red" },
				"up": { "uv": [ 6.5, 7, 6.501, 8.5 ], "texture": "#red" },
				"north": { "uv": [ 9.499, 7, 9.5, 11.5 ], "texture": "#red" },
				"south": { "uv": [ 6.5, 7, 6.501, 11.5 ], "texture": "#red" },
				"west": { "uv": [ 7, 7, 8.5, 11.5 ], "texture": "#red" },
				"east": { "uv": [ 7.5, 7, 9, 11.5 ], "texture": "#red" }
			}
		}
	],
	"display": {
		"thirdperson_righthand": {
			"rotation":  [ 36, -90, 0 ],
			"translation":  [ 0, 2.0869, 4.1739 ],
			"scale":  [ 0.7, 0.7, 0.7 ]
		},
		"thirdperson_lefthand": {
			"rotation":  [ 36, 90, 0 ],
			"translation":  [ 0, 2.0869, 4.1739 ],
			"scale":  [ 0.7, 0.7, 0.7 ]
		},
		"firstperson_righthand": {
			"rotation":  [ -27, -100, 0 ],
			"translation":  [ 0, -0.694, 0 ],
			"scale":  [ 0.65, 0.65, 0.65 ]
		},
		"firstperson_lefthand": {
			"rotation":  [ -27, 100, 0 ],
			"translation":  [ 0, -0.694, 0 ],
			"scale":  [ 0.65, 0.65, 0.65 ]
		},
		"gui": {
			"rotation":  [ 0, 0, 45 ],
			"scale":  [ 0.75, 0.75, 0.75 ]
		},
		"ground": {
			"rotation":  [ 0, 0, 75 ],
			"scale":  [ 0.65, 0.65, 0.65 ]
		},
		"fixed": {
			"rotation":  [ 0, 0, -38 ]
		}
	}
}