{
	"__comment": "Designed by MoTy with Cubik Studio - https://cubik.studio",
	"textures": {
		"texture": "moty/chute"
	},
	"elements": [ 	 
		{
			"__comment": "Element",
			"from": [ 9.5, 9, 4 ],
			"to": [ 10.5, 13.5, 4.5 ],
			"faces": {
				"down": { "uv": [ 10, 5, 10.5, 4.5 ], "texture": "#texture" },
				"up": { "uv": [ 10, 4, 10.5, 4.5 ], "texture": "#texture" },
				"north": { "uv": [ 10, 4, 10.5, 5 ], "texture": "#texture" },
				"south": { "uv": [ 10, 4, 10.5, 5.5 ], "texture": "#texture" },
				"west": { "uv": [ 10, 4, 10.5, 5.5 ], "texture": "#texture" },
				"east": { "uv": [ 10, 4, 10.5, 5.5 ], "texture": "#texture" }
			}
		},
		{
			"__comment": "Element",
			"from": [ 5.5, 9, 4 ],
			"to": [ 6.5, 13.5, 4.5 ],
			"faces": {
				"down": { "uv": [ 10, 5, 10.5, 4.5 ], "texture": "#texture" },
				"up": { "uv": [ 10, 4, 10.5, 4.5 ], "texture": "#texture" },
				"north": { "uv": [ 10, 4, 10.5, 5 ], "texture": "#texture" },
				"south": { "uv": [ 10, 4, 10.5, 5.5 ], "texture": "#texture" },
				"west": { "uv": [ 10, 4, 10.5, 5.5 ], "texture": "#texture" },
				"east": { "uv": [ 10, 4, 10.5, 5.5 ], "texture": "#texture" }
			}
		},
		{
			"__comment": "Element",
			"from": [ 9.5, 13, 4 ],
			"to": [ 10.5, 13.5, 8.5 ],
			"faces": {
				"down": { "uv": [ 10, 5, 10.5, 4.5 ], "texture": "#texture" },
				"up": { "uv": [ 10, 4, 10.5, 4.5 ], "texture": "#texture" },
				"north": { "uv": [ 10, 4, 10.5, 5 ], "texture": "#texture" },
				"south": { "uv": [ 10, 4, 10.5, 5.5 ], "texture": "#texture" },
				"west": { "uv": [ 10, 4, 10.5, 5.5 ], "texture": "#texture" },
				"east": { "uv": [ 10, 4, 10.5, 5.5 ], "texture": "#texture" }
			}
		},
		{
			"__comment": "Element",
			"from": [ 5.5, 13, 4 ],
			"to": [ 6.5, 13.5, 8.5 ],
			"faces": {
				"down": { "uv": [ 10, 5, 10.5, 4.5 ], "texture": "#texture" },
				"up": { "uv": [ 10, 4, 10.5, 4.5 ], "texture": "#texture" },
				"north": { "uv": [ 10, 4, 10.5, 5 ], "texture": "#texture" },
				"south": { "uv": [ 10, 4, 10.5, 5.5 ], "texture": "#texture" },
				"west": { "uv": [ 10, 4, 10.5, 5.5 ], "texture": "#texture" },
				"east": { "uv": [ 10, 4, 10.5, 5.5 ], "texture": "#texture" }
			}
		},
		{
			"__comment": "Element",
			"from": [ 6.5, 9, 8 ],
			"to": [ 9.5, 10, 8.5 ],
			"faces": {
				"down": { "uv": [ 10, 5, 10.5, 4.5 ], "texture": "#texture" },
				"up": { "uv": [ 10, 4, 10.5, 4.5 ], "texture": "#texture" },
				"north": { "uv": [ 10, 4, 10.5, 5 ], "texture": "#texture" },
				"south": { "uv": [ 10, 4, 10.5, 5.5 ], "texture": "#texture" },
				"west": { "uv": [ 10, 4, 10.5, 5.5 ], "texture": "#texture" },
				"east": { "uv": [ 10, 4, 10.5, 5.5 ], "texture": "#texture" }
			}
		},
		{
			"__comment": "Element",
			"from": [ 6.5, 11, 8 ],
			"to": [ 9.5, 12, 8.5 ],
			"faces": {
				"down": { "uv": [ 10, 5, 10.5, 4.5 ], "texture": "#texture" },
				"up": { "uv": [ 10, 4, 10.5, 4.5 ], "texture": "#texture" },
				"north": { "uv": [ 10, 4, 10.5, 5 ], "texture": "#texture" },
				"south": { "uv": [ 10, 4, 10.5, 5.5 ], "texture": "#texture" },
				"west": { "uv": [ 10, 4, 10.5, 5.5 ], "texture": "#texture" },
				"east": { "uv": [ 10, 4, 10.5, 5.5 ], "texture": "#texture" }
			}
		},
		{
			"__comment": "Element",
			"from": [ 9.5, 2.5, 8 ],
			"to": [ 10.5, 13.5, 8.5 ],
			"faces": {
				"down": { "uv": [ 10, 5, 10.5, 4.5 ], "texture": "#texture" },
				"up": { "uv": [ 10, 4, 10.5, 4.5 ], "texture": "#texture" },
				"north": { "uv": [ 10, 4, 10.5, 5 ], "texture": "#texture" },
				"south": { "uv": [ 10, 4, 10.5, 5.5 ], "texture": "#texture" },
				"west": { "uv": [ 10, 4, 10.5, 5.5 ], "texture": "#texture" },
				"east": { "uv": [ 10, 4, 10.5, 5.5 ], "texture": "#texture" }
			}
		},
		{
			"__comment": "Element",
			"from": [ 5.5, 2.5, 8 ],
			"to": [ 6.5, 13.5, 8.5 ],
			"faces": {
				"down": { "uv": [ 10, 5, 10.5, 4.5 ], "texture": "#texture" },
				"up": { "uv": [ 10, 4, 10.5, 4.5 ], "texture": "#texture" },
				"north": { "uv": [ 10, 4, 10.5, 5 ], "texture": "#texture" },
				"south": { "uv": [ 10, 4, 10.5, 5.5 ], "texture": "#texture" },
				"west": { "uv": [ 10, 4, 10.5, 5.5 ], "texture": "#texture" },
				"east": { "uv": [ 10, 4, 10.5, 5.5 ], "texture": "#texture" }
			}
		},
		{
			"__comment": "Element",
			"from": [ 4.5, 14, 9.5 ],
			"to": [ 5, 14.5, 10 ],
			"faces": {
				"down": { "uv": [ 7, 3.5, 7.5, 3 ], "texture": "#texture" },
				"up": { "uv": [ 7, 3, 7.5, 3.5 ], "texture": "#texture" },
				"north": { "uv": [ 7, 3, 7.5, 3.5 ], "texture": "#texture" },
				"south": { "uv": [ 7, 3, 7.5, 3.5 ], "texture": "#texture" },
				"west": { "uv": [ 7, 3, 7.5, 3.5 ], "texture": "#texture" },
				"east": { "uv": [ 7, 3, 7.5, 3.5 ], "texture": "#texture" }
			}
		},
		{
			"__comment": "Element",
			"from": [ 4.5, 14, 11 ],
			"to": [ 5, 14.5, 11.5 ],
			"faces": {
				"down": { "uv": [ 7, 3.5, 7.5, 3 ], "texture": "#texture" },
				"up": { "uv": [ 7, 3, 7.5, 3.5 ], "texture": "#texture" },
				"north": { "uv": [ 7, 3, 7.5, 3.5 ], "texture": "#texture" },
				"south": { "uv": [ 7, 3, 7.5, 3.5 ], "texture": "#texture" },
				"west": { "uv": [ 7, 3, 7.5, 3.5 ], "texture": "#texture" },
				"east": { "uv": [ 7, 3, 7.5, 3.5 ], "texture": "#texture" }
			}
		},
		{
			"__comment": "Element",
			"from": [ 11, 14, 11 ],
			"to": [ 11.5, 14.5, 11.5 ],
			"faces": {
				"down": { "uv": [ 7, 3.5, 7.5, 3 ], "texture": "#texture" },
				"up": { "uv": [ 7, 3, 7.5, 3.5 ], "texture": "#texture" },
				"north": { "uv": [ 7, 3, 7.5, 3.5 ], "texture": "#texture" },
				"south": { "uv": [ 7, 3, 7.5, 3.5 ], "texture": "#texture" },
				"west": { "uv": [ 7, 3, 7.5, 3.5 ], "texture": "#texture" },
				"east": { "uv": [ 7, 3, 7.5, 3.5 ], "texture": "#texture" }
			}
		},
		{
			"__comment": "Element",
			"from": [ 11, 14, 9.5 ],
			"to": [ 11.5, 14.5, 10 ],
			"faces": {
				"down": { "uv": [ 7, 3.5, 7.5, 3 ], "texture": "#texture" },
				"up": { "uv": [ 7, 3, 7.5, 3.5 ], "texture": "#texture" },
				"north": { "uv": [ 7, 3, 7.5, 3.5 ], "texture": "#texture" },
				"south": { "uv": [ 7, 3, 7.5, 3.5 ], "texture": "#texture" },
				"west": { "uv": [ 7, 3, 7.5, 3.5 ], "texture": "#texture" },
				"east": { "uv": [ 7, 3, 7.5, 3.5 ], "texture": "#texture" }
			}
		},
		{
			"__comment": "Element",
			"from": [ 8.5, 14, 9.5 ],
			"to": [ 9, 14.5, 10 ],
			"faces": {
				"down": { "uv": [ 7, 3.5, 7.5, 3 ], "texture": "#texture" },
				"up": { "uv": [ 7, 3, 7.5, 3.5 ], "texture": "#texture" },
				"north": { "uv": [ 7, 3, 7.5, 3.5 ], "texture": "#texture" },
				"south": { "uv": [ 7, 3, 7.5, 3.5 ], "texture": "#texture" },
				"west": { "uv": [ 7, 3, 7.5, 3.5 ], "texture": "#texture" },
				"east": { "uv": [ 7, 3, 7.5, 3.5 ], "texture": "#texture" }
			}
		},
		{
			"__comment": "Element",
			"from": [ 8.5, 14, 11 ],
			"to": [ 9, 14.5, 11.5 ],
			"faces": {
				"down": { "uv": [ 7, 3.5, 7.5, 3 ], "texture": "#texture" },
				"up": { "uv": [ 7, 3, 7.5, 3.5 ], "texture": "#texture" },
				"north": { "uv": [ 7, 3, 7.5, 3.5 ], "texture": "#texture" },
				"south": { "uv": [ 7, 3, 7.5, 3.5 ], "texture": "#texture" },
				"west": { "uv": [ 7, 3, 7.5, 3.5 ], "texture": "#texture" },
				"east": { "uv": [ 7, 3, 7.5, 3.5 ], "texture": "#texture" }
			}
		},
		{
			"__comment": "Element",
			"from": [ 7, 14, 11 ],
			"to": [ 7.5, 14.5, 11.5 ],
			"faces": {
				"down": { "uv": [ 7, 3.5, 7.5, 3 ], "texture": "#texture" },
				"up": { "uv": [ 7, 3, 7.5, 3.5 ], "texture": "#texture" },
				"north": { "uv": [ 7, 3, 7.5, 3.5 ], "texture": "#texture" },
				"south": { "uv": [ 7, 3, 7.5, 3.5 ], "texture": "#texture" },
				"west": { "uv": [ 7, 3, 7.5, 3.5 ], "texture": "#texture" },
				"east": { "uv": [ 7, 3, 7.5, 3.5 ], "texture": "#texture" }
			}
		},
		{
			"__comment": "Element",
			"from": [ 7, 14, 9.5 ],
			"to": [ 7.5, 14.5, 10 ],
			"faces": {
				"down": { "uv": [ 7, 3.5, 7.5, 3 ], "texture": "#texture" },
				"up": { "uv": [ 7, 3, 7.5, 3.5 ], "texture": "#texture" },
				"north": { "uv": [ 7, 3, 7.5, 3.5 ], "texture": "#texture" },
				"south": { "uv": [ 7, 3, 7.5, 3.5 ], "texture": "#texture" },
				"west": { "uv": [ 7, 3, 7.5, 3.5 ], "texture": "#texture" },
				"east": { "uv": [ 7, 3, 7.5, 3.5 ], "texture": "#texture" }
			}
		},
		{
			"__comment": "Element",
			"from": [ 10.5, 14, 9 ],
			"to": [ 11, 14.5, 9.5 ],
			"faces": {
				"down": { "uv": [ 7, 3.5, 7.5, 3 ], "texture": "#texture" },
				"up": { "uv": [ 7, 3, 7.5, 3.5 ], "texture": "#texture" },
				"north": { "uv": [ 7, 3, 7.5, 3.5 ], "texture": "#texture" },
				"south": { "uv": [ 7, 3, 7.5, 3.5 ], "texture": "#texture" },
				"west": { "uv": [ 7, 3, 7.5, 3.5 ], "texture": "#texture" },
				"east": { "uv": [ 7, 3, 7.5, 3.5 ], "texture": "#texture" }
			}
		},
		{
			"__comment": "Element",
			"from": [ 10.5, 14, 11.5 ],
			"to": [ 11, 14.5, 12 ],
			"faces": {
				"down": { "uv": [ 7, 3.5, 7.5, 3 ], "texture": "#texture" },
				"up": { "uv": [ 7, 3, 7.5, 3.5 ], "texture": "#texture" },
				"north": { "uv": [ 7, 3, 7.5, 3.5 ], "texture": "#texture" },
				"south": { "uv": [ 7, 3, 7.5, 3.5 ], "texture": "#texture" },
				"west": { "uv": [ 7, 3, 7.5, 3.5 ], "texture": "#texture" },
				"east": { "uv": [ 7, 3, 7.5, 3.5 ], "texture": "#texture" }
			}
		},
		{
			"__comment": "Element",
			"from": [ 9, 14, 11.5 ],
			"to": [ 9.5, 14.5, 12 ],
			"faces": {
				"down": { "uv": [ 7, 3.5, 7.5, 3 ], "texture": "#texture" },
				"up": { "uv": [ 7, 3, 7.5, 3.5 ], "texture": "#texture" },
				"north": { "uv": [ 7, 3, 7.5, 3.5 ], "texture": "#texture" },
				"south": { "uv": [ 7, 3, 7.5, 3.5 ], "texture": "#texture" },
				"west": { "uv": [ 7, 3, 7.5, 3.5 ], "texture": "#texture" },
				"east": { "uv": [ 7, 3, 7.5, 3.5 ], "texture": "#texture" }
			}
		},
		{
			"__comment": "Element",
			"from": [ 9, 14, 9 ],
			"to": [ 9.5, 14.5, 9.5 ],
			"faces": {
				"down": { "uv": [ 7, 3.5, 7.5, 3 ], "texture": "#texture" },
				"up": { "uv": [ 7, 3, 7.5, 3.5 ], "texture": "#texture" },
				"north": { "uv": [ 7, 3, 7.5, 3.5 ], "texture": "#texture" },
				"south": { "uv": [ 7, 3, 7.5, 3.5 ], "texture": "#texture" },
				"west": { "uv": [ 7, 3, 7.5, 3.5 ], "texture": "#texture" },
				"east": { "uv": [ 7, 3, 7.5, 3.5 ], "texture": "#texture" }
			}
		},
		{
			"__comment": "Element",
			"from": [ 6.5, 14, 9 ],
			"to": [ 7, 14.5, 9.5 ],
			"faces": {
				"down": { "uv": [ 7, 3.5, 7.5, 3 ], "texture": "#texture" },
				"up": { "uv": [ 7, 3, 7.5, 3.5 ], "texture": "#texture" },
				"north": { "uv": [ 7, 3, 7.5, 3.5 ], "texture": "#texture" },
				"south": { "uv": [ 7, 3, 7.5, 3.5 ], "texture": "#texture" },
				"west": { "uv": [ 7, 3, 7.5, 3.5 ], "texture": "#texture" },
				"east": { "uv": [ 7, 3, 7.5, 3.5 ], "texture": "#texture" }
			}
		},
		{
			"__comment": "Element",
			"from": [ 5, 14, 9 ],
			"to": [ 5.5, 14.5, 9.5 ],
			"faces": {
				"down": { "uv": [ 7, 3.5, 7.5, 3 ], "texture": "#texture" },
				"up": { "uv": [ 7, 3, 7.5, 3.5 ], "texture": "#texture" },
				"north": { "uv": [ 7, 3, 7.5, 3.5 ], "texture": "#texture" },
				"south": { "uv": [ 7, 3, 7.5, 3.5 ], "texture": "#texture" },
				"west": { "uv": [ 7, 3, 7.5, 3.5 ], "texture": "#texture" },
				"east": { "uv": [ 7, 3, 7.5, 3.5 ], "texture": "#texture" }
			}
		},
		{
			"__comment": "Element",
			"from": [ 5, 14, 11.5 ],
			"to": [ 5.5, 14.5, 12 ],
			"faces": {
				"down": { "uv": [ 7, 3.5, 7.5, 3 ], "texture": "#texture" },
				"up": { "uv": [ 7, 3, 7.5, 3.5 ], "texture": "#texture" },
				"north": { "uv": [ 7, 3, 7.5, 3.5 ], "texture": "#texture" },
				"south": { "uv": [ 7, 3, 7.5, 3.5 ], "texture": "#texture" },
				"west": { "uv": [ 7, 3, 7.5, 3.5 ], "texture": "#texture" },
				"east": { "uv": [ 7, 3, 7.5, 3.5 ], "texture": "#texture" }
			}
		},
		{
			"__comment": "Element",
			"from": [ 6.5, 14, 11.5 ],
			"to": [ 7, 14.5, 12 ],
			"faces": {
				"down": { "uv": [ 7, 3.5, 7.5, 3 ], "texture": "#texture" },
				"up": { "uv": [ 7, 3, 7.5, 3.5 ], "texture": "#texture" },
				"north": { "uv": [ 7, 3, 7.5, 3.5 ], "texture": "#texture" },
				"south": { "uv": [ 7, 3, 7.5, 3.5 ], "texture": "#texture" },
				"west": { "uv": [ 7, 3, 7.5, 3.5 ], "texture": "#texture" },
				"east": { "uv": [ 7, 3, 7.5, 3.5 ], "texture": "#texture" }
			}
		},
		{
			"__comment": "Element",
			"from": [ 9, 14, 9.5 ],
			"to": [ 11, 15, 11.5 ],
			"faces": {
				"down": { "uv": [ 5, 3, 7, 2.5 ], "texture": "#texture" },
				"up": { "uv": [ 5, 2.5, 7, 3 ], "texture": "#texture" },
				"north": { "uv": [ 5.5, 2, 7, 3 ], "texture": "#texture" },
				"south": { "uv": [ 5.5, 2, 7, 3 ], "texture": "#texture" },
				"west": { "uv": [ 5.5, 2, 7, 3 ], "texture": "#texture" },
				"east": { "uv": [ 5.5, 2, 7, 3 ], "texture": "#texture" }
			}
		},
		{
			"__comment": "Element",
			"from": [ 5, 14, 9.5 ],
			"to": [ 7, 15, 11.5 ],
			"faces": {
				"down": { "uv": [ 5, 3, 7, 2.5 ], "texture": "#texture" },
				"up": { "uv": [ 5, 2.5, 7, 3 ], "texture": "#texture" },
				"north": { "uv": [ 5.5, 2, 7, 3 ], "texture": "#texture" },
				"south": { "uv": [ 5.5, 2, 7, 3 ], "texture": "#texture" },
				"west": { "uv": [ 5.5, 2, 7, 3 ], "texture": "#texture" },
				"east": { "uv": [ 5.5, 2, 7, 3 ], "texture": "#texture" }
			}
		},
		{
			"__comment": "Element",
			"from": [ 9, 10, 12.5 ],
			"to": [ 9.5, 11, 13 ],
			"faces": {
				"down": { "uv": [ 6.5, 5.5, 7, 5 ], "texture": "#texture" },
				"up": { "uv": [ 6.5, 5, 7, 5.5 ], "texture": "#texture" },
				"north": { "uv": [ 9, 5, 9.5, 6 ], "texture": "#texture" },
				"south": { "uv": [ 6.5, 5, 7, 6 ], "texture": "#texture" },
				"west": { "uv": [ 6.5, 5, 7, 6 ], "texture": "#texture" },
				"east": { "uv": [ 6.5, 5, 7, 6 ], "texture": "#texture" }
			}
		},
		{
			"__comment": "Element",
			"from": [ 9, 8.5, 12.5 ],
			"to": [ 9.5, 9.5, 13 ],
			"faces": {
				"down": { "uv": [ 6.5, 5.5, 7, 5 ], "texture": "#texture" },
				"up": { "uv": [ 6.5, 5, 7, 5.5 ], "texture": "#texture" },
				"north": { "uv": [ 9, 5, 9.5, 6 ], "texture": "#texture" },
				"south": { "uv": [ 6.5, 5, 7, 6 ], "texture": "#texture" },
				"west": { "uv": [ 6.5, 5, 7, 6 ], "texture": "#texture" },
				"east": { "uv": [ 6.5, 5, 7, 6 ], "texture": "#texture" }
			}
		},
		{
			"__comment": "Element",
			"from": [ 6.5, 8.5, 12.5 ],
			"to": [ 7, 9.5, 13 ],
			"faces": {
				"down": { "uv": [ 6.5, 5.5, 7, 5 ], "texture": "#texture" },
				"up": { "uv": [ 6.5, 5, 7, 5.5 ], "texture": "#texture" },
				"north": { "uv": [ 9, 5, 9.5, 6 ], "texture": "#texture" },
				"south": { "uv": [ 6.5, 5, 7, 6 ], "texture": "#texture" },
				"west": { "uv": [ 6.5, 5, 7, 6 ], "texture": "#texture" },
				"east": { "uv": [ 6.5, 5, 7, 6 ], "texture": "#texture" }
			}
		},
		{
			"__comment": "Element",
			"from": [ 6.5, 10, 12.5 ],
			"to": [ 7, 11, 13 ],
			"faces": {
				"down": { "uv": [ 6.5, 5.5, 7, 5 ], "texture": "#texture" },
				"up": { "uv": [ 6.5, 5, 7, 5.5 ], "texture": "#texture" },
				"north": { "uv": [ 9, 5, 9.5, 6 ], "texture": "#texture" },
				"south": { "uv": [ 6.5, 5, 7, 6 ], "texture": "#texture" },
				"west": { "uv": [ 6.5, 5, 7, 6 ], "texture": "#texture" },
				"east": { "uv": [ 6.5, 5, 7, 6 ], "texture": "#texture" }
			}
		},
		{
			"__comment": "Element",
			"from": [ 7, 8, 11.5 ],
			"to": [ 9, 11.5, 13 ],
			"faces": {
				"down": { "uv": [ 7, 8.5, 7.5, 8 ], "texture": "#texture" },
				"up": { "uv": [ 7, 7.5, 7.5, 8 ], "texture": "#texture" },
				"north": { "uv": [ 7, 4.5, 9, 8 ], "texture": "#texture" },
				"south": { "uv": [ 7, 4.5, 9, 8 ], "texture": "#texture" },
				"west": { "uv": [ 7, 4.5, 7.5, 8 ], "texture": "#texture" },
				"east": { "uv": [ 7, 4.5, 7.5, 8 ], "texture": "#texture" }
			}
		},
		{
			"__comment": "Element",
			"from": [ 7, 2, 9 ],
			"to": [ 7.5, 14, 9.5 ],
			"faces": {
				"down": { "uv": [ 4.5, 14, 5, 13.5 ], "texture": "#texture" },
				"up": { "uv": [ 4.5, 2, 5, 2.5 ], "texture": "#texture" },
				"north": { "uv": [ 4.5, 2, 5, 14 ], "texture": "#texture" },
				"south": { "uv": [ 4.5, 2, 5, 14 ], "texture": "#texture" },
				"west": { "uv": [ 4.5, 2, 5, 14 ], "texture": "#texture" },
				"east": { "uv": [ 4.5, 2, 5, 14 ], "texture": "#texture" }
			}
		},
		{
			"__comment": "Element",
			"from": [ 8.5, 2, 9 ],
			"to": [ 9, 14, 9.5 ],
			"faces": {
				"down": { "uv": [ 4.5, 14, 5, 13.5 ], "texture": "#texture" },
				"up": { "uv": [ 4.5, 2, 5, 2.5 ], "texture": "#texture" },
				"north": { "uv": [ 4.5, 2, 5, 14 ], "texture": "#texture" },
				"south": { "uv": [ 4.5, 2, 5, 14 ], "texture": "#texture" },
				"west": { "uv": [ 4.5, 2, 5, 14 ], "texture": "#texture" },
				"east": { "uv": [ 4.5, 2, 5, 14 ], "texture": "#texture" }
			}
		},
		{
			"__comment": "Element",
			"from": [ 4.5, 2, 9 ],
			"to": [ 5, 14, 9.5 ],
			"faces": {
				"down": { "uv": [ 4.5, 14, 5, 13.5 ], "texture": "#texture" },
				"up": { "uv": [ 4.5, 2, 5, 2.5 ], "texture": "#texture" },
				"north": { "uv": [ 4.5, 2, 5, 14 ], "texture": "#texture" },
				"south": { "uv": [ 4.5, 2, 5, 14 ], "texture": "#texture" },
				"west": { "uv": [ 4.5, 2, 5, 14 ], "texture": "#texture" },
				"east": { "uv": [ 4.5, 2, 5, 14 ], "texture": "#texture" }
			}
		},
		{
			"__comment": "Element",
			"from": [ 11, 2, 9 ],
			"to": [ 11.5, 14, 9.5 ],
			"faces": {
				"down": { "uv": [ 4.5, 14, 5, 13.5 ], "texture": "#texture" },
				"up": { "uv": [ 4.5, 2, 5, 2.5 ], "texture": "#texture" },
				"north": { "uv": [ 4.5, 2, 5, 14 ], "texture": "#texture" },
				"south": { "uv": [ 4.5, 2, 5, 14 ], "texture": "#texture" },
				"west": { "uv": [ 4.5, 2, 5, 14 ], "texture": "#texture" },
				"east": { "uv": [ 4.5, 2, 5, 14 ], "texture": "#texture" }
			}
		},
		{
			"__comment": "Element",
			"from": [ 9, 2, 8.5 ],
			"to": [ 11, 14, 9.5 ],
			"faces": {
				"down": { "uv": [ 5.5, 2.5, 7, 2 ], "texture": "#texture" },
				"up": { "uv": [ 5, 2.5, 7, 3 ], "texture": "#texture" },
				"north": { "uv": [ 10.5, 2, 11, 14 ], "texture": "#texture" },
				"south": { "uv": [ 10.5, 2, 11, 14 ], "texture": "#texture" },
				"west": { "uv": [ 10.5, 2, 11, 14 ], "texture": "#texture" },
				"east": { "uv": [ 10.5, 2, 11, 14 ], "texture": "#texture" }
			}
		},
		{
			"__comment": "Element",
			"from": [ 5, 2, 8.5 ],
			"to": [ 7, 14, 9.5 ],
			"faces": {
				"down": { "uv": [ 5.5, 2.5, 7, 2 ], "texture": "#texture" },
				"up": { "uv": [ 5, 2.5, 7, 3 ], "texture": "#texture" },
				"north": { "uv": [ 10.5, 2, 11, 14 ], "texture": "#texture" },
				"south": { "uv": [ 10.5, 2, 11, 14 ], "texture": "#texture" },
				"west": { "uv": [ 10.5, 2, 11, 14 ], "texture": "#texture" },
				"east": { "uv": [ 10.5, 2, 11, 14 ], "texture": "#texture" }
			}
		},
		{
			"__comment": "Element",
			"from": [ 11, 2, 9.5 ],
			"to": [ 12, 14, 11.5 ],
			"faces": {
				"down": { "uv": [ 5.5, 2.5, 7, 2 ], "texture": "#texture" },
				"up": { "uv": [ 5, 2.5, 7, 3 ], "texture": "#texture" },
				"north": { "uv": [ 10.5, 2, 11, 14 ], "texture": "#texture" },
				"south": { "uv": [ 10.5, 2, 11, 14 ], "texture": "#texture" },
				"west": { "uv": [ 10.5, 2, 11, 14 ], "texture": "#texture" },
				"east": { "uv": [ 10.5, 2, 11, 14 ], "texture": "#texture" }
			}
		},
		{
			"__comment": "Element",
			"from": [ 7, 2, 9.5 ],
			"to": [ 9, 14, 11.5 ],
			"faces": {
				"down": { "uv": [ 5.5, 2.5, 7, 2 ], "texture": "#texture" },
				"up": { "uv": [ 5, 2.5, 7, 3 ], "texture": "#texture" },
				"north": { "uv": [ 10.5, 2, 11, 14 ], "texture": "#texture" },
				"south": { "uv": [ 10.5, 2, 11, 14 ], "texture": "#texture" },
				"west": { "uv": [ 10.5, 2, 11, 14 ], "texture": "#texture" },
				"east": { "uv": [ 10.5, 2, 11, 14 ], "texture": "#texture" }
			}
		},
		{
			"__comment": "Element",
			"from": [ 4, 2, 9.5 ],
			"to": [ 5, 14, 11.5 ],
			"faces": {
				"down": { "uv": [ 5.5, 2.5, 7, 2 ], "texture": "#texture" },
				"up": { "uv": [ 5, 2.5, 7, 3 ], "texture": "#texture" },
				"north": { "uv": [ 10.5, 2, 11, 14 ], "texture": "#texture" },
				"south": { "uv": [ 10.5, 2, 11, 14 ], "texture": "#texture" },
				"west": { "uv": [ 10.5, 2, 11, 14 ], "texture": "#texture" },
				"east": { "uv": [ 10.5, 2, 11, 14 ], "texture": "#texture" }
			}
		},
		{
			"__comment": "Element",
			"from": [ 4.5, 2, 11.5 ],
			"to": [ 5, 14, 12 ],
			"faces": {
				"down": { "uv": [ 4.5, 14, 5, 13.5 ], "texture": "#texture" },
				"up": { "uv": [ 4.5, 2, 5, 2.5 ], "texture": "#texture" },
				"north": { "uv": [ 4.5, 2, 5, 14 ], "texture": "#texture" },
				"south": { "uv": [ 4.5, 2, 5, 14 ], "texture": "#texture" },
				"west": { "uv": [ 4.5, 2, 5, 14 ], "texture": "#texture" },
				"east": { "uv": [ 4.5, 2, 5, 14 ], "texture": "#texture" }
			}
		},
		{
			"__comment": "Element",
			"from": [ 11, 2, 11.5 ],
			"to": [ 11.5, 14, 12 ],
			"faces": {
				"down": { "uv": [ 4.5, 14, 5, 13.5 ], "texture": "#texture" },
				"up": { "uv": [ 4.5, 2, 5, 2.5 ], "texture": "#texture" },
				"north": { "uv": [ 4.5, 2, 5, 14 ], "texture": "#texture" },
				"south": { "uv": [ 4.5, 2, 5, 14 ], "texture": "#texture" },
				"west": { "uv": [ 4.5, 2, 5, 14 ], "texture": "#texture" },
				"east": { "uv": [ 4.5, 2, 5, 14 ], "texture": "#texture" }
			}
		},
		{
			"__comment": "Element",
			"from": [ 8.5, 2, 11.5 ],
			"to": [ 9, 14, 12 ],
			"faces": {
				"down": { "uv": [ 7, 14, 7.5, 13.5 ], "texture": "#texture" },
				"up": { "uv": [ 7, 2, 7.5, 2.5 ], "texture": "#texture" },
				"north": { "uv": [ 7, 2, 7.5, 14 ], "texture": "#texture" },
				"south": { "uv": [ 7, 2, 7.5, 14 ], "texture": "#texture" },
				"west": { "uv": [ 7, 2, 7.5, 14 ], "texture": "#texture" },
				"east": { "uv": [ 7, 2, 7.5, 14 ], "texture": "#texture" }
			}
		},
		{
			"__comment": "Element",
			"from": [ 7, 2, 11.5 ],
			"to": [ 7.5, 14, 12 ],
			"faces": {
				"down": { "uv": [ 7, 14, 7.5, 13.5 ], "texture": "#texture" },
				"up": { "uv": [ 7, 2, 7.5, 2.5 ], "texture": "#texture" },
				"north": { "uv": [ 7, 2, 7.5, 14 ], "texture": "#texture" },
				"south": { "uv": [ 7, 2, 7.5, 14 ], "texture": "#texture" },
				"west": { "uv": [ 7, 2, 7.5, 14 ], "texture": "#texture" },
				"east": { "uv": [ 7, 2, 7.5, 14 ], "texture": "#texture" }
			}
		},
		{
			"__comment": "Element",
			"from": [ 9, 2, 11.5 ],
			"to": [ 11, 14, 12.5 ],
			"faces": {
				"down": { "uv": [ 9, 3, 11, 2.5 ], "texture": "#texture" },
				"up": { "uv": [ 9, 2.5, 11, 3 ], "texture": "#texture" },
				"north": { "uv": [ 5, 2, 7, 14 ], "texture": "#texture" },
				"south": { "uv": [ 9, 2, 11, 14 ], "texture": "#texture" },
				"west": { "uv": [ 6.5, 2, 7, 14 ], "texture": "#texture" },
				"east": { "uv": [ 10.5, 2, 11, 14 ], "texture": "#texture" }
			}
		},
		{
			"__comment": "Element",
			"from": [ 5, 2, 11.5 ],
			"to": [ 7, 14, 12.5 ],
			"faces": {
				"down": { "uv": [ 5, 3, 7, 2.5 ], "texture": "#texture" },
				"up": { "uv": [ 9, 2.5, 11, 3 ], "texture": "#texture" },
				"north": { "uv": [ 9, 2, 11, 14 ], "texture": "#texture" },
				"south": { "uv": [ 5, 2, 7, 14 ], "texture": "#texture" },
				"west": { "uv": [ 10.5, 2, 11, 14 ], "texture": "#texture" },
				"east": { "uv": [ 6.5, 2, 7, 14 ], "texture": "#texture" }
			}
		}
	],
	"display": {
		"thirdperson_righthand": {
			"rotation":  [ 89, 0, 0 ],
			"translation":  [ -6.26, -3.131, 6.1043 ]
		},
		"thirdperson_lefthand": {
			"rotation":  [ 89, 0, 0 ],
			"translation":  [ -6.26, -3.131, 6.1043 ]
		},
		"firstperson_righthand": {
			"rotation":  [ 9, -41, 0 ],
			"translation":  [ 19.78, 0, -3.59 ],
			"scale":  [ 1.2, 1.2, 1.2 ]
		},
		"firstperson_lefthand": {
			"rotation":  [ 9, -41, 0 ],
			"translation":  [ 22.562, 0, -3.59 ],
			"scale":  [ 1.2, 1.2, 1.2 ]
		},
		"gui": {
			"rotation":  [ 30, 45, 0 ],
			"translation":  [ -0.821, 0.38, 0 ],
			"scale":  [ 0.9, 0.9, 0.9 ]
		},
		"ground": {
			"translation":  [ 0, 1, 0 ]
		},
		"fixed": {
			"rotation":  [ 0, 180, 0 ],
			"translation":  [ 0, 0, 2 ],
			"scale":  [ 1.2, 1.2, 1.2 ]
		}
	}
}