{
	"credit": "Made with Blockbench",
	"textures": {
		"0": "entity/amethyst_shield2",
		"particle": "entity/amethyst_shield2"
	},
	"elements": [
		{
			"from": [2, 2.5, 8.5],
			"to": [3, 4, 9.5],
			"faces": {
				"north": {"uv": [12.5, 8, 13.5, 10], "texture": "#0"},
				"east": {"uv": [12.5, 8, 13.5, 10], "texture": "#0"},
				"south": {"uv": [12.5, 8, 13.5, 10], "texture": "#0"},
				"west": {"uv": [12.5, 8, 13.5, 10], "texture": "#0"},
				"up": {"uv": [12.5, 8, 13.5, 10], "texture": "#0"},
				"down": {"uv": [12.5, 8, 13.5, 10], "texture": "#0"}
			}
		},
		{
			"from": [0.5, 6, 8.5],
			"to": [1.7, 9.5, 9.5],
			"faces": {
				"north": {"uv": [12.5, 8, 13.5, 10], "texture": "#0"},
				"east": {"uv": [12.5, 8, 13.5, 10], "texture": "#0"},
				"south": {"uv": [12.5, 8, 13.5, 10], "texture": "#0"},
				"west": {"uv": [12.5, 8, 13.5, 10], "texture": "#0"},
				"up": {"uv": [12.5, 8, 13.5, 10], "texture": "#0"},
				"down": {"uv": [12.5, 8, 13.5, 10], "texture": "#0"}
			}
		},
		{
			"from": [1, 9.5, 8.5],
			"to": [2, 11.5, 9.5],
			"faces": {
				"north": {"uv": [12.5, 8, 13.5, 10], "texture": "#0"},
				"east": {"uv": [12.5, 8, 13.5, 10], "texture": "#0"},
				"south": {"uv": [12.5, 6, 13.5, 10], "texture": "#0"},
				"west": {"uv": [12.5, 8, 13.5, 10], "texture": "#0"},
				"up": {"uv": [12.5, 8, 13.5, 10], "texture": "#0"},
				"down": {"uv": [12.5, 8, 13.5, 10], "texture": "#0"}
			}
		},
		{
			"from": [1, 5, 8.5],
			"to": [2, 6, 9.5],
			"faces": {
				"north": {"uv": [12.5, 8, 13.5, 10], "texture": "#0"},
				"east": {"uv": [12.5, 8, 13.5, 10], "texture": "#0"},
				"south": {"uv": [12.5, 8, 13.5, 10], "texture": "#0"},
				"west": {"uv": [12.5, 8, 13.5, 10], "texture": "#0"},
				"up": {"uv": [12.5, 8, 13.5, 10], "texture": "#0"},
				"down": {"uv": [12.5, 8, 13.5, 10], "texture": "#0"}
			}
		},
		{
			"from": [1.5, 10.5, 8.5],
			"to": [2.5, 12, 9.5],
			"faces": {
				"north": {"uv": [12.5, 8, 13.5, 10], "texture": "#0"},
				"east": {"uv": [12.5, 8, 13.5, 10], "texture": "#0"},
				"south": {"uv": [12.5, 8, 13.5, 10], "texture": "#0"},
				"west": {"uv": [12.5, 8, 13.5, 10], "texture": "#0"},
				"up": {"uv": [12.5, 8, 13.5, 10], "texture": "#0"},
				"down": {"uv": [12.5, 8, 13.5, 10], "texture": "#0"}
			}
		},
		{
			"from": [1.5, 4, 8.5],
			"to": [2.5, 5, 9.5],
			"faces": {
				"north": {"uv": [12.5, 8, 13.5, 10], "texture": "#0"},
				"east": {"uv": [12.5, 8, 13.5, 10], "texture": "#0"},
				"south": {"uv": [12.5, 8, 13.5, 10], "texture": "#0"},
				"west": {"uv": [12.5, 8, 13.5, 10], "texture": "#0"},
				"up": {"uv": [12.5, 8, 13.5, 10], "texture": "#0"},
				"down": {"uv": [12.5, 8, 13.5, 10], "texture": "#0"}
			}
		},
		{
			"from": [2, 12, 8.5],
			"to": [3, 13, 9.5],
			"faces": {
				"north": {"uv": [12.5, 8, 13.5, 10], "texture": "#0"},
				"east": {"uv": [12.5, 8, 13.5, 10], "texture": "#0"},
				"south": {"uv": [12.5, 8, 13.5, 10], "texture": "#0"},
				"west": {"uv": [12.5, 8, 13.5, 10], "texture": "#0"},
				"up": {"uv": [12.5, 8, 13.5, 10], "texture": "#0"},
				"down": {"uv": [12.5, 8, 13.5, 10], "texture": "#0"}
			}
		},
		{
			"from": [2.5, 13, 8.5],
			"to": [4, 13.5, 9.5],
			"faces": {
				"north": {"uv": [12.5, 8, 13.5, 10], "texture": "#0"},
				"east": {"uv": [12.5, 8, 13.5, 10], "texture": "#0"},
				"south": {"uv": [12.5, 8, 13.5, 10], "texture": "#0"},
				"west": {"uv": [12.5, 8, 13.5, 10], "texture": "#0"},
				"up": {"uv": [12.5, 8, 13.5, 10], "texture": "#0"},
				"down": {"uv": [12.5, 8, 13.5, 10], "texture": "#0"}
			}
		},
		{
			"from": [2.5, 2, 8.5],
			"to": [4, 2.5, 9.5],
			"faces": {
				"north": {"uv": [12.5, 8, 13.5, 10], "texture": "#0"},
				"east": {"uv": [12.5, 8, 13.5, 10], "texture": "#0"},
				"south": {"uv": [12.5, 8, 13.5, 10], "texture": "#0"},
				"west": {"uv": [12.5, 8, 13.5, 10], "texture": "#0"},
				"up": {"uv": [12.5, 8, 13.5, 10], "texture": "#0"},
				"down": {"uv": [12.5, 8, 13.5, 10], "texture": "#0"}
			}
		},
		{
			"from": [3, 13.5, 8.5],
			"to": [5.5, 14, 9.5],
			"faces": {
				"north": {"uv": [12.5, 8, 13.5, 10], "texture": "#0"},
				"east": {"uv": [12.5, 8, 13.5, 10], "texture": "#0"},
				"south": {"uv": [12.5, 8, 13.5, 10], "texture": "#0"},
				"west": {"uv": [12.5, 8, 13.5, 10], "texture": "#0"},
				"up": {"uv": [12.5, 8, 13.5, 10], "texture": "#0"},
				"down": {"uv": [12.5, 8, 13.5, 10], "texture": "#0"}
			}
		},
		{
			"from": [3, 1.5, 8.5],
			"to": [5.5, 2, 9.5],
			"faces": {
				"north": {"uv": [12.5, 8, 13.5, 10], "texture": "#0"},
				"east": {"uv": [12.5, 8, 13.5, 10], "texture": "#0"},
				"south": {"uv": [12.5, 8, 13.5, 10], "texture": "#0"},
				"west": {"uv": [12.5, 8, 13.5, 10], "texture": "#0"},
				"up": {"uv": [12.5, 8, 13.5, 10], "texture": "#0"},
				"down": {"uv": [12.5, 8, 13.5, 10], "texture": "#0"}
			}
		},
		{
			"from": [4, 14, 8.5],
			"to": [6.5, 14.5, 9.5],
			"faces": {
				"north": {"uv": [12.5, 8, 13.5, 10], "texture": "#0"},
				"east": {"uv": [12.5, 8, 13.5, 10], "texture": "#0"},
				"south": {"uv": [12.5, 8, 13.5, 10], "texture": "#0"},
				"west": {"uv": [12.5, 8, 13.5, 10], "texture": "#0"},
				"up": {"uv": [12.5, 8, 13.5, 10], "texture": "#0"},
				"down": {"uv": [12.5, 8, 13.5, 10], "texture": "#0"}
			}
		},
		{
			"from": [4, 1, 8.5],
			"to": [6.5, 1.5, 9.5],
			"faces": {
				"north": {"uv": [12.5, 8, 13.5, 10], "texture": "#0"},
				"east": {"uv": [12.5, 8, 13.5, 10], "texture": "#0"},
				"south": {"uv": [12.5, 8, 13.5, 10], "texture": "#0"},
				"west": {"uv": [12.5, 8, 13.5, 10], "texture": "#0"},
				"up": {"uv": [12.5, 8, 13.5, 10], "texture": "#0"},
				"down": {"uv": [12.5, 8, 13.5, 10], "texture": "#0"}
			}
		},
		{
			"from": [5.5, 14.3, 8.5],
			"to": [11, 15, 9.5],
			"faces": {
				"north": {"uv": [12.5, 8, 13.5, 10], "texture": "#0"},
				"east": {"uv": [12.5, 8, 13.5, 10], "texture": "#0"},
				"south": {"uv": [12.5, 8, 13.5, 10], "texture": "#0"},
				"west": {"uv": [12.5, 8, 13.5, 10], "texture": "#0"},
				"up": {"uv": [12.5, 8, 13.5, 10], "texture": "#0"},
				"down": {"uv": [12.5, 8, 13.5, 10], "texture": "#0"}
			}
		},
		{
			"from": [5.5, 0.5, 8.5],
			"to": [11, 1.2, 9.5],
			"faces": {
				"north": {"uv": [12.5, 8, 13.5, 10], "texture": "#0"},
				"east": {"uv": [12.5, 8, 13.5, 10], "texture": "#0"},
				"south": {"uv": [12.5, 8, 13.5, 10], "texture": "#0"},
				"west": {"uv": [12.5, 8, 13.5, 10], "texture": "#0"},
				"up": {"uv": [12.5, 8, 13.5, 10], "texture": "#0"},
				"down": {"uv": [12.5, 8, 13.5, 10], "texture": "#0"}
			}
		},
		{
			"from": [6.5, 15, 8.5],
			"to": [10, 15.5, 9.5],
			"faces": {
				"north": {"uv": [12.5, 8, 13.5, 10], "texture": "#0"},
				"east": {"uv": [12.5, 8, 13.5, 10], "texture": "#0"},
				"south": {"uv": [12.5, 8, 13.5, 10], "texture": "#0"},
				"west": {"uv": [12.5, 8, 13.5, 10], "texture": "#0"},
				"up": {"uv": [12.5, 8, 13.5, 10], "texture": "#0"},
				"down": {"uv": [12.5, 8, 13.5, 10], "texture": "#0"}
			}
		},
		{
			"from": [6.5, 0, 8.5],
			"to": [10, 0.5, 9.5],
			"faces": {
				"north": {"uv": [12.5, 8, 13.5, 10], "texture": "#0"},
				"east": {"uv": [12.5, 8, 13.5, 10], "texture": "#0"},
				"south": {"uv": [12.5, 8, 13.5, 10], "texture": "#0"},
				"west": {"uv": [12.5, 8, 13.5, 10], "texture": "#0"},
				"up": {"uv": [12.5, 8, 13.5, 10], "texture": "#0"},
				"down": {"uv": [12.5, 8, 13.5, 10], "texture": "#0"}
			}
		},
		{
			"from": [10, 14, 8.5],
			"to": [12, 14.5, 9.5],
			"faces": {
				"north": {"uv": [12.5, 8, 13.5, 10], "texture": "#0"},
				"east": {"uv": [12.5, 8, 13.5, 10], "texture": "#0"},
				"south": {"uv": [12.5, 8, 13.5, 10], "texture": "#0"},
				"west": {"uv": [12.5, 8, 13.5, 10], "texture": "#0"},
				"up": {"uv": [12.5, 8, 13.5, 10], "texture": "#0"},
				"down": {"uv": [12.5, 8, 13.5, 10], "texture": "#0"}
			}
		},
		{
			"from": [10, 1, 8.5],
			"to": [12, 1.5, 9.5],
			"faces": {
				"north": {"uv": [12.5, 8, 13.5, 10], "texture": "#0"},
				"east": {"uv": [12.5, 8, 13.5, 10], "texture": "#0"},
				"south": {"uv": [12.5, 8, 13.5, 10], "texture": "#0"},
				"west": {"uv": [12.5, 8, 13.5, 10], "texture": "#0"},
				"up": {"uv": [12.5, 8, 13.5, 10], "texture": "#0"},
				"down": {"uv": [12.5, 8, 13.5, 10], "texture": "#0"}
			}
		},
		{
			"from": [11, 13.5, 8.5],
			"to": [13.5, 14, 9.5],
			"faces": {
				"north": {"uv": [12.5, 8, 13.5, 10], "texture": "#0"},
				"east": {"uv": [12.5, 8, 13.5, 10], "texture": "#0"},
				"south": {"uv": [12.5, 8, 13.5, 10], "texture": "#0"},
				"west": {"uv": [12.5, 8, 13.5, 10], "texture": "#0"},
				"up": {"uv": [12.5, 8, 13.5, 10], "texture": "#0"},
				"down": {"uv": [12.5, 8, 13.5, 10], "texture": "#0"}
			}
		},
		{
			"from": [11, 1.5, 8.5],
			"to": [13.5, 2, 9.5],
			"faces": {
				"north": {"uv": [12.5, 8, 13.5, 10], "texture": "#0"},
				"east": {"uv": [12.5, 8, 13.5, 10], "texture": "#0"},
				"south": {"uv": [12.5, 8, 13.5, 10], "texture": "#0"},
				"west": {"uv": [12.5, 8, 13.5, 10], "texture": "#0"},
				"up": {"uv": [12.5, 8, 13.5, 10], "texture": "#0"},
				"down": {"uv": [12.5, 8, 13.5, 10], "texture": "#0"}
			}
		},
		{
			"from": [12, 13, 8.5],
			"to": [14, 13.5, 9.5],
			"faces": {
				"north": {"uv": [12.5, 8, 13.5, 10], "texture": "#0"},
				"east": {"uv": [12.5, 8, 13.5, 10], "texture": "#0"},
				"south": {"uv": [12.5, 8, 13.5, 10], "texture": "#0"},
				"west": {"uv": [12.5, 8, 13.5, 10], "texture": "#0"},
				"up": {"uv": [12.5, 8, 13.5, 10], "texture": "#0"},
				"down": {"uv": [12.5, 8, 13.5, 10], "texture": "#0"}
			}
		},
		{
			"from": [12, 2, 8.5],
			"to": [14, 2.5, 9.5],
			"faces": {
				"north": {"uv": [12.5, 8, 13.5, 10], "texture": "#0"},
				"east": {"uv": [12.5, 8, 13.5, 10], "texture": "#0"},
				"south": {"uv": [12.5, 8, 13.5, 10], "texture": "#0"},
				"west": {"uv": [12.5, 8, 13.5, 10], "texture": "#0"},
				"up": {"uv": [12.5, 8, 13.5, 10], "texture": "#0"},
				"down": {"uv": [12.5, 8, 13.5, 10], "texture": "#0"}
			}
		},
		{
			"from": [13.5, 12, 8.5],
			"to": [14.5, 13, 9.5],
			"faces": {
				"north": {"uv": [12.5, 8, 13.5, 10], "texture": "#0"},
				"east": {"uv": [12.5, 8, 13.5, 10], "texture": "#0"},
				"south": {"uv": [12.5, 8, 13.5, 10], "texture": "#0"},
				"west": {"uv": [12.5, 8, 13.5, 10], "texture": "#0"},
				"up": {"uv": [12.5, 8, 13.5, 10], "texture": "#0"},
				"down": {"uv": [12.5, 8, 13.5, 10], "texture": "#0"}
			}
		},
		{
			"from": [13.5, 2.5, 8.5],
			"to": [14.5, 4, 9.5],
			"faces": {
				"north": {"uv": [12.5, 8, 13.5, 10], "texture": "#0"},
				"east": {"uv": [12.5, 8, 13.5, 10], "texture": "#0"},
				"south": {"uv": [12.5, 8, 13.5, 10], "texture": "#0"},
				"west": {"uv": [12.5, 8, 13.5, 10], "texture": "#0"},
				"up": {"uv": [12.5, 8, 13.5, 10], "texture": "#0"},
				"down": {"uv": [12.5, 8, 13.5, 10], "texture": "#0"}
			}
		},
		{
			"from": [14, 10.5, 8.5],
			"to": [15, 12, 9.5],
			"faces": {
				"north": {"uv": [12.5, 8, 13.5, 10], "texture": "#0"},
				"east": {"uv": [12.5, 8, 13.5, 10], "texture": "#0"},
				"south": {"uv": [12.5, 8, 13.5, 10], "texture": "#0"},
				"west": {"uv": [12.5, 8, 13.5, 10], "texture": "#0"},
				"up": {"uv": [12.5, 8, 13.5, 10], "texture": "#0"},
				"down": {"uv": [12.5, 8, 13.5, 10], "texture": "#0"}
			}
		},
		{
			"from": [14, 4, 8.5],
			"to": [15, 5, 9.5],
			"faces": {
				"north": {"uv": [12.5, 8, 13.5, 10], "texture": "#0"},
				"east": {"uv": [12.5, 8, 13.5, 10], "texture": "#0"},
				"south": {"uv": [12.5, 8, 13.5, 10], "texture": "#0"},
				"west": {"uv": [12.5, 8, 13.5, 10], "texture": "#0"},
				"up": {"uv": [12.5, 8, 13.5, 10], "texture": "#0"},
				"down": {"uv": [12.5, 8, 13.5, 10], "texture": "#0"}
			}
		},
		{
			"from": [14.5, 9.5, 8.5],
			"to": [15.5, 11.5, 9.5],
			"faces": {
				"north": {"uv": [12.5, 8, 13.5, 10], "texture": "#0"},
				"east": {"uv": [12.5, 8, 13.5, 10], "texture": "#0"},
				"south": {"uv": [12.5, 6, 13.5, 10], "texture": "#0"},
				"west": {"uv": [12.5, 8, 13.5, 10], "texture": "#0"},
				"up": {"uv": [12.5, 8, 13.5, 10], "texture": "#0"},
				"down": {"uv": [12.5, 8, 13.5, 10], "texture": "#0"}
			}
		},
		{
			"from": [14.5, 5, 8.5],
			"to": [15.5, 6, 9.5],
			"faces": {
				"north": {"uv": [12.5, 8, 13.5, 10], "texture": "#0"},
				"east": {"uv": [12.5, 8, 13.5, 10], "texture": "#0"},
				"south": {"uv": [12.5, 8, 13.5, 10], "texture": "#0"},
				"west": {"uv": [12.5, 8, 13.5, 10], "texture": "#0"},
				"up": {"uv": [12.5, 8, 13.5, 10], "texture": "#0"},
				"down": {"uv": [12.5, 8, 13.5, 10], "texture": "#0"}
			}
		},
		{
			"from": [14.8, 6, 8.5],
			"to": [16, 9.5, 9.5],
			"faces": {
				"north": {"uv": [12.5, 8, 13.5, 10], "texture": "#0"},
				"east": {"uv": [12.5, 8, 13.5, 10], "texture": "#0"},
				"south": {"uv": [12.5, 8, 13.5, 10], "texture": "#0"},
				"west": {"uv": [12.5, 8, 13.5, 10], "texture": "#0"},
				"up": {"uv": [12.5, 8, 13.5, 10], "texture": "#0"},
				"down": {"uv": [12.5, 8, 13.5, 10], "texture": "#0"}
			}
		},
		{
			"from": [1.5, 6, 8.5],
			"to": [1.5, 9.5, 9.5],
			"faces": {
				"north": {"uv": [12.5, 8, 13.5, 10], "texture": "#0"},
				"east": {"uv": [12.5, 8, 13.5, 10], "texture": "#0"},
				"south": {"uv": [3.5, 8, 12.5, 11], "texture": "#0"},
				"west": {"uv": [12.5, 8, 13.5, 10], "texture": "#0"},
				"up": {"uv": [12.5, 8, 13.5, 10], "texture": "#0"},
				"down": {"uv": [12.5, 8, 13.5, 10], "texture": "#0"}
			}
		},
		{
			"from": [1.5, 1, 8.6],
			"to": [15, 14.5, 9.6],
			"faces": {
				"north": {"uv": [2.5, 4, 13.5, 14], "texture": "#0"},
				"east": {"uv": [10, 14, 9.5, 15], "texture": "#0"},
				"south": {"uv": [2.5, 4, 13.5, 14], "texture": "#0"},
				"west": {"uv": [6.5, 14, 7, 15], "texture": "#0"},
				"up": {"uv": [6.5, 14, 10, 14.5], "texture": "#0"},
				"down": {"uv": [6.5, 15, 10, 14.5], "texture": "#0"}
			}
		},
		{
			"from": [15, 6, 8.5],
			"to": [15, 9.5, 9.5],
			"faces": {
				"north": {"uv": [12.5, 8, 13.5, 10], "texture": "#0"},
				"east": {"uv": [12.5, 8, 13.5, 10], "texture": "#0"},
				"south": {"uv": [3.5, 5, 12.5, 11], "texture": "#0"},
				"west": {"uv": [12.5, 8, 13.5, 10], "texture": "#0"},
				"up": {"uv": [12.5, 8, 13.5, 10], "texture": "#0"},
				"down": {"uv": [12.5, 8, 13.5, 10], "texture": "#0"}
			}
		},
		{
			"from": [5.25, 5.5, 5.4],
			"to": [6.5, 10.5, 5.9],
			"faces": {
				"north": {"uv": [12.5, 8, 13.5, 10], "texture": "#0"},
				"east": {"uv": [12.5, 8, 13.5, 10], "texture": "#0"},
				"south": {"uv": [0, 0, 1.25, 5], "texture": "#0"},
				"west": {"uv": [12.5, 8, 13.5, 10], "texture": "#0"},
				"up": {"uv": [12.5, 8, 13.5, 10], "texture": "#0"},
				"down": {"uv": [12.5, 8, 13.5, 10], "texture": "#0"}
			}
		},
		{
			"from": [10, 5.5, 5.4],
			"to": [11.25, 10.5, 5.9],
			"faces": {
				"north": {"uv": [12.5, 8, 13.5, 10], "texture": "#0"},
				"east": {"uv": [12.5, 8, 13.5, 10], "texture": "#0"},
				"south": {"uv": [0, 0, 1.25, 5], "texture": "#0"},
				"west": {"uv": [12.5, 8, 13.5, 10], "texture": "#0"},
				"up": {"uv": [12.5, 8, 13.5, 10], "texture": "#0"},
				"down": {"uv": [12.5, 8, 13.5, 10], "texture": "#0"}
			}
		},
		{
			"from": [5.25, 10, 5.8],
			"to": [6.5, 10.5, 8.6],
			"faces": {
				"north": {"uv": [12.5, 8, 13.5, 10], "texture": "#0"},
				"east": {"uv": [12.5, 8, 13.5, 10], "texture": "#0"},
				"south": {"uv": [0, 0, 1.25, 0.5], "texture": "#0"},
				"west": {"uv": [12.5, 8, 13.5, 10], "texture": "#0"},
				"up": {"uv": [12.5, 8, 13.5, 10], "texture": "#0"},
				"down": {"uv": [12.5, 8, 13.5, 10], "texture": "#0"}
			}
		},
		{
			"from": [10, 10, 5.8],
			"to": [11.25, 10.5, 8.6],
			"faces": {
				"north": {"uv": [12.5, 8, 13.5, 10], "texture": "#0"},
				"east": {"uv": [12.5, 8, 13.5, 10], "texture": "#0"},
				"south": {"uv": [2, 3, 3, 4], "texture": "#0"},
				"west": {"uv": [12.5, 8, 13.5, 10], "texture": "#0"},
				"up": {"uv": [12.5, 8, 13.5, 10], "texture": "#0"},
				"down": {"uv": [12.5, 8, 13.5, 10], "texture": "#0"}
			}
		},
		{
			"from": [10, 5.5, 5.8],
			"to": [11.25, 6, 8.6],
			"faces": {
				"north": {"uv": [12.5, 8, 13.5, 10], "texture": "#0"},
				"east": {"uv": [12.5, 8, 13.5, 10], "texture": "#0"},
				"south": {"uv": [0, 0, 1.25, 0.5], "texture": "#0"},
				"west": {"uv": [12.5, 8, 13.5, 10], "texture": "#0"},
				"up": {"uv": [12.5, 8, 13.5, 10], "texture": "#0"},
				"down": {"uv": [12.5, 8, 13.5, 10], "texture": "#0"}
			}
		},
		{
			"from": [5.25, 5.5, 5.8],
			"to": [6.5, 6, 8.6],
			"faces": {
				"north": {"uv": [12.5, 8, 13.5, 10], "texture": "#0"},
				"east": {"uv": [12.5, 8, 13.5, 10], "texture": "#0"},
				"south": {"uv": [0, 0, 1.25, 0.5], "texture": "#0"},
				"west": {"uv": [12.5, 8, 13.5, 10], "texture": "#0"},
				"up": {"uv": [12.5, 8, 13.5, 10], "texture": "#0"},
				"down": {"uv": [12.5, 8, 13.5, 10], "texture": "#0"}
			}
		},
		{
			"from": [7.8, 15.5, 8.5],
			"to": [8.8, 16.5, 9.5],
			"rotation": {"angle": 0, "axis": "y", "origin": [1, -0.5, -0.5]},
			"faces": {
				"north": {"uv": [7.5, 3, 8.5, 4], "texture": "#0"},
				"east": {"uv": [7.5, 3, 8.5, 4], "texture": "#0"},
				"south": {"uv": [7.5, 3, 8.5, 4], "texture": "#0"},
				"west": {"uv": [7.5, 3, 8.5, 4], "texture": "#0"},
				"up": {"uv": [7.5, 3, 8.5, 4], "texture": "#0"},
				"down": {"uv": [7.5, 3, 8.5, 4], "texture": "#0"}
			}
		},
		{
			"from": [7.8, 16.5, 8.5],
			"to": [8.8, 17.5, 9.5],
			"rotation": {"angle": 0, "axis": "y", "origin": [1, -0.5, -0.5]},
			"faces": {
				"north": {"uv": [7.5, 2, 8.5, 3], "texture": "#0"},
				"east": {"uv": [7.5, 2, 8.5, 3], "texture": "#0"},
				"south": {"uv": [7.5, 2, 8.5, 3], "texture": "#0"},
				"west": {"uv": [7.5, 2, 8.5, 3], "texture": "#0"},
				"up": {"uv": [7.5, 2, 8.5, 3], "texture": "#0"},
				"down": {"uv": [7.5, 2, 8.5, 3], "texture": "#0"}
			}
		},
		{
			"from": [8.8, 16.5, 8.5],
			"to": [9.8, 17.5, 9.5],
			"rotation": {"angle": 0, "axis": "y", "origin": [1, -0.5, -0.5]},
			"faces": {
				"north": {"uv": [8.5, 2, 9.5, 3], "texture": "#0"},
				"east": {"uv": [8.5, 2, 9.5, 3], "texture": "#0"},
				"south": {"uv": [8.5, 2, 9.5, 3], "texture": "#0"},
				"west": {"uv": [8.5, 2, 9.5, 3], "texture": "#0"},
				"up": {"uv": [8.5, 2, 9.5, 3], "texture": "#0"},
				"down": {"uv": [8.5, 2, 9.5, 3], "texture": "#0"}
			}
		},
		{
			"from": [8.8, 17.5, 8.5],
			"to": [9.8, 18.5, 9.5],
			"rotation": {"angle": 0, "axis": "y", "origin": [1, -0.5, -0.5]},
			"faces": {
				"north": {"uv": [8.5, 1, 9.5, 2], "texture": "#0"},
				"east": {"uv": [8.5, 1, 9.5, 2], "texture": "#0"},
				"south": {"uv": [8.5, 1, 9.5, 2], "texture": "#0"},
				"west": {"uv": [8.5, 1, 9.5, 2], "texture": "#0"},
				"up": {"uv": [8.5, 1, 9.5, 2], "texture": "#0"},
				"down": {"uv": [8.5, 1, 9.5, 2], "texture": "#0"}
			}
		}
	],
	"display": {
		"thirdperson_righthand": {
			"rotation": [0, 90, 0],
			"translation": [0.75, -2, 2.75]
		},
		"thirdperson_lefthand": {
			"rotation": [0, 90, 0],
			"translation": [0.5, -2, 2.5]
		},
		"firstperson_righthand": {
			"rotation": [-1, -180, -18],
			"translation": [4.25, -2, -4],
			"scale": [1.25, 1.25, 1.25]
		},
		"firstperson_lefthand": {
			"rotation": [0, 100, -19],
			"translation": [2.5, -4.25, -0.5],
			"scale": [1.25, 1.25, 1.25]
		},
		"ground": {
			"translation": [0, 4, 0],
			"scale": [0.8, 0.8, 0.8]
		},
		"gui": {
			"translation": [0, -0.75, 0],
			"scale": [0.8, 0.8, 0.8]
		},
		"head": {
			"rotation": [0, -180, 0],
			"translation": [0, 13.75, 0]
		},
		"fixed": {
			"rotation": [0, -180, 0],
			"translation": [0, 0.25, -2],
			"scale": [0.8, 0.8, 0.8]
		}
	}
}