{
"__comment": "Designed by MoTy with BDcraft Cubik PRO 0.96 Beta - http://bdcraft.net",
"textures": {
    "particle": "blocks/wool_colored_black",
    "texture": "moty/sliver"
},
"elements": [ 
{
    "from": [ 6.9375, 5.375, 7.125 ],
    "to": [ 20.4375, 7.875, 8.475 ],
    "faces": {
        "down":  { "uv": [ 15.0625, 8.475, 1.5625, 7.125 ], "texture": "#texture" },
        "up":    { "uv": [ 0.9375, 7.125, 14.4375, 8.4750003814697266 ], "texture": "#texture" },
        "north": { "uv": [ 1.5625, 8.125, 15.0625, 10.625 ], "texture": "#texture" },
        "south": { "uv": [ 0.9375, 8.125, 14.4375, 10.625 ], "texture": "#texture" },
        "west":  { "uv": [ 7.125, 8.125, 8.4750003814697266, 10.625 ], "texture": "#texture" },
        "east":  { "uv": [ 7.5250000953674316, 8.125, 8.875, 10.625 ], "texture": "#texture" }
    }
},
{
    "from": [ 10.6875, 7.5625, 7.25 ],
    "to": [ 19.4375, 8.8125, 8.3125 ],
    "faces": {
        "down":  { "uv": [ 11.3125, 8.3125, 2.5625, 7.25 ], "texture": "#texture" },
        "up":    { "uv": [ 4.6875, 7.25, 13.4375, 8.3125 ], "texture": "#texture" },
        "north": { "uv": [ 2.5625, 7.1875, 11.3125, 8.4375 ], "texture": "#texture" },
        "south": { "uv": [ 4.6875, 7.1875, 13.4375, 8.4375 ], "texture": "#texture" },
        "west":  { "uv": [ 7.25, 7.1875, 8.3125, 8.4375 ], "texture": "#texture" },
        "east":  { "uv": [ 7.6875, 7.1875, 8.75, 8.4375 ], "texture": "#texture" }
    }
},
{
    "from": [ 7.001, 7.4925, 7.1259 ],
    "to": [ 10.997, 8.991, 8.47455 ],
    "faces": {
        "down":  { "uv": [ 14.999, 8.47452, 11.003, 7.12587 ], "texture": "#texture" },
        "up":    { "uv": [ 1.0010000467300415, 7.1258702278137207, 4.9969997406005859, 8.4745197296142578 ], "texture": "#texture" },
        "north": { "uv": [ 11.003000259399414, 7.0089998245239258, 14.99899959564209, 8.5074996948242187 ], "texture": "#texture" },
        "south": { "uv": [ 1.0010000467300415, 7.0089998245239258, 4.9969997406005859, 8.5074996948242187 ], "texture": "#texture" },
        "west":  { "uv": [ 7.1258702278137207, 7.0089998245239258, 8.4745197296142578, 8.5074996948242187 ], "texture": "#texture" },
        "east":  { "uv": [ 7.5254697799682617, 7.0089998245239258, 8.874119758605957, 8.5074996948242187 ], "texture": "#texture" }
    }
},
{
    "from": [ 19, 7.6, 7.25 ],
    "to": [ 20.35, 8.5, 8.375 ],
    "faces": {
        "down":  { "uv": [ 2.5, 8.375, 1.15, 7.25 ], "texture": "#texture" },
        "up":    { "uv": [ 13.5, 7.25, 14.850000381469727, 8.375 ], "texture": "#texture" },
        "north": { "uv": [ 1.1499999761581421, 7.1875, 2.5, 8.0874996185302734 ], "texture": "#texture" },
        "south": { "uv": [ 13.5, 7.1875, 14.850000381469727, 8.0874996185302734 ], "texture": "#texture" },
        "west":  { "uv": [ 7.25, 7.1875, 8.375, 8.0874996185302734 ], "texture": "#texture" },
        "east":  { "uv": [ 7.625, 7.1875, 8.75, 8.0874996185302734 ], "texture": "#texture" }
    }
},
{
    "from": [ 17.25, 4.5, 7.325 ],
    "to": [ 19.5, 5.4, 8.225 ],
    "faces": {
        "down":  { "uv": [ 8.75, 8.225, 6.5, 7.325 ], "texture": "#particle" },
        "up":    { "uv": [ 7.25, 7.3249998092651367, 9.5, 8.2250003814697266 ], "texture": "#particle" },
        "north": { "uv": [ 6.5, 10.600000381469727, 8.75, 11.5 ], "texture": "#particle" },
        "south": { "uv": [ 7.25, 10.600000381469727, 9.5, 11.5 ], "texture": "#particle" },
        "west":  { "uv": [ 7.3249998092651367, 10.600000381469727, 8.2250003814697266, 11.5 ], "texture": "#particle" },
        "east":  { "uv": [ 7.7750000953674316, 10.600000381469727, 8.6750001907348633, 11.5 ], "texture": "#particle" }
    }
},
{
    "from": [ 17.5, 0.5, 7.375 ],
    "to": [ 19.125, 4.5, 8.275 ],
    "rotation": { "origin": [ 17.5, 4.5, 7.375 ], "axis": "z", "angle": 22.5 },
    "faces": {
        "down":  { "uv": [ 8.58125, 8.225, 6.78125, 7.325 ], "texture": "#particle" },
        "up":    { "uv": [ 7.4187498092651367, 7.3249998092651367, 9.21875, 8.2250003814697266 ], "texture": "#particle" },
        "north": { "uv": [ 6.78125, 11.556300163269043, 8.5812501907348633, 15.156299591064453 ], "texture": "#particle" },
        "south": { "uv": [ 7.4187498092651367, 11.556300163269043, 9.21875, 15.156299591064453 ], "texture": "#particle" },
        "west":  { "uv": [ 7.3249998092651367, 11.556300163269043, 8.2250003814697266, 15.156299591064453 ], "texture": "#particle" },
        "east":  { "uv": [ 7.7750000953674316, 11.556300163269043, 8.6750001907348633, 15.156299591064453 ], "texture": "#particle" }
    }
},
{
    "from": [ 13.4375, 4.275, 7.375 ],
    "to": [ 14.3375, 5.625, 8.275 ],
    "faces": {
        "down":  { "uv": [ 11.9, 8.225, 11, 7.325 ], "texture": "#texture" },
        "up":    { "uv": [ 4.0999999046325684, 7.3249998092651367, 5, 8.2250003814697266 ], "texture": "#texture" },
        "north": { "uv": [ 11, 10.600000381469727, 11.899999618530273, 11.949999809265137 ], "texture": "#texture" },
        "south": { "uv": [ 4.0999999046325684, 10.600000381469727, 5, 11.949999809265137 ], "texture": "#texture" },
        "west":  { "uv": [ 7.3249998092651367, 10.600000381469727, 8.2250003814697266, 11.949999809265137 ], "texture": "#texture" },
        "east":  { "uv": [ 7.7750000953674316, 10.600000381469727, 8.6750001907348633, 11.949999809265137 ], "texture": "#texture" }
    }
},
{
    "from": [ 13.4375, 3.8125, 7.5625 ],
    "to": [ 16.875, 4.3125, 8.0125 ],
    "faces": {
        "down":  { "uv": [ 11.5625, 8.0125, 9.0625, 7.5625 ], "texture": "#texture" },
        "up":    { "uv": [ 4.4375, 7.5625, 6.9375, 8.0124998092651367 ], "texture": "#texture" },
        "north": { "uv": [ 9.0625, 11.8125, 11.5625, 12.3125 ], "texture": "#texture" },
        "south": { "uv": [ 4.4375, 11.8125, 6.9375, 12.3125 ], "texture": "#texture" },
        "west":  { "uv": [ 7.5625, 11.8125, 8.0124998092651367, 12.3125 ], "texture": "#texture" },
        "east":  { "uv": [ 7.9875001907348633, 11.8125, 8.4375, 12.3125 ], "texture": "#texture" }
    }
},
{
    "from": [ 16.8, 3.7688, 7.55 ],
    "to": [ 17.7, 4.2188, 8 ],
    "faces": {
        "down":  { "uv": [ 9.2, 8, 8.3, 7.55 ], "texture": "#texture" },
        "up":    { "uv": [ 6.8000001907348633, 7.5500001907348633, 7.6999998092651367, 8 ], "texture": "#texture" },
        "north": { "uv": [ 8.3000001907348633, 11.781299591064453, 9.1999998092651367, 12.231200218200684 ], "texture": "#texture" },
        "south": { "uv": [ 6.8000001907348633, 11.781299591064453, 7.6999998092651367, 12.231200218200684 ], "texture": "#texture" },
        "west":  { "uv": [ 7.5500001907348633, 11.781299591064453, 8, 12.231200218200684 ], "texture": "#texture" },
        "east":  { "uv": [ 8, 11.781299591064453, 8.4499998092651367, 12.231200218200684 ], "texture": "#texture" }
    }
},
{
    "from": [ 16.35, 4.5, 7.55 ],
    "to": [ 16.8, 5.85, 8 ],
    "faces": {
        "down":  { "uv": [ 9.65, 8, 9.2, 7.55 ], "texture": "#texture" },
        "up":    { "uv": [ 6.3499999046325684, 7.5500001907348633, 6.8000001907348633, 8 ], "texture": "#texture" },
        "north": { "uv": [ 9.1999998092651367, 10.149999618530273, 9.6499996185302734, 11.5 ], "texture": "#texture" },
        "south": { "uv": [ 6.3499999046325684, 10.149999618530273, 6.8000001907348633, 11.5 ], "texture": "#texture" },
        "west":  { "uv": [ 7.5500001907348633, 10.149999618530273, 8, 11.5 ], "texture": "#texture" },
        "east":  { "uv": [ 8, 10.149999618530273, 8.4499998092651367, 11.5 ], "texture": "#texture" }
    }
},
{
    "from": [ 13.5625, 3.1, 7.5625 ],
    "to": [ 14.0125, 4, 8.0125 ],
    "faces": {
        "down":  { "uv": [ 11.75, 8.0125, 11.3, 7.5625 ], "texture": "#texture" },
        "up":    { "uv": [ 4.25, 7.5625, 4.6999998092651367, 8.0124998092651367 ], "texture": "#texture" },
        "north": { "uv": [ 11.300000190734863, 12, 11.75, 12.899999618530273 ], "texture": "#texture" },
        "south": { "uv": [ 4.25, 12, 4.6999998092651367, 12.899999618530273 ], "texture": "#texture" },
        "west":  { "uv": [ 7.5625, 12, 8.0124998092651367, 12.899999618530273 ], "texture": "#texture" },
        "east":  { "uv": [ 7.9875001907348633, 12, 8.4375, 12.899999618530273 ], "texture": "#texture" }
    }
},
{
    "from": [ 10.9471, 3.1469, 7.3257 ],
    "to": [ 13.6444, 5.39465, 8.2248 ],
    "faces": {
        "down":  { "uv": [ 9.05295, 8.22478, 6.35565, 7.32568 ], "texture": "#texture" },
        "up":    { "uv": [ 6.9470500946044922, 7.3256797790527344, 9.6443500518798828, 8.2247800827026367 ], "texture": "#texture" },
        "north": { "uv": [ 6.3556499481201172, 2.6054000854492187, 9.0529499053955078, 4.8531489372253418 ], "texture": "#texture" },
        "south": { "uv": [ 6.9470500946044922, 2.6054000854492187, 9.6443500518798828, 4.8531489372253418 ], "texture": "#texture" },
        "west":  { "uv": [ 7.3256797790527344, 2.6054000854492187, 8.2247800827026367, 4.8531489372253418 ], "texture": "#texture" },
        "east":  { "uv": [ 7.7752199172973633, 2.6054000854492187, 8.6743202209472656, 4.8531489372253418 ], "texture": "#texture" }
    }
},
{
    "from": [ 10.6875, 0.0125002, 7.375 ],
    "to": [ 13.3875, 4.0625, 8.275 ],
    "faces": {
        "down":  { "uv": [ 8.76875, 8.225, 6.06875, 7.325 ], "texture": "#texture" },
        "up":    { "uv": [ 7.2312498092651367, 7.3249998092651367, 9.9312496185302734, 8.2250003814697266 ], "texture": "#texture" },
        "north": { "uv": [ 6.0687499046325684, 3.6124999523162842, 8.7687501907348633, 7.6624999046325684 ], "texture": "#texture" },
        "south": { "uv": [ 7.2312498092651367, 3.6124999523162842, 9.9312496185302734, 7.6624999046325684 ], "texture": "#texture" },
        "west":  { "uv": [ 7.3249998092651367, 3.6124999523162842, 8.2250003814697266, 7.6624999046325684 ], "texture": "#texture" },
        "east":  { "uv": [ 7.7750000953674316, 3.6124999523162842, 8.6750001907348633, 7.6624999046325684 ], "texture": "#texture" }
    }
},
{
    "from": [ 20.3002, 5.7567, 7.1259 ],
    "to": [ 22.7977, 7.5549, 8.47455 ],
    "faces": {
        "down":  { "uv": [ 10.6875, 8.475, 8.1875, 7.125 ], "texture": "#texture" },
        "up":    { "uv": [ 5.3125, 7.125, 7.8125, 8.4750003814697266 ], "texture": "#texture" },
        "north": { "uv": [ 8.1875, 8.4375, 10.6875, 10.237500190734863 ], "texture": "#texture" },
        "south": { "uv": [ 5.3125, 8.4375, 7.8125, 10.237500190734863 ], "texture": "#texture" },
        "west":  { "uv": [ 7.125, 8.4375, 8.4750003814697266, 10.237500190734863 ], "texture": "#texture" },
        "east":  { "uv": [ 7.5250000953674316, 8.4375, 8.875, 10.237500190734863 ], "texture": "#texture" }
    }
},
{
    "from": [ 21.75, 5.1875, 6.9375 ],
    "to": [ 29.9375, 7.4375, 8.5575 ],
    "faces": {
        "down":  { "uv": [ 9.3125, 8.5575, 1.2125, 6.9375 ], "texture": "#particle" },
        "up":    { "uv": [ 6.6875, 6.9375, 14.787500381469727, 8.557499885559082 ], "texture": "#particle" },
        "north": { "uv": [ 1.2124999761581421, 8.5625, 9.3125, 11.262499809265137 ], "texture": "#particle" },
        "south": { "uv": [ 6.6875, 8.5625, 14.787500381469727, 11.262499809265137 ], "texture": "#particle" },
        "west":  { "uv": [ 6.9375, 8.5625, 8.557499885559082, 11.262499809265137 ], "texture": "#particle" },
        "east":  { "uv": [ 7.442500114440918, 8.5625, 9.0625, 11.262499809265137 ], "texture": "#particle" }
    }
},
{
    "from": [ 29.8125, 2.0625, 6.9375 ],
    "to": [ 30.3125, 7.875, 8.5575 ],
    "faces": {
        "down":  { "uv": [ 1.16, 8.54, 0.62, 6.92 ], "texture": "#particle" },
        "up":    { "uv": [ 14.840000152587891, 6.9200000762939453, 15.380000114440918, 8.5399999618530273 ], "texture": "#particle" },
        "north": { "uv": [ 0.62000000476837158, 8.5600004196166992, 1.1599999666213989, 14.5 ], "texture": "#particle" },
        "south": { "uv": [ 14.840000152587891, 8.5600004196166992, 15.380000114440918, 14.5 ], "texture": "#particle" },
        "west":  { "uv": [ 6.9200000762939453, 8.5600004196166992, 8.5399999618530273, 14.5 ], "texture": "#particle" },
        "east":  { "uv": [ 7.4600000381469727, 8.5600004196166992, 9.0799999237060547, 14.5 ], "texture": "#particle" }
    }
},
{
    "from": [ 23.3125, 4.6475, 6.9375 ],
    "to": [ 29.7925, 5.1875, 8.5575 ],
    "faces": {
        "down":  { "uv": [ 7.64, 8.54, 1.16, 6.92 ], "texture": "#particle" },
        "up":    { "uv": [ 8.3599996566772461, 6.9200000762939453, 14.840000152587891, 8.5399999618530273 ], "texture": "#particle" },
        "north": { "uv": [ 1.1599999666213989, 11.260000228881836, 7.6399998664855957, 11.800000190734863 ], "texture": "#particle" },
        "south": { "uv": [ 8.3599996566772461, 11.260000228881836, 14.840000152587891, 11.800000190734863 ], "texture": "#particle" },
        "west":  { "uv": [ 6.9200000762939453, 11.260000228881836, 8.5399999618530273, 11.800000190734863 ], "texture": "#particle" },
        "east":  { "uv": [ 7.4600000381469727, 11.260000228881836, 9.0799999237060547, 11.800000190734863 ], "texture": "#particle" }
    }
},
{
    "from": [ 24.5, 4.085, 6.9375 ],
    "to": [ 29.9, 4.625, 8.5575 ],
    "faces": {
        "down":  { "uv": [ 6.56, 8.54, 1.16, 6.92 ], "texture": "#particle" },
        "up":    { "uv": [ 9.4399995803833008, 6.9200000762939453, 14.840000152587891, 8.5399999618530273 ], "texture": "#particle" },
        "north": { "uv": [ 1.1599999666213989, 11.800000190734863, 6.559999942779541, 12.340000152587891 ], "texture": "#particle" },
        "south": { "uv": [ 9.4399995803833008, 11.800000190734863, 14.840000152587891, 12.340000152587891 ], "texture": "#particle" },
        "west":  { "uv": [ 6.9200000762939453, 11.800000190734863, 8.5399999618530273, 12.340000152587891 ], "texture": "#particle" },
        "east":  { "uv": [ 7.4600000381469727, 11.800000190734863, 9.0799999237060547, 12.340000152587891 ], "texture": "#particle" }
    }
},
{
    "from": [ 27.25, 2.96, 6.9375 ],
    "to": [ 29.95, 3.5, 8.5575 ],
    "faces": {
        "down":  { "uv": [ 3.86, 8.54, 1.16, 6.92 ], "texture": "#particle" },
        "up":    { "uv": [ 12.140000343322754, 6.9200000762939453, 14.840000152587891, 8.5399999618530273 ], "texture": "#particle" },
        "north": { "uv": [ 1.1599999666213989, 12.880000114440918, 3.8600001335144043, 13.420000076293945 ], "texture": "#particle" },
        "south": { "uv": [ 12.140000343322754, 12.880000114440918, 14.840000152587891, 13.420000076293945 ], "texture": "#particle" },
        "west":  { "uv": [ 6.9200000762939453, 12.880000114440918, 8.5399999618530273, 13.420000076293945 ], "texture": "#particle" },
        "east":  { "uv": [ 7.4600000381469727, 12.880000114440918, 9.0799999237060547, 13.420000076293945 ], "texture": "#particle" }
    }
},
{
    "from": [ 25.5625, 3.5225, 6.9375 ],
    "to": [ 29.8825, 4.0625, 8.5575 ],
    "faces": {
        "down":  { "uv": [ 5.48, 8.54, 1.16, 6.92 ], "texture": "#particle" },
        "up":    { "uv": [ 10.520000457763672, 6.9200000762939453, 14.840000152587891, 8.5399999618530273 ], "texture": "#particle" },
        "north": { "uv": [ 1.1599999666213989, 12.340000152587891, 5.4800000190734863, 12.880000114440918 ], "texture": "#particle" },
        "south": { "uv": [ 10.520000457763672, 12.340000152587891, 14.840000152587891, 12.880000114440918 ], "texture": "#particle" },
        "west":  { "uv": [ 6.9200000762939453, 12.340000152587891, 8.5399999618530273, 12.880000114440918 ], "texture": "#particle" },
        "east":  { "uv": [ 7.4600000381469727, 12.340000152587891, 9.0799999237060547, 12.880000114440918 ], "texture": "#particle" }
    }
},
{
    "from": [ 28.75, 2.46, 6.9375 ],
    "to": [ 29.83, 3, 8.5575 ],
    "faces": {
        "down":  { "uv": [ 2.24, 8.54, 1.16, 6.92 ], "texture": "#particle" },
        "up":    { "uv": [ 13.760000228881836, 6.9200000762939453, 14.840000152587891, 8.5399999618530273 ], "texture": "#particle" },
        "north": { "uv": [ 1.1599999666213989, 13.420000076293945, 2.2400000095367432, 13.960000038146973 ], "texture": "#particle" },
        "south": { "uv": [ 13.760000228881836, 13.420000076293945, 14.840000152587891, 13.960000038146973 ], "texture": "#particle" },
        "west":  { "uv": [ 6.9200000762939453, 13.420000076293945, 8.5399999618530273, 13.960000038146973 ], "texture": "#particle" },
        "east":  { "uv": [ 7.4600000381469727, 13.420000076293945, 9.0799999237060547, 13.960000038146973 ], "texture": "#particle" }
    }
},
{
    "from": [ 25.52, 7.44, 6.92 ],
    "to": [ 30.38, 7.98, 8.54 ],
    "faces": {
        "down":  { "uv": [ 5.48, 8.54, 0.62, 6.92 ], "texture": "#particle" },
        "up":    { "uv": [ 10.520000457763672, 6.9200000762939453, 15.380000114440918, 8.5399999618530273 ], "texture": "#particle" },
        "north": { "uv": [ 0.62000000476837158, 8.0200004577636719, 5.4800000190734863, 8.5600004196166992 ], "texture": "#particle" },
        "south": { "uv": [ 10.520000457763672, 8.0200004577636719, 15.380000114440918, 8.5600004196166992 ], "texture": "#particle" },
        "west":  { "uv": [ 6.9200000762939453, 8.0200004577636719, 8.5399999618530273, 8.5600004196166992 ], "texture": "#particle" },
        "east":  { "uv": [ 7.4600000381469727, 8.0200004577636719, 9.0799999237060547, 8.5600004196166992 ], "texture": "#particle" }
    }
},
{
    "from": [ 24.1025, 6.8325, 6.92 ],
    "to": [ 25.7225, 7.3725, 8.54 ],
    "faces": {
        "down":  { "uv": [ 6.8975, 8.54, 5.2775, 6.92 ], "texture": "#particle" },
        "up":    { "uv": [ 9.1024999618530273, 6.9200000762939453, 10.722499847412109, 8.5399999618530273 ], "texture": "#particle" },
        "north": { "uv": [ 5.2775001525878906, 8.6274995803833008, 6.8975000381469727, 9.1674995422363281 ], "texture": "#particle" },
        "south": { "uv": [ 9.1024999618530273, 8.6274995803833008, 10.722499847412109, 9.1674995422363281 ], "texture": "#particle" },
        "west":  { "uv": [ 6.9200000762939453, 8.6274995803833008, 8.5399999618530273, 9.1674995422363281 ], "texture": "#particle" },
        "east":  { "uv": [ 7.4600000381469727, 8.6274995803833008, 9.0799999237060547, 9.1674995422363281 ], "texture": "#particle" }
    }
},
{
    "from": [ 7.125, 8.75, 7.375 ],
    "to": [ 7.4375, 10.5, 8.275 ],
    "faces": {
        "down":  { "uv": [ 12.9625, 8.28125, 11.1625, 7.38125 ], "texture": "#texture" },
        "up":    { "uv": [ 3.0374999046325684, 7.3812499046325684, 4.8375000953674316, 8.28125 ], "texture": "#texture" },
        "north": { "uv": [ 11.162500381469727, 6.5500001907348633, 12.962499618530273, 7 ], "texture": "#texture" },
        "south": { "uv": [ 3.0374999046325684, 6.5500001907348633, 4.8375000953674316, 7 ], "texture": "#texture" },
        "west":  { "uv": [ 7.3812499046325684, 6.5500001907348633, 8.28125, 7 ], "texture": "#texture" },
        "east":  { "uv": [ 7.71875, 6.5500001907348633, 8.6187496185302734, 7 ], "texture": "#texture" }
    }
},
{
    "from": [ 10.5, -0.625, 7.5 ],
    "to": [ 13, 0.375, 8.5 ],
    "faces": {
        "down":  { "uv": [ 4.5, 8.5, 2, 7.5 ], "texture": "#texture" },
        "up":    { "uv": [ 11.5, 7.5, 14, 8.5 ], "texture": "#texture" },
        "north": { "uv": [ 2, 15, 4.5, 16 ], "texture": "#texture" },
        "south": { "uv": [ 11.5, 15, 14, 16 ], "texture": "#texture" },
        "west":  { "uv": [ 7.5, 15, 8.5, 16 ], "texture": "#texture" },
        "east":  { "uv": [ 7.5, 15, 8.5, 16 ], "texture": "#texture" }
    }
},
{
    "from": [ 9.375, 6.5, 6.625 ],
    "to": [ 13.875, 7, 9 ],
    "faces": {
        "down":  { "uv": [ 6.5, 9, 2, 8 ], "texture": "#texture" },
        "up":    { "uv": [ 9.5, 8, 14, 9 ], "texture": "#texture" },
        "north": { "uv": [ 2, 9, 6.5, 9.5 ], "texture": "#texture" },
        "south": { "uv": [ 9.5, 9, 14, 9.5 ], "texture": "#texture" },
        "west":  { "uv": [ 8, 9, 9, 9.5 ], "texture": "#texture" },
        "east":  { "uv": [ 7, 9, 8, 9.5 ], "texture": "#texture" }
    }
},
{
    "from": [ 7.375, 8.8125, 7.375 ],
    "to": [ 7.9375, 9.5, 8.375 ],
    "faces": {
        "down":  { "uv": [ 8.625, 8.375, 8.0625, 7.375 ], "texture": "#texture" },
        "up":    { "uv": [ 7.375, 7.375, 7.9375, 8.375 ], "texture": "#texture" },
        "north": { "uv": [ 8.0625, 6.5, 8.625, 7.1875 ], "texture": "#texture" },
        "south": { "uv": [ 7.375, 6.5, 7.9375, 7.1875 ], "texture": "#texture" },
        "west":  { "uv": [ 7.375, 6.5, 8.375, 7.1875 ], "texture": "#texture" },
        "east":  { "uv": [ 7.625, 6.5, 8.625, 7.1875 ], "texture": "#texture" }
    }
},
{
    "from": [ 7.25, 10.25, 7.3125 ],
    "to": [ 11.625, 10.6875, 8.3125 ],
    "faces": {
        "down":  { "uv": [ 8.75, 8.3125, 4.375, 7.3125 ], "texture": "#texture" },
        "up":    { "uv": [ 7.25, 7.3125, 11.625, 8.3125 ], "texture": "#texture" },
        "north": { "uv": [ 4.375, 5.3125, 8.75, 5.75 ], "texture": "#texture" },
        "south": { "uv": [ 7.25, 5.3125, 11.625, 5.75 ], "texture": "#texture" },
        "west":  { "uv": [ 7.3125, 5.3125, 8.3125, 5.75 ], "texture": "#texture" },
        "east":  { "uv": [ 7.6875, 5.3125, 8.6875, 5.75 ], "texture": "#texture" }
    }
},
{
    "from": [ 11.4375, 8.8125, 7.3125 ],
    "to": [ 12.4375, 10.8125, 8.3125 ],
    "faces": {
        "down":  { "uv": [ 4.5625, 8.3125, 3.5625, 7.3125 ], "texture": "#texture" },
        "up":    { "uv": [ 11.4375, 7.3125, 12.4375, 8.3125 ], "texture": "#texture" },
        "north": { "uv": [ 3.5625, 5.1875, 4.5625, 7.1875 ], "texture": "#texture" },
        "south": { "uv": [ 11.4375, 5.1875, 12.4375, 7.1875 ], "texture": "#texture" },
        "west":  { "uv": [ 7.3125, 5.1875, 8.3125, 7.1875 ], "texture": "#texture" },
        "east":  { "uv": [ 7.6875, 5.1875, 8.6875, 7.1875 ], "texture": "#texture" }
    }
},
{
    "from": [ 12, 8, 7.375 ],
    "to": [ 12.75, 9, 8.375 ],
    "rotation": { "origin": [ 12, 9, 7.375 ], "axis": "z", "angle": 45 },
    "faces": {
        "down":  { "uv": [ 3.875, 8.375, 2.875, 7.375 ], "texture": "#texture" },
        "up":    { "uv": [ 12.125, 7.375, 13.125, 8.375 ], "texture": "#texture" },
        "north": { "uv": [ 2.875, 6.3125, 3.875, 7.3125 ], "texture": "#texture" },
        "south": { "uv": [ 12.125, 6.3125, 13.125, 7.3125 ], "texture": "#texture" },
        "west":  { "uv": [ 7.375, 6.3125, 8.375, 7.3125 ], "texture": "#texture" },
        "east":  { "uv": [ 7.625, 6.3125, 8.625, 7.3125 ], "texture": "#texture" }
    }
},
{
    "from": [ 11.5, 8, 7.3125 ],
    "to": [ 12, 9.5, 8.3125 ],
    "rotation": { "origin": [ 11.5, 9.5, 7.3125 ], "axis": "z", "angle": -45 },
    "faces": {
        "down":  { "uv": [ 0.875, 12.625, 0, 11.625 ], "texture": "#texture" },
        "up":    { "uv": [ 15.125, 11.625, 16, 12.625 ], "texture": "#texture" },
        "north": { "uv": [ 0, 6, 0.875, 7 ], "texture": "#texture" },
        "south": { "uv": [ 15.125, 6, 16, 7 ], "texture": "#texture" },
        "west":  { "uv": [ 11.625, 6, 12.625, 7 ], "texture": "#texture" },
        "east":  { "uv": [ 3.375, 6, 4.375, 7 ], "texture": "#texture" }
    }
},
{
    "from": [ 6.375, 6.625, 7.25 ],
    "to": [ 7.1875, 8.8125, 8.25 ],
    "faces": {
        "down":  { "uv": [ 9.625, 8.25, 8.8125, 7.25 ], "texture": "#texture" },
        "up":    { "uv": [ 6.375, 7.25, 7.1875, 8.25 ], "texture": "#texture" },
        "north": { "uv": [ 8.8125, 7.1875, 9.625, 9.375 ], "texture": "#texture" },
        "south": { "uv": [ 6.375, 7.1875, 7.1875, 9.375 ], "texture": "#texture" },
        "west":  { "uv": [ 7.25, 7.1875, 8.25, 9.375 ], "texture": "#texture" },
        "east":  { "uv": [ 7.75, 7.1875, 8.75, 9.375 ], "texture": "#texture" }
    }
},
{
    "from": [ -0.6875, 6.4375, 7.25 ],
    "to": [ 6.6875, 9, 8.25 ],
    "faces": {
        "down":  { "uv": [ 16, 8.25, 9.3125, 7.25 ], "texture": "#texture" },
        "up":    { "uv": [ 0, 7.25, 6.6875, 8.25 ], "texture": "#texture" },
        "north": { "uv": [ 9.3125, 7, 16, 9.5625 ], "texture": "#texture" },
        "south": { "uv": [ 0, 7, 6.6875, 9.5625 ], "texture": "#texture" },
        "west":  { "uv": [ 7.25, 7, 8.25, 9.5625 ], "texture": "#texture" },
        "east":  { "uv": [ 7.75, 7, 8.75, 9.5625 ], "texture": "#texture" }
    }
},
{
    "from": [ -4.5625, 7.125, 7.375 ],
    "to": [ 0.75, 7.8125, 8.0625 ],
    "faces": {
        "down":  { "uv": [ 16, 8.0625, 15.25, 7.375 ], "texture": "#texture" },
        "up":    { "uv": [ 0, 7.375, 0.75, 8.0625 ], "texture": "#texture" },
        "north": { "uv": [ 15.25, 8.1875, 16, 8.875 ], "texture": "#texture" },
        "south": { "uv": [ 0, 8.1875, 0.75, 8.875 ], "texture": "#texture" },
        "west":  { "uv": [ 7.375, 8.1875, 8.0625, 8.875 ], "texture": "#texture" },
        "east":  { "uv": [ 7.9375, 8.1875, 8.625, 8.875 ], "texture": "#texture" }
    }
},
{
    "from": [ -2.8125, 7.4375, 7.4375 ],
    "to": [ -2.3125, 9.375, 8.0625 ],
    "faces": {
        "down":  { "uv": [ 16, 8.0625, 16, 7.4375 ], "texture": "#texture" },
        "up":    { "uv": [ 0, 7.4375, 0, 8.0625 ], "texture": "#texture" },
        "north": { "uv": [ 16, 6.625, 16, 8.5625 ], "texture": "#texture" },
        "south": { "uv": [ 0, 6.625, 0, 8.5625 ], "texture": "#texture" },
        "west":  { "uv": [ 7.4375, 6.625, 8.0625, 8.5625 ], "texture": "#texture" },
        "east":  { "uv": [ 7.9375, 6.625, 8.5625, 8.5625 ], "texture": "#texture" }
    }
},
{
    "from": [ -2.6875, 6.8125, 7.375 ],
    "to": [ -2.1875, 9.1875, 8.125 ],
    "rotation": { "origin": [ -2.6875, 9.1875, 7.375 ], "axis": "z", "angle": 22.5 },
    "faces": {
        "down":  { "uv": [ 16, 8.125, 16, 7.375 ], "texture": "#texture" },
        "up":    { "uv": [ 0, 7.375, 0, 8.125 ], "texture": "#texture" },
        "north": { "uv": [ 16, 7, 16, 8 ], "texture": "#texture" },
        "south": { "uv": [ 0, 7, 0, 8 ], "texture": "#texture" },
        "west":  { "uv": [ 7.375, 7, 8.125, 8 ], "texture": "#texture" },
        "east":  { "uv": [ 7.875, 7, 8.625, 8 ], "texture": "#texture" }
    }
},
{
    "from": [ -1.0625, 6, 7.25 ],
    "to": [ -0.5625, 7.1875, 8.25 ],
    "faces": {
        "down":  { "uv": [ 16, 8.25, 16, 7.25 ], "texture": "#texture" },
        "up":    { "uv": [ 0, 7.25, 0, 8.25 ], "texture": "#texture" },
        "north": { "uv": [ 16, 8.8125, 16, 10 ], "texture": "#texture" },
        "south": { "uv": [ 0, 8.8125, 0, 10 ], "texture": "#texture" },
        "west":  { "uv": [ 7.25, 8.8125, 8.25, 10 ], "texture": "#texture" },
        "east":  { "uv": [ 7.75, 8.8125, 8.75, 10 ], "texture": "#texture" }
    }
}
],
"display": {
	"thirdperson_righthand": {
		"rotation":  [ 0, -90, 0 ],
		"translation":  [ -0.19, 2.65, -5.29 ],
		"scale":  [ 0.7, 0.7, 0.7 ]
	},
	"thirdperson_lefthand": {
		"rotation":  [ 0, 90, 0 ],
		"translation":  [ 0.38, 2.65, -4.72 ],
		"scale":  [ 0.7, 0.7, 0.7 ]
	},
	"firstperson_righthand": {
		"rotation":  [ 0, -105, 0 ],
		"translation":  [ 0.56, 4.16, -5.67 ]
	},
	"firstperson_lefthand": {
		"rotation":  [ 0, 71, 0 ],
		"translation":  [ 0.56, 4.16, -5.67 ]
	},
	"gui": {
		"rotation":  [ 0, 0, -40 ],
		"translation":  [ 0.19, 1.7, 0.57 ],
		"scale":  [ 0.5, 0.5, 0.5 ]
	},
	"ground": {
		"translation":  [ 0, 5.67, 0 ]
	}
}
}