{
"__comment": "Designed by MoTy with BDcraft Cubik PRO 0.96 Beta - http://bdcraft.net",
"textures": {
    "particle": "blocks/tnt_bottom",
    "texture": "blocks/lapis_block",
	"bh": "nubx/nulls_light_black"
},
"elements": [ 
{
    "from": [ 5, 5, 4.5 ],
    "to": [ 12, 12, 11.5 ],
    "faces": {
        "down":  { "uv": [ 4, 2, 6, 4 ], "texture": "#bh" },
        "up":    { "uv": [ 4, 2, 6, 4 ], "texture": "#bh" },
        "north": { "uv": [ 2, 2, 4, 4 ], "texture": "#bh" },
        "south": { "uv": [ 5.5, 5, 7.5, 7 ], "texture": "#bh" },
        "west":  { "uv": [ 5, 4.5, 7.5, 7 ], "texture": "#bh" },
        "east":  { "uv": [ 5, 4.5, 7.5, 7 ], "texture": "#bh" }
    }
},
{
    "from": [ 3.5, 11.5, 3.5 ],
    "to": [ 13.5, 17, 13 ],
    "faces": {
        "down":  { "uv": [ 12.5, 13, 2.5, 3.5 ], "texture": "#texture" },
        "up":    { "uv": [ 3.5, 3.5, 13.5, 13 ], "texture": "#texture" },
        "north": { "uv": [ 2.5, 3, 12.5, 8 ], "texture": "#texture" },
        "south": { "uv": [ 3.5, 3, 13.5, 8 ], "texture": "#texture" },
        "west":  { "uv": [ 3.5, 3, 13, 8 ], "texture": "#texture" },
        "east":  { "uv": [ 3, 3, 12.5, 8 ], "texture": "#texture" }
    }
},
{
    "from": [ 4.5, 16.5, 4.5 ],
    "to": [ 12.5, 17.5, 12 ],
    "faces": {
        "down":  { "uv": [ 11.5, 12, 3.5, 4.5 ], "texture": "#particle" },
        "up":    { "uv": [ 4.5, 4.5, 12.5, 12 ], "texture": "#particle" },
        "north": { "uv": [ 3.5, 0, 11.5, 0 ], "texture": "#particle" },
        "south": { "uv": [ 4.5, 0, 12.5, 0 ], "texture": "#particle" },
        "west":  { "uv": [ 4.5, 0, 12, 0 ], "texture": "#particle" },
        "east":  { "uv": [ 4, 0, 11.5, 0 ], "texture": "#particle" }
    }
},
{
    "from": [ 4.5, 6.5, 7.5 ],
    "to": [ 5.5, 9.5, 8.5 ],
    "faces": {
        "down":  { "uv": [ 11.5, 8.5, 10.5, 7.5 ], "texture": "#texture" },
        "up":    { "uv": [ 4.5, 7.5, 5.5, 8.5 ], "texture": "#texture" },
        "north": { "uv": [ 10.5, 6.5, 11.5, 9.5 ], "texture": "#texture" },
        "south": { "uv": [ 4.5, 6.5, 5.5, 9.5 ], "texture": "#texture" },
        "west":  { "uv": [ 7.5, 6.5, 8.5, 9.5 ], "texture": "#texture" },
        "east":  { "uv": [ 7.5, 6.5, 8.5, 9.5 ], "texture": "#texture" }
    }
},
{
    "from": [ 11.5, 6.5, 7.5 ],
    "to": [ 12.5, 9.5, 8.5 ],
    "faces": {
        "down":  { "uv": [ 4.5, 8.5, 3.5, 7.5 ], "texture": "#texture" },
        "up":    { "uv": [ 11.5, 7.5, 12.5, 8.5 ], "texture": "#texture" },
        "north": { "uv": [ 3.5, 6.5, 4.5, 9.5 ], "texture": "#texture" },
        "south": { "uv": [ 11.5, 6.5, 12.5, 9.5 ], "texture": "#texture" },
        "west":  { "uv": [ 7.5, 6.5, 8.5, 9.5 ], "texture": "#texture" },
        "east":  { "uv": [ 7.5, 6.5, 8.5, 9.5 ], "texture": "#texture" }
    }
}
],
"display": {
    "thirdperson_righthand": {
        "rotation": [ 0, 0, 0 ],
        "translation": [ 0, 0, 0 ],
        "scale": [ 1, 1, 1 ]
    },
    "thirdperson_lefthand": {
        "rotation": [ 0, 0, 0 ],
        "translation": [ 0, 0, 0 ],
        "scale": [ 1, 1, 1 ]
    },
    "head": {
        "rotation": [ 0, 0, 0 ],
        "translation": [ -0.76, 0.38, 0 ],
        "scale": [ 1.6, 1.6, 1.6 ]
    },
    "fixed": {
        "rotation": [ 0, 0, 0 ],
        "translation": [ 0, 0, 0 ],
        "scale": [ 1, 1, 1 ]
    },
    "firstperson_righthand": {
        "rotation": [ 0, 0, 0 ],
        "translation": [ 5, 0, -3 ],
        "scale": [ 0.5, 0.5, 0.5 ]
    },
    "firstperson_lefthand": {
        "rotation": [ 0, 0, 0 ],
        "translation": [ 0, 0, 0 ],
        "scale": [ 1, 1, 1 ]
    },
    "gui": {
        "rotation": [ 0, 135, 0 ],
        "translation": [ 0, -2.08, 0 ],
        "scale": [ 0.7, 0.7, 0.7 ]
    }
}
}