{
"__comment": "Designed by MoTy with BDcraft Cubik PRO 0.95 Beta - http://bdcraft.net",
"textures": {
    "particle": "nubx/nulls_light_black",
    "texture": "moty/bf",
	"brown": "nubx/nulls_dark_brown"
},
"elements": [ 
{
    "from": [ 1, 3, 0 ],
    "to": [ 15, 4, 14.5 ],
    "faces": {
        "down":  { "uv": [ 15, 14.5, 1, 0 ], "texture": "#texture" },
        "up":    { "uv": [ 1, 0, 15, 14.5 ], "texture": "#texture" },
        "north": { "uv": [ 1, 12, 15, 13 ], "texture": "#texture" },
        "south": { "uv": [ 1, 12, 15, 13 ], "texture": "#texture", "cullface": "south" },
        "west":  { "uv": [ 0, 12, 14.5, 13 ], "texture": "#texture" },
        "east":  { "uv": [ 1.5, 12, 16, 13 ], "texture": "#texture" }
    }
},
{
    "from": [ 1, 0, 13 ],
    "to": [ 15, 3, 15 ],
    "faces": {
        "down":  { "uv": [ 15, 15, 1, 13 ], "texture": "#particle" },
        "up":    { "uv": [ 1, 13, 15, 15 ], "texture": "#particle", "cullface": "up" },
        "north": { "uv": [ 1, 13, 15, 16 ], "texture": "#particle" },
        "south": { "uv": [ 1, 13, 15, 16 ], "texture": "#particle" },
        "west":  { "uv": [ 13, 13, 15, 16 ], "texture": "#particle" },
        "east":  { "uv": [ 1, 13, 3, 16 ], "texture": "#particle" }
    }
},
{
    "from": [ 1.5, 0.5, 14.5 ],
    "to": [ 3.5, 2.5, 15.5 ],
    "faces": {
        "down":  { "uv": [ 14.5, 15.5, 12.5, 14.5 ], "texture": "#brown" },
        "up":    { "uv": [ 1.5, 14.5, 3.5, 15.5 ], "texture": "#brown" },
        "north": { "uv": [ 12.5, 13.5, 14.5, 15.5 ], "texture": "#brown" },
        "south": { "uv": [ 1.5, 13.5, 3.5, 15.5 ], "texture": "#brown" },
        "west":  { "uv": [ 14.5, 13.5, 15.5, 15.5 ], "texture": "#brown" },
        "east":  { "uv": [ 0.5, 13.5, 1.5, 15.5 ], "texture": "#brown" }
    }
},
{
    "from": [ 4, 0.5, 14.5 ],
    "to": [ 6, 2.5, 15.5 ],
    "faces": {
        "down":  { "uv": [ 12, 15.5, 10, 14.5 ], "texture": "#brown" },
        "up":    { "uv": [ 4, 14.5, 6, 15.5 ], "texture": "#brown" },
        "north": { "uv": [ 10, 13.5, 12, 15.5 ], "texture": "#brown" },
        "south": { "uv": [ 4, 13.5, 6, 15.5 ], "texture": "#brown" },
        "west":  { "uv": [ 14.5, 13.5, 15.5, 15.5 ], "texture": "#brown" },
        "east":  { "uv": [ 0.5, 13.5, 1.5, 15.5 ], "texture": "#brown" }
    }
},
{
    "from": [ 7, 0.5, 14.5 ],
    "to": [ 9, 2.5, 15.5 ],
    "faces": {
        "down":  { "uv": [ 9, 15.5, 7, 14.5 ], "texture": "#brown" },
        "up":    { "uv": [ 7, 14.5, 9, 15.5 ], "texture": "#brown" },
        "north": { "uv": [ 7, 13.5, 9, 15.5 ], "texture": "#brown" },
        "south": { "uv": [ 7, 13.5, 9, 15.5 ], "texture": "#brown" },
        "west":  { "uv": [ 14.5, 13.5, 15.5, 15.5 ], "texture": "#brown" },
        "east":  { "uv": [ 0.5, 13.5, 1.5, 15.5 ], "texture": "#brown" }
    }
},
{
    "from": [ 10, 0.5, 14.5 ],
    "to": [ 12, 2.5, 15.5 ],
    "faces": {
        "down":  { "uv": [ 6, 15.5, 4, 14.5 ], "texture": "#brown" },
        "up":    { "uv": [ 10, 14.5, 12, 15.5 ], "texture": "#brown" },
        "north": { "uv": [ 4, 13.5, 6, 15.5 ], "texture": "#brown" },
        "south": { "uv": [ 10, 13.5, 12, 15.5 ], "texture": "#brown" },
        "west":  { "uv": [ 14.5, 13.5, 15.5, 15.5 ], "texture": "#brown" },
        "east":  { "uv": [ 0.5, 13.5, 1.5, 15.5 ], "texture": "#brown" }
    }
},
{
    "from": [ 12.5, 0.5, 14.5 ],
    "to": [ 14.5, 2.5, 15.5 ],
    "faces": {
        "down":  { "uv": [ 3.5, 15.5, 1.5, 14.5 ], "texture": "#brown" },
        "up":    { "uv": [ 12.5, 14.5, 14.5, 15.5 ], "texture": "#brown" },
        "north": { "uv": [ 1.5, 13.5, 3.5, 15.5 ], "texture": "#brown" },
        "south": { "uv": [ 12.5, 13.5, 14.5, 15.5 ], "texture": "#brown" },
        "west":  { "uv": [ 14.5, 13.5, 15.5, 15.5 ], "texture": "#brown" },
        "east":  { "uv": [ 0.5, 13.5, 1.5, 15.5 ], "texture": "#brown" }
    }
},
{
    "from": [ 0, 0.5, 13 ],
    "to": [ 1.5, 4, 15.5 ],
    "faces": {
        "down":  { "uv": [ 16, 15.5, 14.5, 13 ], "texture": "#texture" },
        "up":    { "uv": [ 0, 13, 1.5, 15.5 ], "texture": "#texture" },
        "north": { "uv": [ 14.5, 12, 16, 15.5 ], "texture": "#texture" },
        "south": { "uv": [ 0, 12, 1.5, 15.5 ], "texture": "#texture" },
        "west":  { "uv": [ 13, 12, 15.5, 15.5 ], "texture": "#texture", "cullface": "west" },
        "east":  { "uv": [ 0.5, 12, 3, 15.5 ], "texture": "#texture" }
    }
},
{
    "from": [ 14.5, 0.5, 13 ],
    "to": [ 16, 4, 15.5 ],
    "faces": {
        "down":  { "uv": [ 1.5, 15.5, 0, 13 ], "texture": "#texture" },
        "up":    { "uv": [ 14.5, 13, 16, 15.5 ], "texture": "#texture" },
        "north": { "uv": [ 0, 12, 1.5, 15.5 ], "texture": "#texture" },
        "south": { "uv": [ 14.5, 12, 16, 15.5 ], "texture": "#texture" },
        "west":  { "uv": [ 13, 12, 15.5, 15.5 ], "texture": "#texture" },
        "east":  { "uv": [ 0.5, 12, 3, 15.5 ], "texture": "#texture", "cullface": "east" }
    }
},
{
    "from": [ 1.5, 3, 14.5 ],
    "to": [ 14.5, 4, 15.5 ],
    "faces": {
        "down":  { "uv": [ 14.5, 15.5, 1.5, 14.5 ], "texture": "#texture" },
        "up":    { "uv": [ 1.5, 14.5, 14.5, 15.5 ], "texture": "#texture" },
        "north": { "uv": [ 1.5, 12, 14.5, 13 ], "texture": "#texture" },
        "south": { "uv": [ 1.5, 12, 14.5, 13 ], "texture": "#texture" },
        "west":  { "uv": [ 14.5, 12, 15.5, 13 ], "texture": "#texture" },
        "east":  { "uv": [ 0.5, 12, 1.5, 13 ], "texture": "#texture" }
    }
},
{
    "from": [ 1, 0, 0 ],
    "to": [ 15, 3, 2 ],
    "faces": {
        "down":  { "uv": [ 15, 2, 1, 0 ], "texture": "#particle" },
        "up":    { "uv": [ 1, 0, 15, 2 ], "texture": "#particle", "cullface": "up" },
        "north": { "uv": [ 1, 13, 15, 16 ], "texture": "#particle" },
        "south": { "uv": [ 1, 13, 15, 16 ], "texture": "#particle", "cullface": "south" },
        "west":  { "uv": [ 0, 13, 2, 16 ], "texture": "#particle" },
        "east":  { "uv": [ 14, 13, 16, 16 ], "texture": "#particle" }
    }
},
{
    "from": [ 1.5, 0.5, -0.5 ],
    "to": [ 3.5, 2.5, 0.5 ],
    "faces": {
        "down":  { "uv": [ 14.5, 0.5, 12.5, 0 ], "texture": "#brown", "cullface": "south" },
        "up":    { "uv": [ 1.5, 0, 3.5, 0.5 ], "texture": "#brown", "cullface": "south" },
        "north": { "uv": [ 12.5, 13.5, 14.5, 15.5 ], "texture": "#brown", "cullface": "south" },
        "south": { "uv": [ 1.5, 13.5, 3.5, 15.5 ], "texture": "#brown", "cullface": "south" },
        "west":  { "uv": [ 0, 13.5, 0.5, 15.5 ], "texture": "#brown", "cullface": "south" },
        "east":  { "uv": [ 15.5, 13.5, 16, 15.5 ], "texture": "#brown", "cullface": "south" }
    }
},
{
    "from": [ 4, 0.5, -0.5 ],
    "to": [ 6, 2.5, 0.5 ],
    "faces": {
        "down":  { "uv": [ 12, 0.5, 10, 0 ], "texture": "#brown", "cullface": "south" },
        "up":    { "uv": [ 4, 0, 6, 0.5 ], "texture": "#brown", "cullface": "south" },
        "north": { "uv": [ 10, 13.5, 12, 15.5 ], "texture": "#brown", "cullface": "south" },
        "south": { "uv": [ 4, 13.5, 6, 15.5 ], "texture": "#brown", "cullface": "south" },
        "west":  { "uv": [ 0, 13.5, 0.5, 15.5 ], "texture": "#brown", "cullface": "south" },
        "east":  { "uv": [ 15.5, 13.5, 16, 15.5 ], "texture": "#brown", "cullface": "south" }
    }
},
{
    "from": [ 7, 0.5, -0.5 ],
    "to": [ 9, 2.5, 0.5 ],
    "faces": {
        "down":  { "uv": [ 9, 0.5, 7, 0 ], "texture": "#brown", "cullface": "south" },
        "up":    { "uv": [ 7, 0, 9, 0.5 ], "texture": "#brown", "cullface": "south" },
        "north": { "uv": [ 7, 13.5, 9, 15.5 ], "texture": "#brown", "cullface": "south" },
        "south": { "uv": [ 7, 13.5, 9, 15.5 ], "texture": "#brown", "cullface": "south" },
        "west":  { "uv": [ 0, 13.5, 0.5, 15.5 ], "texture": "#brown", "cullface": "south" },
        "east":  { "uv": [ 15.5, 13.5, 16, 15.5 ], "texture": "#brown", "cullface": "south" }
    }
},
{
    "from": [ 10, 0.5, -0.5 ],
    "to": [ 12, 2.5, 0.5 ],
    "faces": {
        "down":  { "uv": [ 6, 0.5, 4, 0 ], "texture": "#brown", "cullface": "south" },
        "up":    { "uv": [ 10, 0, 12, 0.5 ], "texture": "#brown", "cullface": "south" },
        "north": { "uv": [ 4, 13.5, 6, 15.5 ], "texture": "#brown", "cullface": "south" },
        "south": { "uv": [ 10, 13.5, 12, 15.5 ], "texture": "#brown", "cullface": "south" },
        "west":  { "uv": [ 0, 13.5, 0.5, 15.5 ], "texture": "#brown", "cullface": "south" },
        "east":  { "uv": [ 15.5, 13.5, 16, 15.5 ], "texture": "#brown", "cullface": "south" }
    }
},
{
    "from": [ 12.5, 0.5, -0.5 ],
    "to": [ 14.5, 2.5, 0.5 ],
    "faces": {
        "down":  { "uv": [ 3.5, 0.5, 1.5, 0 ], "texture": "#brown", "cullface": "south" },
        "up":    { "uv": [ 12.5, 0, 14.5, 0.5 ], "texture": "#brown", "cullface": "south" },
        "north": { "uv": [ 1.5, 13.5, 3.5, 15.5 ], "texture": "#brown", "cullface": "south" },
        "south": { "uv": [ 12.5, 13.5, 14.5, 15.5 ], "texture": "#brown", "cullface": "south" },
        "west":  { "uv": [ 0, 13.5, 0.5, 15.5 ], "texture": "#brown", "cullface": "south" },
        "east":  { "uv": [ 15.5, 13.5, 16, 15.5 ], "texture": "#brown", "cullface": "south" }
    }
},
{
    "from": [ 0, 0.5, -0.5 ],
    "to": [ 1.5, 4, 2 ],
    "faces": {
        "down":  { "uv": [ 16, 2, 14.5, 0 ], "texture": "#texture", "cullface": "south" },
        "up":    { "uv": [ 0, 0, 1.5, 2 ], "texture": "#texture", "cullface": "south" },
        "north": { "uv": [ 14.5, 12, 16, 15.5 ], "texture": "#texture", "cullface": "south" },
        "south": { "uv": [ 0, 12, 1.5, 15.5 ], "texture": "#texture", "cullface": "south" },
        "west":  { "uv": [ 0, 12, 2, 15.5 ], "texture": "#texture", "cullface": "south" },
        "east":  { "uv": [ 14, 12, 16, 15.5 ], "texture": "#texture", "cullface": "south" }
    }
},
{
    "from": [ 14.5, 0.5, -0.5 ],
    "to": [ 16, 4, 2 ],
    "faces": {
        "down":  { "uv": [ 1.5, 2, 0, 0 ], "texture": "#texture", "cullface": "south" },
        "up":    { "uv": [ 14.5, 0, 16, 2 ], "texture": "#texture", "cullface": "south" },
        "north": { "uv": [ 0, 12, 1.5, 15.5 ], "texture": "#texture", "cullface": "south" },
        "south": { "uv": [ 14.5, 12, 16, 15.5 ], "texture": "#texture", "cullface": "south" },
        "west":  { "uv": [ 0, 12, 2, 15.5 ], "texture": "#texture", "cullface": "south" },
        "east":  { "uv": [ 14, 12, 16, 15.5 ], "texture": "#texture", "cullface": "south" }
    }
},
{
    "from": [ 1.5, 3, -0.5 ],
    "to": [ 14.5, 4, 0 ],
    "faces": {
        "down":  { "uv": [ 14.5, 0, 1.5, 0 ], "texture": "#texture", "cullface": "south" },
        "up":    { "uv": [ 1.5, 0, 14.5, 0 ], "texture": "#texture", "cullface": "south" },
        "north": { "uv": [ 1.5, 12, 14.5, 13 ], "texture": "#texture", "cullface": "south" },
        "south": { "uv": [ 1.5, 12, 14.5, 13 ], "texture": "#texture", "cullface": "south" },
        "west":  { "uv": [ 0, 12, 0, 13 ], "texture": "#texture", "cullface": "south" },
        "east":  { "uv": [ 16, 12, 16, 13 ], "texture": "#texture", "cullface": "south" }
    }
},
{
    "from": [ 1, 4, 0 ],
    "to": [ 15, 6, 14.5 ],
    "faces": {
        "down":  { "uv": [ 15, 14.5, 1, 0 ], "texture": "#texture" },
        "up":    { "uv": [ 1, 0, 15, 14.5 ], "texture": "#texture" },
        "north": { "uv": [ 1, 10, 15, 12 ], "texture": "#texture" },
        "south": { "uv": [ 1, 10, 15, 12 ], "texture": "#texture", "cullface": "south" },
        "west":  { "uv": [ 0, 10, 14.5, 12 ], "texture": "#texture" },
        "east":  { "uv": [ 1.5, 10, 16, 12 ], "texture": "#texture" }
    }
},
{
    "from": [ 1.5, 6, 0.5 ],
    "to": [ 14.5, 7, 14 ],
    "faces": {
        "down":  { "uv": [ 14.5, 14, 1.5, 0.5 ], "texture": "#texture" },
        "up":    { "uv": [ 1.5, 0.5, 14.5, 14 ], "texture": "#texture" },
        "north": { "uv": [ 1.5, 9, 14.5, 10 ], "texture": "#texture" },
        "south": { "uv": [ 1.5, 9, 14.5, 10 ], "texture": "#texture" },
        "west":  { "uv": [ 0.5, 9, 14, 10 ], "texture": "#texture" },
        "east":  { "uv": [ 2, 9, 15.5, 10 ], "texture": "#texture" }
    }
},
{
    "from": [ 5.5, 7, 3.5 ],
    "to": [ 12.5, 9.5, 11 ],
    "faces": {
        "down":  { "uv": [ 10.5, 11, 3.5, 3.5 ], "texture": "#texture" },
        "up":    { "uv": [ 5.5, 3.5, 12.5, 11 ], "texture": "#texture" },
        "north": { "uv": [ 3.5, 6.5, 10.5, 9 ], "texture": "#texture" },
        "south": { "uv": [ 5.5, 6.5, 12.5, 9 ], "texture": "#texture" },
        "west":  { "uv": [ 3.5, 6.5, 11, 9 ], "texture": "#texture" },
        "east":  { "uv": [ 5, 6.5, 12.5, 9 ], "texture": "#texture" }
    }
},
{
    "from": [ -4, 7.5, 6 ],
    "to": [ 5.5, 9, 8 ],
    "faces": {
        "down":  { "uv": [ 16, 8, 10.5, 6 ], "texture": "#texture", "cullface": "west" },
        "up":    { "uv": [ 0, 6, 5.5, 8 ], "texture": "#texture", "cullface": "west" },
        "north": { "uv": [ 10.5, 7, 16, 8.5 ], "texture": "#texture", "cullface": "west" },
        "south": { "uv": [ 0, 7, 5.5, 8.5 ], "texture": "#texture", "cullface": "west" },
        "west":  { "uv": [ 6, 7, 8, 8.5 ], "texture": "#texture", "cullface": "west" },
        "east":  { "uv": [ 8, 7, 10, 8.5 ], "texture": "#texture", "cullface": "west" }
    }
},
{
    "from": [ -5.5, 7, 5.5 ],
    "to": [ -4, 9.5, 8.5 ],
    "faces": {
        "down":  { "uv": [ 16, 8.5, 16, 5.5 ], "texture": "#texture", "cullface": "west" },
        "up":    { "uv": [ 0, 5.5, 0, 8.5 ], "texture": "#texture", "cullface": "west" },
        "north": { "uv": [ 16, 6.5, 16, 9 ], "texture": "#texture", "cullface": "west" },
        "south": { "uv": [ 0, 6.5, 0, 9 ], "texture": "#texture", "cullface": "west" },
        "west":  { "uv": [ 5.5, 6.5, 8.5, 9 ], "texture": "#texture", "cullface": "west" },
        "east":  { "uv": [ 7.5, 6.5, 10.5, 9 ], "texture": "#texture", "cullface": "west" }
    }
},
{
    "from": [ -6, 7.5, 6 ],
    "to": [ -5.5, 9, 8 ],
    "faces": {
        "down":  { "uv": [ 16, 8, 16, 6 ], "texture": "#particle", "cullface": "west" },
        "up":    { "uv": [ 0, 6, 0, 8 ], "texture": "#particle", "cullface": "west" },
        "north": { "uv": [ 16, 7, 16, 8.5 ], "texture": "#particle", "cullface": "west" },
        "south": { "uv": [ 0, 7, 0, 8.5 ], "texture": "#particle", "cullface": "west" },
        "west":  { "uv": [ 6, 7, 8, 8.5 ], "texture": "#particle", "cullface": "west" },
        "east":  { "uv": [ 8, 7, 10, 8.5 ], "texture": "#particle", "cullface": "west" }
    }
},
{
    "from": [ 8, 9.5, 5 ],
    "to": [ 12, 10.5, 9 ],
    "faces": {
        "down":  { "uv": [ 8, 9, 4, 5 ], "texture": "#texture" },
        "up":    { "uv": [ 8, 5, 12, 9 ], "texture": "#texture" },
        "north": { "uv": [ 4, 5.5, 8, 6.5 ], "texture": "#texture" },
        "south": { "uv": [ 8, 5.5, 12, 6.5 ], "texture": "#texture" },
        "west":  { "uv": [ 5, 5.5, 9, 6.5 ], "texture": "#texture" },
        "east":  { "uv": [ 7, 5.5, 11, 6.5 ], "texture": "#texture" }
    }
},
{
    "from": [ 8, 7, 11 ],
    "to": [ 12, 8, 13.5 ],
    "faces": {
        "down":  { "uv": [ 8, 13.5, 4, 11 ], "texture": "#particle" },
        "up":    { "uv": [ 8, 11, 12, 13.5 ], "texture": "#particle" },
        "north": { "uv": [ 4, 8, 8, 9 ], "texture": "#particle" },
        "south": { "uv": [ 8, 8, 12, 9 ], "texture": "#particle" },
        "west":  { "uv": [ 11, 8, 13.5, 9 ], "texture": "#particle" },
        "east":  { "uv": [ 2.5, 8, 5, 9 ], "texture": "#particle" }
    }
},
{
    "from": [ 5, 7, 11.5 ],
    "to": [ 8, 7.5, 12 ],
    "faces": {
        "down":  { "uv": [ 11, 12, 8, 11.5 ], "texture": "#particle" },
        "up":    { "uv": [ 5, 11.5, 8, 12 ], "texture": "#particle" },
        "north": { "uv": [ 8, 8.5, 11, 9 ], "texture": "#particle" },
        "south": { "uv": [ 5, 8.5, 8, 9 ], "texture": "#particle" },
        "west":  { "uv": [ 11.5, 8.5, 12, 9 ], "texture": "#particle" },
        "east":  { "uv": [ 4, 8.5, 4.5, 9 ], "texture": "#particle" }
    }
},
{
    "from": [ 5, 7, 12.5 ],
    "to": [ 8, 7.5, 13 ],
    "faces": {
        "down":  { "uv": [ 11, 13, 8, 12.5 ], "texture": "#particle" },
        "up":    { "uv": [ 5, 12.5, 8, 13 ], "texture": "#particle" },
        "north": { "uv": [ 8, 8.5, 11, 9 ], "texture": "#particle" },
        "south": { "uv": [ 5, 8.5, 8, 9 ], "texture": "#particle" },
        "west":  { "uv": [ 12.5, 8.5, 13, 9 ], "texture": "#particle" },
        "east":  { "uv": [ 3, 8.5, 3.5, 9 ], "texture": "#particle" }
    }
},
{
    "from": [ 8, 7, 1 ],
    "to": [ 12, 8, 3.5 ],
    "faces": {
        "down":  { "uv": [ 8, 3.5, 4, 1 ], "texture": "#particle" },
        "up":    { "uv": [ 8, 1, 12, 3.5 ], "texture": "#particle" },
        "north": { "uv": [ 4, 8, 8, 9 ], "texture": "#particle" },
        "south": { "uv": [ 8, 8, 12, 9 ], "texture": "#particle" },
        "west":  { "uv": [ 1, 8, 3.5, 9 ], "texture": "#particle" },
        "east":  { "uv": [ 12.5, 8, 15, 9 ], "texture": "#particle" }
    }
},
{
    "from": [ 5, 7, 1.5 ],
    "to": [ 8, 7.5, 2 ],
    "faces": {
        "down":  { "uv": [ 11, 2, 8, 1.5 ], "texture": "#particle" },
        "up":    { "uv": [ 5, 1.5, 8, 2 ], "texture": "#particle" },
        "north": { "uv": [ 8, 8.5, 11, 9 ], "texture": "#particle" },
        "south": { "uv": [ 5, 8.5, 8, 9 ], "texture": "#particle" },
        "west":  { "uv": [ 1.5, 8.5, 2, 9 ], "texture": "#particle" },
        "east":  { "uv": [ 14, 8.5, 14.5, 9 ], "texture": "#particle" }
    }
},
{
    "from": [ 5, 7, 2.5 ],
    "to": [ 8, 7.5, 3 ],
    "faces": {
        "down":  { "uv": [ 11, 3, 8, 2.5 ], "texture": "#particle" },
        "up":    { "uv": [ 5, 2.5, 8, 3 ], "texture": "#particle" },
        "north": { "uv": [ 8, 8.5, 11, 9 ], "texture": "#particle" },
        "south": { "uv": [ 5, 8.5, 8, 9 ], "texture": "#particle" },
        "west":  { "uv": [ 2.5, 8.5, 3, 9 ], "texture": "#particle" },
        "east":  { "uv": [ 13, 8.5, 13.5, 9 ], "texture": "#particle" }
    }
},
{
    "from": [ 12.5, 7, 3 ],
    "to": [ 14.5, 9.5, 11.5 ],
    "faces": {
        "down":  { "uv": [ 3.5, 11.5, 1.5, 3 ], "texture": "#texture" },
        "up":    { "uv": [ 12.5, 3, 14.5, 11.5 ], "texture": "#texture" },
        "north": { "uv": [ 1.5, 6.5, 3.5, 9 ], "texture": "#texture" },
        "south": { "uv": [ 12.5, 6.5, 14.5, 9 ], "texture": "#texture" },
        "west":  { "uv": [ 3, 6.5, 11.5, 9 ], "texture": "#texture" },
        "east":  { "uv": [ 4.5, 6.5, 13, 9 ], "texture": "#texture" }
    }
},
{
    "from": [ 14.5, 1, 2 ],
    "to": [ 15.5, 4, 13 ],
    "faces": {
        "down":  { "uv": [ 1.5, 13, 0.5, 2 ], "texture": "#texture" },
        "up":    { "uv": [ 14.5, 2, 15.5, 13 ], "texture": "#texture" },
        "north": { "uv": [ 0.5, 12, 1.5, 15 ], "texture": "#texture" },
        "south": { "uv": [ 14.5, 12, 15.5, 15 ], "texture": "#texture" },
        "west":  { "uv": [ 2, 12, 13, 15 ], "texture": "#texture" },
        "east":  { "uv": [ 3, 12, 14, 15 ], "texture": "#texture" }
    }
},
{
    "from": [ 0.5, 0.5, 2 ],
    "to": [ 1, 4, 13 ],
    "faces": {
        "down":  { "uv": [ 15.5, 13, 15, 2 ], "texture": "#texture" },
        "up":    { "uv": [ 0.5, 2, 1, 13 ], "texture": "#texture" },
        "north": { "uv": [ 15, 12, 15.5, 15.5 ], "texture": "#texture" },
        "south": { "uv": [ 0.5, 12, 1, 15.5 ], "texture": "#texture" },
        "west":  { "uv": [ 2, 12, 13, 15.5 ], "texture": "#texture" },
        "east":  { "uv": [ 3, 12, 14, 15.5 ], "texture": "#texture" }
    }
}
],
"display": {
	"thirdperson_righthand": {
		"rotation":  [ 0, -90, 0 ],
		"translation":  [ -0.19, 2.65, -5.29 ],
		"scale":  [ 0.7, 0.7, 0.7 ]
	},
	"thirdperson_lefthand": {
		"rotation":  [ 0, 90, 0 ],
		"translation":  [ 0.38, 2.65, -4.72 ],
		"scale":  [ 0.7, 0.7, 0.7 ]
	},
	"firstperson_righthand": {
		"rotation":  [ 0, -105, 0 ],
		"translation":  [ 0.56, 4.16, -5.67 ]
	},
	"firstperson_lefthand": {
		"rotation":  [ 0, 71, 0 ],
		"translation":  [ 0.56, 4.16, -5.67 ]
	},
	"gui": {
		"rotation":  [ 0, 0, -40 ],
		"translation":  [ 0.19, 1.7, 0.57 ],
		"scale":  [ 0.5, 0.5, 0.5 ]
	},
	"ground": {
		"translation":  [ 0, 8.31, 0 ]
	}
}
}