{
	"parent": "item/generated",
	"textures": {
		"layer0": "item/flint"
	},
	
	"overrides": [
		{"predicate": {"custom_model_data":1}, "model": "item/iron_bucket"},
		{"predicate": {"custom_model_data":2}, "model": "item/iron_bucket"},
		{"predicate": {"custom_model_data":3}, "model": "item/iron_bucket"},
		{"predicate": {"custom_model_data":4}, "model": "item/coal_bucket"},
		{"predicate": {"custom_model_data":5}, "model": "item/coal_bucket"},
		{"predicate": {"custom_model_data":6}, "model": "item/coal_bucket"},
		{"predicate": {"custom_model_data":7}, "model": "item/copper_bucket"},
		{"predicate": {"custom_model_data":8}, "model": "item/copper_bucket"},
		{"predicate": {"custom_model_data":9}, "model": "item/copper_bucket"},
		{"predicate": {"custom_model_data":10}, "model": "item/lapis_bucket"}, 
		{"predicate": {"custom_model_data":11}, "model": "item/lapis_bucket"}, 
		{"predicate": {"custom_model_data":12}, "model": "item/lapis_bucket"}, 
		{"predicate": {"custom_model_data":13}, "model": "item/gold_bucket"},
		{"predicate": {"custom_model_data":14}, "model": "item/gold_bucket"},
		{"predicate": {"custom_model_data":15}, "model": "item/gold_bucket"},
		{"predicate": {"custom_model_data":16}, "model": "item/redstone_bucket"},
		{"predicate": {"custom_model_data":17}, "model": "item/redstone_bucket"},
		{"predicate": {"custom_model_data":18}, "model": "item/redstone_bucket"},
		{"predicate": {"custom_model_data":19}, "model": "item/diamond_bucket"},
		{"predicate": {"custom_model_data":20}, "model": "item/diamond_bucket"},
		{"predicate": {"custom_model_data":21}, "model": "item/diamond_bucket"},
		{"predicate": {"custom_model_data":22}, "model": "item/emerald_bucket"},
		{"predicate": {"custom_model_data":23}, "model": "item/emerald_bucket"},
		{"predicate": {"custom_model_data":24}, "model": "item/emerald_bucket"},
		{"predicate": {"custom_model_data":25}, "model": "item/nether_gold_ore_bucket"},
		{"predicate": {"custom_model_data":26}, "model": "item/netherite_scrap_bucket"},
		{"predicate": {"custom_model_data":27}, "model": "item/netherite_bucket"},
		{"predicate": {"custom_model_data":28}, "model": "item/tnt_bucket"},
		{"predicate": {"custom_model_data":29}, "model": "item/creeper_bucket"},
		{"predicate": {"custom_model_data":30}, "model": "item/zombie_bucket"},
		{"predicate": {"custom_model_data":31}, "model": "item/skeleton_bucket"},
		{"predicate": {"custom_model_data":32}, "model": "item/enderman_bucket"},
		{"predicate": {"custom_model_data":33}, "model": "item/blaze_bucket"}
	]                                                    
}                                                        
                                                         