{
	"parent": "item/generated",
	"textures": {
		"layer0": "item/chorus_fruit"
	},
	
	"overrides": [
		{"predicate": {"custom_model_data":1}, "model": "item/dirt_chorus_fruit"},
		{"predicate": {"custom_model_data":2}, "model": "item/stone_chorus_fruit"},
		{"predicate": {"custom_model_data":3}, "model": "item/coal_chorus_fruit"},
		{"predicate": {"custom_model_data":4}, "model": "item/copper_chorus_fruit"},
		{"predicate": {"custom_model_data":5}, "model": "item/iron_chorus_fruit"},
		{"predicate": {"custom_model_data":6}, "model": "item/lapis_chorus_fruit"},
		{"predicate": {"custom_model_data":7}, "model": "item/golden_chorus_fruit"},
		{"predicate": {"custom_model_data":8}, "model": "item/diamond_chorus_fruit"},
		{"predicate": {"custom_model_data":9}, "model": "item/netherite_chorus_fruit"}		
	]                                                    
}                                                        
                                                         