{
  "shoot.ak": {
    "category": "master",
    "sounds": [
      "shoot/ak"
    ]
  },
  "shoot.sniper": {
    "category": "master",
    "sounds": [
      "shoot/sniper"
    ]
  },
  "scope.sniper": {
    "category": "master",
    "sounds": [
      "scope/sniper"
    ]
  },
  "reload.start": {
    "category": "master",
    "sounds": [
      "reload/start"
    ]
  },
  "reload.end": {
    "category": "master",
    "sounds": [
      "reload/end"
    ]
  },
  "death.1": {
    "category": "master",
    "sounds": [
      "death/death1"
    ]
  },
  "death.2": {
    "category": "master",
    "sounds": [
      "death/death2"
    ]
  }
}
 