{
	"credit": "Made with Blockbench",
	"parent": "item/handheld",
	"textures": {
		"layer0": "item/diamond2"
	},
	"display": {
		"thirdperson_righthand": {
			"translation": [0, 5, 1.25]
		},
		"thirdperson_lefthand": {
			"translation": [0, 4.25, 0.75]
		},
		"firstperson_righthand": {
			"rotation": [-12, -47, 0],
			"translation": [2, 6, -3],
			"scale": [1.3, 1.3, 1.3]
		},
		"firstperson_lefthand": {
			"rotation": [-18, -48, 0],
			"translation": [-0.75, 6, 0]
		},
		"ground": {
			"translation": [0, 10.5, 0],
			"scale": [2, 2, 2]
		},
		"gui": {
			"translation": [0.75, 5, 0],
			"scale": [2, 2, 2]
		},
		"fixed": {
			"translation": [0, 4, -0.25],
			"scale": [2, 2, 2]
		}
	}
}