{
	"credit": "Made with Blockbench",
	"parent": "item/handheld",
	"textures": {
		"layer0": "item/golden_pickaxe3"
	},
	"display": {
		"thirdperson_righthand": {
			"rotation": [90, 90, -45],
			"translation": [0, 11.75, 2.5],
			"scale": [2, 2, 2]
		},
		"thirdperson_lefthand": {
			"rotation": [90, -90, 45],
			"translation": [0, 14.75, 2.75],
			"scale": [2, 2, 2]
		},
		"firstperson_righthand": {
			"rotation": [-60, -87, -33],
			"translation": [2, 3.25, -2.25],
			"scale": [2, 2, 2]
		},
		"firstperson_lefthand": {
			"rotation": [60, -75, 26],
			"translation": [3.5, 4.75, -0.5],
			"scale": [2, 2, 2]
		},
		"ground": {
			"translation": [0, 10.5, 0],
			"scale": [2, 2, 2]
		},
		"gui": {
			"translation": [3.75, 3.75, 0],
			"scale": [2, 2, 2]
		},
		"fixed": {
			"translation": [-0.5, 1.5, -1],
			"scale": [2, 2, 2]
		}
	}
}