{
	"credit": "Made with Blockbench",
	"parent": "item/handheld",
	"textures": {
		"layer0": "item/golden_pickaxe5"
	},
	"display": {
		"thirdperson_righthand": {
			"rotation": [90, 90, -45],
			"translation": [1.75, 33, 3.25],
			"scale": [4, 4, 4]
		},
		"thirdperson_lefthand": {
			"rotation": [90, -90, 45],
			"translation": [-1, 31, 2.75],
			"scale": [4, 4, 4]
		},
		"firstperson_righthand": {
			"rotation": [-60, -87, -33],
			"translation": [2, 2.75, -2.25],
			"scale": [4, 4, 4]
		},
		"firstperson_lefthand": {
			"rotation": [60, -75, 26],
			"translation": [1.75, 4.75, -0.5],
			"scale": [4, 4, 4]
		},
		"ground": {
			"translation": [18.25, 26, 0],
			"scale": [4, 4, 4]
		},
		"gui": {
			"translation": [18.5, 19, 0],
			"scale": [4, 4, 4]
		},
		"fixed": {
			"translation": [16, 15.5, -1],
			"scale": [4, 4, 4]
		}
	}
}