{
"__comment": "Designed by MoTy with BDcraft Cubik PRO 0.95 Beta - http://bdcraft.net",
"textures": {
	"particle": "nubx/nulls_white",
    "texture": "nubx/nulls_light_black"
},
"elements": [ 
{
    "from": [ 2.625, 4.375, 8 ],
    "to": [ 5.5, 4.75, 9 ],
    "faces": {
        "down":  { "uv": [ 13.375, 9, 10.5, 8 ], "texture": "#texture" },
        "up":    { "uv": [ 2.625, 8, 5.5, 9 ], "texture": "#texture" },
        "north": { "uv": [ 5.5, 11.25, 2.625, 11.625 ], "texture": "#texture" },
        "south": { "uv": [ 2.625, 11.25, 5.5, 11.625 ], "texture": "#texture" },
        "west":  { "uv": [ 8, 11.25, 9, 11.625 ], "texture": "#texture" },
        "east":  { "uv": [ 9, 11.25, 8, 11.625 ], "texture": "#texture" }
    }
},
{
    "from": [ 4.875, 4.375, 8 ],
    "to": [ 5.25, 5.125, 9 ],
    "faces": {
        "down":  { "uv": [ 11.125, 9, 10.75, 8 ], "texture": "#texture" },
        "up":    { "uv": [ 4.875, 8, 5.25, 9 ], "texture": "#texture" },
        "north": { "uv": [ 5.25, 10.875, 4.875, 11.625 ], "texture": "#texture" },
        "south": { "uv": [ 4.875, 10.875, 5.25, 11.625 ], "texture": "#texture" },
        "west":  { "uv": [ 8, 10.875, 9, 11.625 ], "texture": "#texture" },
        "east":  { "uv": [ 9, 10.875, 8, 11.625 ], "texture": "#texture" }
    }
},
{
    "from": [ 2.5, 4.375, 8 ],
    "to": [ 3, 5.75, 9 ],
    "faces": {
        "down":  { "uv": [ 13.5, 9, 13, 8 ], "texture": "#texture" },
        "up":    { "uv": [ 2.5, 8, 3, 9 ], "texture": "#texture" },
        "north": { "uv": [ 3, 10.25, 2.5, 11.625 ], "texture": "#texture" },
        "south": { "uv": [ 2.5, 10.25, 3, 11.625 ], "texture": "#texture" },
        "west":  { "uv": [ 8, 10.25, 9, 11.625 ], "texture": "#texture" },
        "east":  { "uv": [ 9, 10.25, 8, 11.625 ], "texture": "#texture" }
    }
},
{
    "from": [ 3, 5.625, 8 ],
    "to": [ 3.5, 7, 9 ],
    "faces": {
        "down":  { "uv": [ 13, 9, 12.5, 8 ], "texture": "#texture" },
        "up":    { "uv": [ 3, 8, 3.5, 9 ], "texture": "#texture" },
        "north": { "uv": [ 3.5, 9, 3, 10.375 ], "texture": "#texture" },
        "south": { "uv": [ 3, 9, 3.5, 10.375 ], "texture": "#texture" },
        "west":  { "uv": [ 8, 9, 9, 10.375 ], "texture": "#texture" },
        "east":  { "uv": [ 9, 9, 8, 10.375 ], "texture": "#texture" }
    }
},
{
    "from": [ 3.375, 6.625, 7.9375 ],
    "to": [ 3.875, 8, 9 ],
    "faces": {
        "down":  { "uv": [ 12.625, 9, 12.125, 7.9375 ], "texture": "#texture" },
        "up":    { "uv": [ 3.375, 7.9375, 3.875, 9 ], "texture": "#texture" },
        "north": { "uv": [ 3.875, 8, 3.375, 9.375 ], "texture": "#texture" },
        "south": { "uv": [ 3.375, 8, 3.875, 9.375 ], "texture": "#texture" },
        "west":  { "uv": [ 7.9375, 8, 9, 9.375 ], "texture": "#texture" },
        "east":  { "uv": [ 9, 8, 7.9375, 9.375 ], "texture": "#texture" }
    }
},
{
    "from": [ 3.125, 7.8712, 8.0625 ],
    "to": [ 3.625, 8.7462, 8.9375 ],
    "faces": {
        "down":  { "uv": [ 12.875, 8.9375, 12.375, 8.0625 ], "texture": "#particle" },
        "up":    { "uv": [ 3.125, 8.0625, 3.625, 8.9375 ], "texture": "#particle" },
        "north": { "uv": [ 3.625, 7.253809928894043, 3.125, 8.128809928894043 ], "texture": "#particle" },
        "south": { "uv": [ 3.125, 7.253809928894043, 3.625, 8.128809928894043 ], "texture": "#particle" },
        "west":  { "uv": [ 8.0625, 7.253809928894043, 8.9375, 8.128809928894043 ], "texture": "#particle" },
        "east":  { "uv": [ 8.9375, 7.253809928894043, 8.0625, 8.128809928894043 ], "texture": "#particle" }
    }
},
{
    "from": [ 2.625, 8.25, 8 ],
    "to": [ 3.125, 9.125, 9 ],
    "faces": {
        "down":  { "uv": [ 13.375, 9, 12.875, 8 ], "texture": "#particle" },
        "up":    { "uv": [ 2.625, 8, 3.125, 9 ], "texture": "#particle" },
        "north": { "uv": [ 3.125, 6.875, 2.625, 7.75 ], "texture": "#particle" },
        "south": { "uv": [ 2.625, 6.875, 3.125, 7.75 ], "texture": "#particle" },
        "west":  { "uv": [ 8, 6.875, 9, 7.75 ], "texture": "#particle" },
        "east":  { "uv": [ 9, 6.875, 8, 7.75 ], "texture": "#particle" }
    }
},
{
    "from": [ 2.625, 9.125, 8 ],
    "to": [ 2.75, 9.5, 9 ],
    "faces": {
        "down":  { "uv": [ 13.375, 9, 13.25, 8 ], "texture": "#texture" },
        "up":    { "uv": [ 2.625, 8, 2.75, 9 ], "texture": "#texture" },
        "north": { "uv": [ 2.75, 6.5, 2.625, 6.875 ], "texture": "#texture" },
        "south": { "uv": [ 2.625, 6.5, 2.75, 6.875 ], "texture": "#texture" },
        "west":  { "uv": [ 8, 6.5, 9, 6.875 ], "texture": "#texture" },
        "east":  { "uv": [ 9, 6.5, 8, 6.875 ], "texture": "#texture" }
    }
},
{
    "from": [ 5.25, 5.125, 8 ],
    "to": [ 5.625, 6.125, 9 ],
    "faces": {
        "down":  { "uv": [ 10.75, 9, 10.375, 8 ], "texture": "#particle" },
        "up":    { "uv": [ 5.25, 8, 5.625, 9 ], "texture": "#particle" },
        "north": { "uv": [ 5.625, 9.875, 5.25, 10.875 ], "texture": "#particle" },
        "south": { "uv": [ 5.25, 9.875, 5.625, 10.875 ], "texture": "#particle" },
        "west":  { "uv": [ 8, 9.875, 9, 10.875 ], "texture": "#particle" },
        "east":  { "uv": [ 9, 9.875, 8, 10.875 ], "texture": "#particle" }
    }
},
{
    "from": [ 5.5, 5.875, 8 ],
    "to": [ 5.875, 7.5, 9 ],
    "faces": {
        "down":  { "uv": [ 10.75, 9, 10.375, 8 ], "texture": "#particle" },
        "up":    { "uv": [ 5.25, 8, 5.625, 9 ], "texture": "#particle" },
        "north": { "uv": [ 5.625, 8.375, 5.25, 10 ], "texture": "#particle" },
        "south": { "uv": [ 5.25, 8.375, 5.625, 10 ], "texture": "#particle" },
        "west":  { "uv": [ 8, 8.375, 9, 10 ], "texture": "#particle" },
        "east":  { "uv": [ 9, 8.375, 8, 10 ], "texture": "#particle" }
    }
},
{
    "from": [ 6, 7.5, 8 ],
    "to": [ 8, 7.625, 9 ],
    "faces": {
        "down":  { "uv": [ 10, 9, 8, 8 ], "texture": "#particle" },
        "up":    { "uv": [ 6, 8, 8, 9 ], "texture": "#particle" },
        "north": { "uv": [ 8, 8.375, 6, 8.5 ], "texture": "#particle" },
        "south": { "uv": [ 6, 8.375, 8, 8.5 ], "texture": "#particle" },
        "west":  { "uv": [ 8, 8.375, 9, 8.5 ], "texture": "#particle" },
        "east":  { "uv": [ 9, 8.375, 8, 8.5 ], "texture": "#particle" }
    }
},
{
    "from": [ 8, 7.5, 8 ],
    "to": [ 8.25, 8.625, 9 ],
    "faces": {
        "down":  { "uv": [ 8, 9, 7.75, 8 ], "texture": "#particle" },
        "up":    { "uv": [ 8, 8, 8.25, 9 ], "texture": "#particle" },
        "north": { "uv": [ 8.25, 7.375, 8, 8.5 ], "texture": "#particle" },
        "south": { "uv": [ 8, 7.375, 8.25, 8.5 ], "texture": "#particle" },
        "west":  { "uv": [ 8, 7.375, 9, 8.5 ], "texture": "#particle" },
        "east":  { "uv": [ 9, 7.375, 8, 8.5 ], "texture": "#particle" }
    }
},
{
    "from": [ 7.75, 8.625, 8 ],
    "to": [ 8.375, 9.125, 9 ],
    "faces": {
        "down":  { "uv": [ 8.25, 9, 7.625, 8 ], "texture": "#particle" },
        "up":    { "uv": [ 7.75, 8, 8.375, 9 ], "texture": "#particle" },
        "north": { "uv": [ 8.375, 6.875, 7.75, 7.375 ], "texture": "#particle" },
        "south": { "uv": [ 7.75, 6.875, 8.375, 7.375 ], "texture": "#particle" },
        "west":  { "uv": [ 8, 6.875, 9, 7.375 ], "texture": "#particle" },
        "east":  { "uv": [ 9, 6.875, 8, 7.375 ], "texture": "#particle" }
    }
},
{
    "from": [ 6.625, 9.25, 7.8125 ],
    "to": [ 14.625, 10.25, 9.125 ],
    "faces": {
        "down":  { "uv": [ 9.375, 9.125, 1.375, 7.8125 ], "texture": "#particle" },
        "up":    { "uv": [ 6.625, 7.8125, 14.625, 9.125 ], "texture": "#particle" },
        "north": { "uv": [ 14.625, 5.75, 6.625, 6.5625 ], "texture": "#particle" },
        "south": { "uv": [ 6.625, 5.75, 14.625, 6.5625 ], "texture": "#particle" },
        "west":  { "uv": [ 7.8125, 5.75, 9.125, 6.5625 ], "texture": "#particle" },
        "east":  { "uv": [ 9.125, 5.75, 7.8125, 6.5625 ], "texture": "#particle" }
    }
},
{
    "from": [ 3.1553, 10.75, 8.0625 ],
    "to": [ 3.5303, 11.5, 8.8125 ],
    "faces": {
        "down":  { "uv": [ 3.25, 8, 3.625, 9 ], "texture": "#texture" },
        "up":    { "uv": [ 3.25, 8, 3.625, 9 ], "texture": "#texture" },
        "north": { "uv": [ 3.25, 4.5, 3.625, 5.25 ], "texture": "#texture" },
        "south": { "uv": [ 3.25, 4.5, 3.625, 5.25 ], "texture": "#texture" },
        "west":  { "uv": [ 8, 4.5, 9, 5.25 ], "texture": "#texture" },
        "east":  { "uv": [ 8, 4.5, 9, 5.25 ], "texture": "#texture" }
    }
},
{
    "from": [ 3.5, 9, 8 ],
    "to": [ 6.5, 11, 9 ],
    "faces": {
        "down":  { "uv": [ 12.75, 9, 9.75, 8 ], "texture": "#particle" },
        "up":    { "uv": [ 3.25, 8, 6.25, 9 ], "texture": "#particle" },
        "north": { "uv": [ 6.25, 4.5, 3.25, 7 ], "texture": "#particle" },
        "south": { "uv": [ 3.25, 4.5, 6.25, 7 ], "texture": "#particle" },
        "west":  { "uv": [ 8, 4.5, 9, 7 ], "texture": "#particle" },
        "east":  { "uv": [ 9, 4.5, 8, 7 ], "texture": "#particle" }
    }
},
{
    "from": [ 2.5, 8.5, 8 ],
    "to": [ 3.5, 11, 9 ],
    "faces": {
        "down":  { "uv": [ 13.25, 9, 12.75, 8 ], "texture": "#particle" },
        "up":    { "uv": [ 2.75, 8, 3.25, 9 ], "texture": "#particle" },
        "north": { "uv": [ 3.25, 5, 2.75, 6.75 ], "texture": "#particle" },
        "south": { "uv": [ 2.75, 5, 3.25, 6.75 ], "texture": "#particle" },
        "west":  { "uv": [ 8, 5, 9, 6.75 ], "texture": "#particle" },
        "east":  { "uv": [ 9, 5, 8, 6.75 ], "texture": "#particle" }
    }
},
{
    "from": [ 6.625, 9.125, 8 ],
    "to": [ 14.625, 9.5, 9 ],
    "faces": {
        "down":  { "uv": [ 9.375, 9, 1.375, 8 ], "texture": "#texture" },
        "up":    { "uv": [ 6.625, 8, 14.625, 9 ], "texture": "#texture" },
        "north": { "uv": [ 14.625, 6.5, 6.625, 6.875 ], "texture": "#texture" },
        "south": { "uv": [ 6.625, 6.5, 14.625, 6.875 ], "texture": "#texture" },
        "west":  { "uv": [ 8, 6.5, 9, 6.875 ], "texture": "#texture" },
        "east":  { "uv": [ 9, 6.5, 8, 6.875 ], "texture": "#texture" }
    }
},
{
    "from": [ 14.375, 9.75, 7.875 ],
    "to": [ 14.875, 10.25, 9.0625 ],
    "faces": {
        "down":  { "uv": [ 1.625, 9.0625, 1.25, 7.875 ], "texture": "#texture" },
        "up":    { "uv": [ 14.375, 7.875, 14.75, 9.0625 ], "texture": "#texture" },
        "north": { "uv": [ 14.75, 5.75, 14.375, 6.5 ], "texture": "#texture" },
        "south": { "uv": [ 14.375, 5.75, 14.75, 6.5 ], "texture": "#texture" },
        "west":  { "uv": [ 7.875, 5.75, 9.0625, 6.5 ], "texture": "#texture" },
        "east":  { "uv": [ 9.0625, 5.75, 7.875, 6.5 ], "texture": "#texture" }
    }
},
{
    "from": [ 8.125, 10.125, 8.25 ],
    "to": [ 14.75, 11, 8.75 ],
    "faces": {
        "down":  { "uv": [ 7.875, 8.75, 1.25, 8.25 ], "texture": "#particle" },
        "up":    { "uv": [ 8.125, 8.25, 14.75, 8.75 ], "texture": "#particle" },
        "north": { "uv": [ 14.75, 5, 8.125, 5.875 ], "texture": "#particle" },
        "south": { "uv": [ 8.125, 5, 14.75, 5.875 ], "texture": "#particle" },
        "west":  { "uv": [ 8.25, 5, 8.75, 5.875 ], "texture": "#particle" },
        "east":  { "uv": [ 8.75, 5, 8.25, 5.875 ], "texture": "#particle" }
    }
},
{
    "from": [ 3, 4.75, 8 ],
    "to": [ 5, 5.75, 9 ],
    "faces": {
        "down":  { "uv": [ 13, 9, 11, 8 ], "texture": "#texture" },
        "up":    { "uv": [ 3, 8, 5, 9 ], "texture": "#texture" },
        "north": { "uv": [ 5, 10.25, 3, 11.25 ], "texture": "#texture" },
        "south": { "uv": [ 3, 10.25, 5, 11.25 ], "texture": "#texture" },
        "west":  { "uv": [ 8, 10.25, 9, 11.25 ], "texture": "#texture" },
        "east":  { "uv": [ 9, 10.25, 8, 11.25 ], "texture": "#texture" }
    }
},
{
    "from": [ 3.375, 5.625, 8 ],
    "to": [ 5.375, 8, 9 ],
    "faces": {
        "down":  { "uv": [ 12.625, 9, 10.625, 8 ], "texture": "#texture" },
        "up":    { "uv": [ 3.375, 8, 5.375, 9 ], "texture": "#texture" },
        "north": { "uv": [ 5.375, 8, 3.375, 10.375 ], "texture": "#texture" },
        "south": { "uv": [ 3.375, 8, 5.375, 10.375 ], "texture": "#texture" },
        "west":  { "uv": [ 8, 8, 9, 10.375 ], "texture": "#texture" },
        "east":  { "uv": [ 9, 8, 8, 10.375 ], "texture": "#texture" }
    }
},
{
    "from": [ 3, 5.625, 8 ],
    "to": [ 3.375, 6.625, 9 ],
    "faces": {
        "down":  { "uv": [ 13, 9, 12.625, 8 ], "texture": "#texture" },
        "up":    { "uv": [ 3, 8, 3.375, 9 ], "texture": "#texture" },
        "north": { "uv": [ 3.375, 9.375, 3, 10.375 ], "texture": "#texture" },
        "south": { "uv": [ 3, 9.375, 3.375, 10.375 ], "texture": "#texture" },
        "west":  { "uv": [ 8, 9.375, 9, 10.375 ], "texture": "#texture" },
        "east":  { "uv": [ 9, 9.375, 8, 10.375 ], "texture": "#texture" }
    }
},
{
    "from": [ 3.875, 7.875, 8 ],
    "to": [ 5.75, 9, 9 ],
    "faces": {
        "down":  { "uv": [ 12.125, 9, 10.25, 8 ], "texture": "#texture" },
        "up":    { "uv": [ 3.875, 8, 5.75, 9 ], "texture": "#texture" },
        "north": { "uv": [ 5.75, 7, 3.875, 8.125 ], "texture": "#texture" },
        "south": { "uv": [ 3.875, 7, 5.75, 8.125 ], "texture": "#texture" },
        "west":  { "uv": [ 8, 7, 9, 8.125 ], "texture": "#texture" },
        "east":  { "uv": [ 9, 7, 8, 8.125 ], "texture": "#texture" }
    }
},
{
    "from": [ 5.875, 8.5625, 8 ],
    "to": [ 6.125, 9.0625, 9 ],
    "faces": {
        "down":  { "uv": [ 10.125, 9, 9.875, 8 ], "texture": "#texture" },
        "up":    { "uv": [ 5.875, 8, 6.125, 9 ], "texture": "#texture" },
        "north": { "uv": [ 6.125, 6.9375, 5.875, 7.4375 ], "texture": "#texture" },
        "south": { "uv": [ 5.875, 6.9375, 6.125, 7.4375 ], "texture": "#texture" },
        "west":  { "uv": [ 8, 6.9375, 9, 7.4375 ], "texture": "#texture" },
        "east":  { "uv": [ 9, 6.9375, 8, 7.4375 ], "texture": "#texture" }
    }
},
{
    "from": [ 5.75, 7.5, 8 ],
    "to": [ 6, 8.625, 9 ],
    "faces": {
        "down":  { "uv": [ 10.25, 9, 10, 8 ], "texture": "#particle" },
        "up":    { "uv": [ 5.75, 8, 6, 9 ], "texture": "#particle" },
        "north": { "uv": [ 6, 7.375, 5.75, 8.5 ], "texture": "#particle" },
        "south": { "uv": [ 5.75, 7.375, 6, 8.5 ], "texture": "#particle" },
        "west":  { "uv": [ 8, 7.375, 9, 8.5 ], "texture": "#particle" },
        "east":  { "uv": [ 9, 7.375, 8, 8.5 ], "texture": "#particle" }
    }
},
{
    "from": [ 6.25, 8.375, 8 ],
    "to": [ 6.625, 9, 9 ],
    "faces": {
        "down":  { "uv": [ 6.25, 8, 6.625, 9 ], "texture": "#texture" },
        "up":    { "uv": [ 6.25, 8, 6.625, 9 ], "texture": "#texture" },
        "north": { "uv": [ 6.25, 7, 6.625, 7.625 ], "texture": "#texture" },
        "south": { "uv": [ 6.25, 7, 6.625, 7.625 ], "texture": "#texture" },
        "west":  { "uv": [ 8, 7, 9, 7.625 ], "texture": "#texture" },
        "east":  { "uv": [ 8, 7, 9, 7.625 ], "texture": "#texture" }
    }
},
{
    "from": [ 6.5, 7.75, 8 ],
    "to": [ 6.625, 8.375, 9 ],
    "faces": {
        "down":  { "uv": [ 9.5, 9, 9.375, 8 ], "texture": "#texture" },
        "up":    { "uv": [ 6.5, 8, 6.625, 9 ], "texture": "#texture" },
        "north": { "uv": [ 6.625, 7.625, 6.5, 8.25 ], "texture": "#texture" },
        "south": { "uv": [ 6.5, 7.625, 6.625, 8.25 ], "texture": "#texture" },
        "west":  { "uv": [ 8, 7.625, 9, 8.25 ], "texture": "#texture" },
        "east":  { "uv": [ 9, 7.625, 8, 8.25 ], "texture": "#texture" }
    }
},
{
    "from": [ 6.25, 7.75, 8 ],
    "to": [ 6.5, 8.375, 9 ],
    "faces": {
        "down":  { "uv": [ 9.75, 9, 9.5, 8 ], "texture": "#texture" },
        "up":    { "uv": [ 6.25, 8, 6.5, 9 ], "texture": "#texture" },
        "north": { "uv": [ 6.5, 7.625, 6.25, 8.25 ], "texture": "#texture" },
        "south": { "uv": [ 6.25, 7.625, 6.5, 8.25 ], "texture": "#texture" },
        "west":  { "uv": [ 8, 7.625, 9, 8.25 ], "texture": "#texture" },
        "east":  { "uv": [ 9, 7.625, 8, 8.25 ], "texture": "#texture" }
    }
},
{
    "from": [ 6.5, 7.75, 8 ],
    "to": [ 6.75, 8, 9 ],
    "faces": {
        "down":  { "uv": [ 9.5, 9, 9.25, 8 ], "texture": "#texture" },
        "up":    { "uv": [ 6.5, 8, 6.75, 9 ], "texture": "#texture" },
        "north": { "uv": [ 6.75, 8, 6.5, 8.25 ], "texture": "#texture" },
        "south": { "uv": [ 6.5, 8, 6.75, 8.25 ], "texture": "#texture" },
        "west":  { "uv": [ 8, 8, 9, 8.25 ], "texture": "#texture" },
        "east":  { "uv": [ 9, 8, 8, 8.25 ], "texture": "#texture" }
    }
},
{
    "from": [ 8.25, 9.919, 8.375 ],
    "to": [ 14.75, 10.919, 8.75 ],
    "faces": {
        "down":  { "uv": [ 7.75, 8.75, 1.25, 8.375 ], "texture": "#texture" },
        "up":    { "uv": [ 8.25, 8.375, 14.75, 8.75 ], "texture": "#texture" },
        "north": { "uv": [ 14.75, 5.0809988975524902, 8.25, 6.0809988975524902 ], "texture": "#texture" },
        "south": { "uv": [ 8.25, 5.0809988975524902, 14.75, 6.0809988975524902 ], "texture": "#texture" },
        "west":  { "uv": [ 8.375, 5.0809988975524902, 8.75, 6.0809988975524902 ], "texture": "#texture" },
        "east":  { "uv": [ 8.75, 5.0809988975524902, 8.375, 6.0809988975524902 ], "texture": "#texture" }
    }
},
{
    "from": [ 8.25, 10.0625, 8.1952 ],
    "to": [ 14.75, 11.0625, 8.5702 ],
    "faces": {
        "down":  { "uv": [ 7.75, 8.57018, 1.25, 8.19518 ], "texture": "#texture" },
        "up":    { "uv": [ 8.25, 8.1951799392700195, 14.75, 8.5701799392700195 ], "texture": "#texture" },
        "north": { "uv": [ 14.75, 4.9375, 8.25, 5.9375 ], "texture": "#texture" },
        "south": { "uv": [ 8.25, 4.9375, 14.75, 5.9375 ], "texture": "#texture" },
        "west":  { "uv": [ 8.1951799392700195, 4.9375, 8.5701799392700195, 5.9375 ], "texture": "#texture" },
        "east":  { "uv": [ 8.5701799392700195, 4.9375, 8.1951799392700195, 5.9375 ], "texture": "#texture" }
    }
},
{
    "from": [ 6.625, 10.125, 8.75 ],
    "to": [ 8.25, 10.75, 9 ],
    "faces": {
        "down":  { "uv": [ 9.375, 9, 7.75, 8.75 ], "texture": "#particle" },
        "up":    { "uv": [ 6.625, 8.75, 8.25, 9 ], "texture": "#particle" },
        "north": { "uv": [ 8.25, 5.25, 6.625, 5.875 ], "texture": "#particle" },
        "south": { "uv": [ 6.625, 5.25, 8.25, 5.875 ], "texture": "#particle" },
        "west":  { "uv": [ 8.75, 5.25, 9, 5.875 ], "texture": "#particle" },
        "east":  { "uv": [ 9, 5.25, 8.75, 5.875 ], "texture": "#particle" }
    }
},
{
    "from": [ 6.625, 10.125, 8 ],
    "to": [ 8.25, 10.75, 8.25 ],
    "faces": {
        "down":  { "uv": [ 9.375, 8.25, 7.75, 8 ], "texture": "#texture" },
        "up":    { "uv": [ 6.625, 8, 8.25, 8.25 ], "texture": "#texture" },
        "north": { "uv": [ 8.25, 5.25, 6.625, 5.875 ], "texture": "#texture" },
        "south": { "uv": [ 6.625, 5.25, 8.25, 5.875 ], "texture": "#texture" },
        "west":  { "uv": [ 8, 5.25, 8.25, 5.875 ], "texture": "#texture" },
        "east":  { "uv": [ 8.25, 5.25, 8, 5.875 ], "texture": "#texture" }
    }
},
{
    "from": [ 6.5625, 10.625, 8.5625 ],
    "to": [ 8.1875, 11.125, 8.8125 ],
    "faces": {
        "down":  { "uv": [ 9.4375, 8.8125, 7.8125, 8.5625 ], "texture": "#particle" },
        "up":    { "uv": [ 6.5625, 8.5625, 8.1875, 8.8125 ], "texture": "#particle" },
        "north": { "uv": [ 8.1875, 4.875, 6.5625, 5.375 ], "texture": "#particle" },
        "south": { "uv": [ 6.5625, 4.875, 8.1875, 5.375 ], "texture": "#particle" },
        "west":  { "uv": [ 8.5625, 4.875, 8.8125, 5.375 ], "texture": "#particle" },
        "east":  { "uv": [ 8.8125, 4.875, 8.5625, 5.375 ], "texture": "#particle" }
    }
},
{
    "from": [ 6.5625, 10.75, 8.1875 ],
    "to": [ 8.1875, 11.25, 8.4375 ],
    "faces": {
        "down":  { "uv": [ 9.4375, 8.4375, 7.8125, 8.1875 ], "texture": "#texture" },
        "up":    { "uv": [ 6.5625, 8.1875, 8.1875, 8.4375 ], "texture": "#texture" },
        "north": { "uv": [ 8.1875, 4.75, 6.5625, 5.25 ], "texture": "#texture" },
        "south": { "uv": [ 6.5625, 4.75, 8.1875, 5.25 ], "texture": "#texture" },
        "west":  { "uv": [ 8.1875, 4.75, 8.4375, 5.25 ], "texture": "#texture" },
        "east":  { "uv": [ 8.4375, 4.75, 8.1875, 5.25 ], "texture": "#texture" }
    }
},
{
    "from": [ 6.4375, 11, 8.1875 ],
    "to": [ 8.25, 11.25, 8.8125 ],
    "faces": {
        "down":  { "uv": [ 9.5625, 8.8125, 7.75, 8.1875 ], "texture": "#texture" },
        "up":    { "uv": [ 6.4375, 8.1875, 8.25, 8.8125 ], "texture": "#texture" },
        "north": { "uv": [ 8.25, 4.75, 6.4375, 5 ], "texture": "#texture" },
        "south": { "uv": [ 6.4375, 4.75, 8.25, 5 ], "texture": "#texture" },
        "west":  { "uv": [ 8.1875, 4.75, 8.8125, 5 ], "texture": "#texture" },
        "east":  { "uv": [ 8.8125, 4.75, 8.1875, 5 ], "texture": "#texture" }
    }
},
{
    "from": [ 3.1875, 11.6875, 8.25 ],
    "to": [ 3.5625, 11.75, 8.75 ],
    "faces": {
        "down":  { "uv": [ 12.8125, 8.75, 12.4375, 8.25 ], "texture": "#texture" },
        "up":    { "uv": [ 3.1875, 8.25, 3.5625, 8.75 ], "texture": "#texture" },
        "north": { "uv": [ 3.5625, 4.25, 3.1875, 4.3125 ], "texture": "#texture" },
        "south": { "uv": [ 3.1875, 4.25, 3.5625, 4.3125 ], "texture": "#texture" },
        "west":  { "uv": [ 8.25, 4.25, 8.75, 4.3125 ], "texture": "#texture" },
        "east":  { "uv": [ 8.75, 4.25, 8.25, 4.3125 ], "texture": "#texture" }
    }
},
{
    "from": [ 3.5, 11.125, 8.25 ],
    "to": [ 4.25, 11.5, 8.75 ],
    "faces": {
        "down":  { "uv": [ 12.375, 8.75, 11.625, 8.25 ], "texture": "#texture" },
        "up":    { "uv": [ 3.625, 8.25, 4.375, 8.75 ], "texture": "#texture" },
        "north": { "uv": [ 4.375, 4.25, 3.625, 4.625 ], "texture": "#texture" },
        "south": { "uv": [ 3.625, 4.25, 4.375, 4.625 ], "texture": "#texture" },
        "west":  { "uv": [ 8.25, 4.25, 8.75, 4.625 ], "texture": "#texture" },
        "east":  { "uv": [ 8.75, 4.25, 8.25, 4.625 ], "texture": "#texture" }
    }
},
{
    "from": [ 3.25, 11, 8.25 ],
    "to": [ 3.5, 11.75, 8.75 ],
    "faces": {
        "down":  { "uv": [ 12.75, 8.75, 12.5, 8.25 ], "texture": "#texture" },
        "up":    { "uv": [ 3.25, 8.25, 3.5, 8.75 ], "texture": "#texture" },
        "north": { "uv": [ 3.5, 4.25, 3.25, 5 ], "texture": "#texture" },
        "south": { "uv": [ 3.25, 4.25, 3.5, 5 ], "texture": "#texture" },
        "west":  { "uv": [ 8.25, 4.25, 8.75, 5 ], "texture": "#texture" },
        "east":  { "uv": [ 8.75, 4.25, 8.25, 5 ], "texture": "#texture" }
    }
},
{
    "from": [ 14.1294, 10.875, 8.1875 ],
    "to": [ 14.3794, 11.5, 8.75 ],
    "faces": {
        "down":  { "uv": [ 1.87056, 8.75, 1.62056, 8.1875 ], "texture": "#texture" },
        "up":    { "uv": [ 14.129400253295898, 8.1875, 14.379400253295898, 8.75 ], "texture": "#texture" },
        "north": { "uv": [ 14.379400253295898, 4.5, 14.129400253295898, 5.125 ], "texture": "#texture" },
        "south": { "uv": [ 14.129400253295898, 4.5, 14.379400253295898, 5.125 ], "texture": "#texture" },
        "west":  { "uv": [ 8.1875, 4.5, 8.75, 5.125 ], "texture": "#texture" },
        "east":  { "uv": [ 8.75, 4.5, 8.1875, 5.125 ], "texture": "#texture" }
    }
},
{
    "from": [ 14.375, 10.625, 8.25 ],
    "to": [ 14.625, 11.25, 8.75 ],
    "faces": {
        "down":  { "uv": [ 1.625, 8.75, 1.375, 8.25 ], "texture": "#texture" },
        "up":    { "uv": [ 14.375, 8.25, 14.625, 8.75 ], "texture": "#texture" },
        "north": { "uv": [ 14.625, 4.75, 14.375, 5.375 ], "texture": "#texture" },
        "south": { "uv": [ 14.375, 4.75, 14.625, 5.375 ], "texture": "#texture" },
        "west":  { "uv": [ 8.25, 4.75, 8.75, 5.375 ], "texture": "#texture" },
        "east":  { "uv": [ 8.75, 4.75, 8.25, 5.375 ], "texture": "#texture" }
    }
},
{
    "from": [ 14.25, 11, 8.25 ],
    "to": [ 14.875, 11.375, 8.75 ],
    "faces": {
        "down":  { "uv": [ 1.75, 8.75, 1.125, 8.25 ], "texture": "#texture" },
        "up":    { "uv": [ 14.25, 8.25, 14.875, 8.75 ], "texture": "#texture" },
        "north": { "uv": [ 14.875, 4.625, 14.25, 5 ], "texture": "#texture" },
        "south": { "uv": [ 14.25, 4.625, 14.875, 5 ], "texture": "#texture" },
        "west":  { "uv": [ 8.25, 4.625, 8.75, 5 ], "texture": "#texture" },
        "east":  { "uv": [ 8.75, 4.625, 8.25, 5 ], "texture": "#texture" }
    }
},
{
    "from": [ 2.375, 4.25, 7.875 ],
    "to": [ 5.625, 4.75, 9.125 ],
    "faces": {
        "down":  { "uv": [ 13.625, 9.125, 10.375, 7.875 ], "texture": "#particle" },
        "up":    { "uv": [ 2.375, 7.875, 5.625, 9.125 ], "texture": "#particle" },
        "north": { "uv": [ 5.625, 11.25, 2.375, 11.75 ], "texture": "#particle" },
        "south": { "uv": [ 2.375, 11.25, 5.625, 11.75 ], "texture": "#particle" },
        "west":  { "uv": [ 7.875, 11.25, 9.125, 11.75 ], "texture": "#particle" },
        "east":  { "uv": [ 9.125, 11.25, 7.875, 11.75 ], "texture": "#particle" }
    }
},
{
    "from": [ 6.25, 9, 8 ],
    "to": [ 6.625, 11.5, 9 ],
    "faces": {
        "down":  { "uv": [ 9.75, 9, 9.375, 8 ], "texture": "#particle" },
        "up":    { "uv": [ 6.25, 8, 6.625, 9 ], "texture": "#particle" },
        "north": { "uv": [ 6.625, 4.5, 6.25, 7 ], "texture": "#particle" },
        "south": { "uv": [ 6.25, 4.5, 6.625, 7 ], "texture": "#particle" },
        "west":  { "uv": [ 8, 4.5, 9, 7 ], "texture": "#particle" },
        "east":  { "uv": [ 9, 4.5, 8, 7 ], "texture": "#particle" }
    }
},
{
    "from": [ 6.625, 9.125, 8 ],
    "to": [ 14.625, 9.5, 9 ],
    "faces": {
        "down":  { "uv": [ 9.375, 9, 1.375, 8 ], "texture": "#texture" },
        "up":    { "uv": [ 6.625, 8, 14.625, 9 ], "texture": "#texture" },
        "north": { "uv": [ 14.625, 6.5, 6.625, 6.875 ], "texture": "#texture" },
        "south": { "uv": [ 6.625, 6.5, 14.625, 6.875 ], "texture": "#texture" },
        "west":  { "uv": [ 8, 6.5, 9, 6.875 ], "texture": "#texture" },
        "east":  { "uv": [ 9, 6.5, 8, 6.875 ], "texture": "#texture" }
    }
},
{
    "from": [ 3.75, 6.25, 7.9375 ],
    "to": [ 4.125, 8.875, 9 ],
    "faces": {
        "down":  { "uv": [ 12.25, 9, 11.875, 7.9375 ], "texture": "#texture" },
        "up":    { "uv": [ 3.75, 7.9375, 4.125, 9 ], "texture": "#texture" },
        "north": { "uv": [ 4.125, 7.125, 3.75, 9.75 ], "texture": "#texture" },
        "south": { "uv": [ 3.75, 7.125, 4.125, 9.75 ], "texture": "#texture" },
        "west":  { "uv": [ 7.9375, 7.125, 9, 9.75 ], "texture": "#texture" },
        "east":  { "uv": [ 9, 7.125, 7.9375, 9.75 ], "texture": "#texture" }
    }
},
{
    "from": [ 3.375, 8.125, 8.0625 ],
    "to": [ 3.875, 9, 8.9375 ],
    "faces": {
        "down":  { "uv": [ 12.625, 8.9375, 12.125, 8.0625 ], "texture": "#texture" },
        "up":    { "uv": [ 3.375, 8.0625, 3.875, 8.9375 ], "texture": "#texture" },
        "north": { "uv": [ 3.875, 7, 3.375, 7.875 ], "texture": "#texture" },
        "south": { "uv": [ 3.375, 7, 3.875, 7.875 ], "texture": "#texture" },
        "west":  { "uv": [ 8.0625, 7, 8.9375, 7.875 ], "texture": "#texture" },
        "east":  { "uv": [ 8.9375, 7, 8.0625, 7.875 ], "texture": "#texture" }
    }
},
{
    "from": [ 5.375, 7.625, 8 ],
    "to": [ 5.75, 8.125, 9 ],
    "faces": {
        "down":  { "uv": [ 10.625, 9, 10.25, 8 ], "texture": "#particle" },
        "up":    { "uv": [ 5.375, 8, 5.75, 9 ], "texture": "#particle" },
        "north": { "uv": [ 5.75, 7.875, 5.375, 8.375 ], "texture": "#particle" },
        "south": { "uv": [ 5.375, 7.875, 5.75, 8.375 ], "texture": "#particle" },
        "west":  { "uv": [ 8, 7.875, 9, 8.375 ], "texture": "#particle" },
        "east":  { "uv": [ 9, 7.875, 8, 8.375 ], "texture": "#particle" }
    }
},
{
    "from": [ 3.625, 7.75, 8 ],
    "to": [ 3.875, 8.125, 9 ],
    "faces": {
        "down":  { "uv": [ 12.375, 9, 12.125, 8 ], "texture": "#texture" },
        "up":    { "uv": [ 3.625, 8, 3.875, 9 ], "texture": "#texture" },
        "north": { "uv": [ 3.875, 7.875, 3.625, 8.25 ], "texture": "#texture" },
        "south": { "uv": [ 3.625, 7.875, 3.875, 8.25 ], "texture": "#texture" },
        "west":  { "uv": [ 8, 7.875, 9, 8.25 ], "texture": "#texture" },
        "east":  { "uv": [ 9, 7.875, 8, 8.25 ], "texture": "#texture" }
    }
},
{
    "from": [ 6.5, 8, 8 ],
    "to": [ 7.5, 8.5, 9 ],
    "faces": {
        "down":  { "uv": [ 9.5, 9, 8.5, 8 ], "texture": "#texture" },
        "up":    { "uv": [ 6.5, 8, 7.5, 9 ], "texture": "#texture" },
        "north": { "uv": [ 8.5, 7.5, 9.5, 8 ], "texture": "#texture" },
        "south": { "uv": [ 6.5, 7.5, 7.5, 8 ], "texture": "#texture" },
        "west":  { "uv": [ 8, 7.5, 9, 8 ], "texture": "#texture" },
        "east":  { "uv": [ 7, 7.5, 8, 8 ], "texture": "#texture" }
    }
},
{
    "from": [ 7, 8.5, 8 ],
    "to": [ 7.5, 9.5, 9 ],
    "faces": {
        "down":  { "uv": [ 9, 9, 8.5, 8 ], "texture": "#texture" },
        "up":    { "uv": [ 7, 8, 7.5, 9 ], "texture": "#texture" },
        "north": { "uv": [ 8.5, 6.5, 9, 7.5 ], "texture": "#texture" },
        "south": { "uv": [ 7, 6.5, 7.5, 7.5 ], "texture": "#texture" },
        "west":  { "uv": [ 8, 6.5, 9, 7.5 ], "texture": "#texture" },
        "east":  { "uv": [ 7, 6.5, 8, 7.5 ], "texture": "#texture" }
    }
},
{
    "from": [ 1.5, 9, 8 ],
    "to": [ 3, 9.5, 9 ],
    "faces": {
        "down":  { "uv": [ 14.5, 9, 13, 8 ], "texture": "#particle" },
        "up":    { "uv": [ 1.5, 8, 3, 9 ], "texture": "#particle" },
        "north": { "uv": [ 13, 6.5, 14.5, 7 ], "texture": "#particle" },
        "south": { "uv": [ 1.5, 6.5, 3, 7 ], "texture": "#particle" },
        "west":  { "uv": [ 8, 6.5, 9, 7 ], "texture": "#particle" },
        "east":  { "uv": [ 7, 6.5, 8, 7 ], "texture": "#particle" }
    }
}
],
"display": {
	"thirdperson_righthand": {
		"rotation":  [ 0, 90, 0 ],
		"translation":  [ -0.85, 0.8, -1.5 ],
		"scale":  [ 1, 1.25, 1.5 ]
	},
	"thirdperson_lefthand": {
		"rotation":  [ 0, -90, 0 ],
		"translation":  [ 0.6, 0.8, -1.5 ],
		"scale":  [ 1, 1.25, 1.5 ]
	},
	"firstperson_righthand": {
		"rotation":  [ 0, 85, 0 ],
		"translation":  [ 0, 1.2, -5 ],
		"scale":  [ 1, 1.25, 1.5 ]
	},
	"firstperson_lefthand": {
		"rotation":  [ 0, -85, 0 ],
		"translation":  [ 0, 1.2, -5 ],
		"scale":  [ 1, 1.25, 1.5 ]
	},
	"gui": {
		"rotation":  [ 0, 180, 40 ],
		"scale":  [ 1, 1.25, 1.5 ]
	},
	"ground": {
		"scale":  [ 1, 1.25, 1.5 ]
	},
	"fixed": {
		"rotation":  [ 0, 180, 0 ],
		"scale":  [ 1, 1.25, 1.5 ]
	}
}
}