{
	"__comment": "Designed by MoTy with BDcraft Cubik PRO 0.96 Beta - http://bdcraft.net",
	"textures": {
		"particle": "nubx/nulls_light_brown",
		"texture": "blocks/wool_colored_black"
	},
	"elements": [ 	 
		{
			"__comment": "Element",
			"from": [ 6.9375, 5.375, 7.125 ],
			"to": [ 20.4375, 7.875, 8.475 ],
			"faces": {
				"down": { "uv": [ 15.0625, 8.475, 1.5625, 7.125 ], "texture": "#texture" },
				"up": { "uv": [ 0.9375, 7.125, 14.4375, 8.475 ], "texture": "#texture" },
				"north": { "uv": [ 1.5625, 8.125, 15.0625, 10.625 ], "texture": "#texture" },
				"south": { "uv": [ 0.9375, 8.125, 14.4375, 10.625 ], "texture": "#texture" },
				"west": { "uv": [ 7.125, 8.125, 8.475, 10.625 ], "texture": "#texture" },
				"east": { "uv": [ 7.525, 8.125, 8.875, 10.625 ], "texture": "#texture" }
			}
		},
		{
			"__comment": "Element",
			"from": [ 10.6875, 7.5625, 7.25 ],
			"to": [ 19.4375, 8.8125, 8.3125 ],
			"faces": {
				"down": { "uv": [ 11.3125, 8.3125, 2.5625, 7.25 ], "texture": "#texture" },
				"up": { "uv": [ 4.6875, 7.25, 13.4375, 8.3125 ], "texture": "#texture" },
				"north": { "uv": [ 2.5625, 7.1875, 11.3125, 8.4375 ], "texture": "#texture" },
				"south": { "uv": [ 4.6875, 7.1875, 13.4375, 8.4375 ], "texture": "#texture" },
				"west": { "uv": [ 7.25, 7.1875, 8.3125, 8.4375 ], "texture": "#texture" },
				"east": { "uv": [ 7.6875, 7.1875, 8.75, 8.4375 ], "texture": "#texture" }
			}
		},
		{
			"__comment": "Element",
			"from": [ 7.001, 7.4925, 7.1259 ],
			"to": [ 10.997, 8.991, 8.47455 ],
			"faces": {
				"down": { "uv": [ 14.999, 8.47452, 11.003, 7.12587 ], "texture": "#texture" },
				"up": { "uv": [ 1.001, 7.12587, 4.997, 8.47452 ], "texture": "#texture" },
				"north": { "uv": [ 11.003, 7.009, 14.999, 8.5075 ], "texture": "#texture" },
				"south": { "uv": [ 1.001, 7.009, 4.997, 8.5075 ], "texture": "#texture" },
				"west": { "uv": [ 7.12587, 7.009, 8.47452, 8.5075 ], "texture": "#texture" },
				"east": { "uv": [ 7.52547, 7.009, 8.87412, 8.5075 ], "texture": "#texture" }
			}
		},
		{
			"__comment": "Element",
			"from": [ 19, 7.6, 7.25 ],
			"to": [ 20.35, 8.5, 8.375 ],
			"faces": {
				"down": { "uv": [ 2.5, 8.375, 1.15, 7.25 ], "texture": "#texture" },
				"up": { "uv": [ 13.5, 7.25, 14.85, 8.375 ], "texture": "#texture" },
				"north": { "uv": [ 1.15, 7.1875, 2.5, 8.0875 ], "texture": "#texture" },
				"south": { "uv": [ 13.5, 7.1875, 14.85, 8.0875 ], "texture": "#texture" },
				"west": { "uv": [ 7.25, 7.1875, 8.375, 8.0875 ], "texture": "#texture" },
				"east": { "uv": [ 7.625, 7.1875, 8.75, 8.0875 ], "texture": "#texture" }
			}
		},
		{
			"__comment": "Element",
			"from": [ 17.25, 4.5, 7.325 ],
			"to": [ 19.5, 5.4, 8.225 ],
			"faces": {
				"down": { "uv": [ 8.75, 8.225, 6.5, 7.325 ], "texture": "#particle" },
				"up": { "uv": [ 7.25, 7.325, 9.5, 8.225 ], "texture": "#particle" },
				"north": { "uv": [ 6.5, 10.6, 8.75, 11.5 ], "texture": "#particle" },
				"south": { "uv": [ 7.25, 10.6, 9.5, 11.5 ], "texture": "#particle" },
				"west": { "uv": [ 7.325, 10.6, 8.225, 11.5 ], "texture": "#particle" },
				"east": { "uv": [ 7.775, 10.6, 8.675, 11.5 ], "texture": "#particle" }
			}
		},
		{
			"__comment": "Element",
			"from": [ 17.4187, 0.8438, 7.325 ],
			"to": [ 19.2188, 4.4438, 8.225 ],
			"faces": {
				"down": { "uv": [ 8.58125, 8.225, 6.78125, 7.325 ], "texture": "#particle" },
				"up": { "uv": [ 7.41875, 7.325, 9.21875, 8.225 ], "texture": "#particle" },
				"north": { "uv": [ 6.78125, 11.5563, 8.58125, 15.1563 ], "texture": "#particle" },
				"south": { "uv": [ 7.41875, 11.5563, 9.21875, 15.1563 ], "texture": "#particle" },
				"west": { "uv": [ 7.325, 11.5563, 8.225, 15.1563 ], "texture": "#particle" },
				"east": { "uv": [ 7.775, 11.5563, 8.675, 15.1563 ], "texture": "#particle" }
			}
		},
		{
			"__comment": "Element",
			"from": [ 14.1, 4.05, 7.325 ],
			"to": [ 15, 5.4, 8.225 ],
			"faces": {
				"down": { "uv": [ 11.9, 8.225, 11, 7.325 ], "texture": "#texture" },
				"up": { "uv": [ 4.1, 7.325, 5, 8.225 ], "texture": "#texture" },
				"north": { "uv": [ 11, 10.6, 11.9, 11.95 ], "texture": "#texture" },
				"south": { "uv": [ 4.1, 10.6, 5, 11.95 ], "texture": "#texture" },
				"west": { "uv": [ 7.325, 10.6, 8.225, 11.95 ], "texture": "#texture" },
				"east": { "uv": [ 7.775, 10.6, 8.675, 11.95 ], "texture": "#texture" }
			}
		},
		{
			"__comment": "Element",
			"from": [ 14.4375, 3.6875, 7.5625 ],
			"to": [ 16.9375, 4.1875, 8.0125 ],
			"faces": {
				"down": { "uv": [ 11.5625, 8.0125, 9.0625, 7.5625 ], "texture": "#texture" },
				"up": { "uv": [ 4.4375, 7.5625, 6.9375, 8.0125 ], "texture": "#texture" },
				"north": { "uv": [ 9.0625, 11.8125, 11.5625, 12.3125 ], "texture": "#texture" },
				"south": { "uv": [ 4.4375, 11.8125, 6.9375, 12.3125 ], "texture": "#texture" },
				"west": { "uv": [ 7.5625, 11.8125, 8.0125, 12.3125 ], "texture": "#texture" },
				"east": { "uv": [ 7.9875, 11.8125, 8.4375, 12.3125 ], "texture": "#texture" }
			}
		},
		{
			"__comment": "Element",
			"from": [ 16.8, 3.7688, 7.55 ],
			"to": [ 17.7, 4.2188, 8 ],
			"faces": {
				"down": { "uv": [ 9.2, 8, 8.3, 7.55 ], "texture": "#texture" },
				"up": { "uv": [ 6.8, 7.55, 7.7, 8 ], "texture": "#texture" },
				"north": { "uv": [ 8.3, 11.7813, 9.2, 12.2312 ], "texture": "#texture" },
				"south": { "uv": [ 6.8, 11.7813, 7.7, 12.2312 ], "texture": "#texture" },
				"west": { "uv": [ 7.55, 11.7813, 8, 12.2312 ], "texture": "#texture" },
				"east": { "uv": [ 8, 11.7813, 8.45, 12.2312 ], "texture": "#texture" }
			}
		},
		{
			"__comment": "Element",
			"from": [ 16.35, 4.5, 7.55 ],
			"to": [ 16.8, 5.85, 8 ],
			"faces": {
				"down": { "uv": [ 9.65, 8, 9.2, 7.55 ], "texture": "#texture" },
				"up": { "uv": [ 6.35, 7.55, 6.8, 8 ], "texture": "#texture" },
				"north": { "uv": [ 9.2, 10.15, 9.65, 11.5 ], "texture": "#texture" },
				"south": { "uv": [ 6.35, 10.15, 6.8, 11.5 ], "texture": "#texture" },
				"west": { "uv": [ 7.55, 10.15, 8, 11.5 ], "texture": "#texture" },
				"east": { "uv": [ 8, 10.15, 8.45, 11.5 ], "texture": "#texture" }
			}
		},
		{
			"__comment": "Element",
			"from": [ 14.25, 3.1, 7.5625 ],
			"to": [ 14.7, 4, 8.0125 ],
			"faces": {
				"down": { "uv": [ 11.75, 8.0125, 11.3, 7.5625 ], "texture": "#texture" },
				"up": { "uv": [ 4.25, 7.5625, 4.7, 8.0125 ], "texture": "#texture" },
				"north": { "uv": [ 11.3, 12, 11.75, 12.9 ], "texture": "#texture" },
				"south": { "uv": [ 4.25, 12, 4.7, 12.9 ], "texture": "#texture" },
				"west": { "uv": [ 7.5625, 12, 8.0125, 12.9 ], "texture": "#texture" },
				"east": { "uv": [ 7.9875, 12, 8.4375, 12.9 ], "texture": "#texture" }
			}
		},
		{
			"__comment": "Element",
			"from": [ 10.9471, 3.1469, 7.3257 ],
			"to": [ 13.6444, 5.39465, 8.2248 ],
			"faces": {
				"down": { "uv": [ 9.05295, 8.22478, 6.35565, 7.32568 ], "texture": "#texture" },
				"up": { "uv": [ 6.94705, 7.32568, 9.64435, 8.22478 ], "texture": "#texture" },
				"north": { "uv": [ 6.35565, 2.6054, 9.05295, 4.853149 ], "texture": "#texture" },
				"south": { "uv": [ 6.94705, 2.6054, 9.64435, 4.853149 ], "texture": "#texture" },
				"west": { "uv": [ 7.32568, 2.6054, 8.22478, 4.853149 ], "texture": "#texture" },
				"east": { "uv": [ 7.77522, 2.6054, 8.67432, 4.853149 ], "texture": "#texture" }
			}
		},
		{
			"__comment": "Element",
			"from": [ 11.2312, 0.3375, 7.325 ],
			"to": [ 13.9312, 4.3875, 8.225 ],
			"faces": {
				"down": { "uv": [ 8.76875, 8.225, 6.06875, 7.325 ], "texture": "#texture" },
				"up": { "uv": [ 7.23125, 7.325, 9.93125, 8.225 ], "texture": "#texture" },
				"north": { "uv": [ 6.06875, 3.6125, 8.76875, 7.6625 ], "texture": "#texture" },
				"south": { "uv": [ 7.23125, 3.6125, 9.93125, 7.6625 ], "texture": "#texture" },
				"west": { "uv": [ 7.325, 3.6125, 8.225, 7.6625 ], "texture": "#texture" },
				"east": { "uv": [ 7.775, 3.6125, 8.675, 7.6625 ], "texture": "#texture" }
			}
		},
		{
			"__comment": "Element",
			"from": [ 0.5, 5.3125, 7 ],
			"to": [ 8, 7.3125, 8.5 ],
			"faces": {
				"down": { "uv": [ 5.5, 8.5, 0, 7 ], "texture": "#particle" },
				"up": { "uv": [ 10.5, 7, 16, 8.5 ], "texture": "#particle" },
				"north": { "uv": [ 0, 8.6875, 5.5, 10.6875 ], "texture": "#particle" },
				"south": { "uv": [ 10.5, 8.6875, 16, 10.6875 ], "texture": "#particle" },
				"west": { "uv": [ 7, 8.6875, 8.5, 10.6875 ], "texture": "#particle" },
				"east": { "uv": [ 7.5, 8.6875, 9, 10.6875 ], "texture": "#particle" }
			}
		},
		{
			"__comment": "Element",
			"from": [ 1.0625, 7.8125, 7.125 ],
			"to": [ 7.0625, 8.8125, 8.475 ],
			"faces": {
				"down": { "uv": [ 4.9375, 8.475, 0, 7.125 ], "texture": "#particle" },
				"up": { "uv": [ 11.0625, 7.125, 16, 8.475 ], "texture": "#particle" },
				"north": { "uv": [ 0, 7.1875, 4.9375, 8.1875 ], "texture": "#particle" },
				"south": { "uv": [ 11.0625, 7.1875, 16, 8.1875 ], "texture": "#particle" },
				"west": { "uv": [ 7.125, 7.1875, 8.475, 8.1875 ], "texture": "#particle" },
				"east": { "uv": [ 7.525, 7.1875, 8.875, 8.1875 ], "texture": "#particle" }
			}
		},
		{
			"__comment": "Element",
			"from": [ 0.5, 7, 7.125 ],
			"to": [ 2, 8, 8.475 ],
			"faces": {
				"down": { "uv": [ 5.5, 8.475, 4, 7.125 ], "texture": "#particle" },
				"up": { "uv": [ 10.5, 7.125, 12, 8.475 ], "texture": "#particle" },
				"north": { "uv": [ 4, 8, 5.5, 9 ], "texture": "#particle" },
				"south": { "uv": [ 10.5, 8, 12, 9 ], "texture": "#particle" },
				"west": { "uv": [ 7.125, 8, 8.475, 9 ], "texture": "#particle" },
				"east": { "uv": [ 7.525, 8, 8.875, 9 ], "texture": "#particle" }
			}
		},
		{
			"__comment": "Element",
			"from": [ 3.375, 7.4875, 7.125 ],
			"to": [ 5.175, 7.9375, 8.475 ],
			"faces": {
				"down": { "uv": [ 2.625, 8.475, 0.825, 7.125 ], "texture": "#particle" },
				"up": { "uv": [ 13.375, 7.125, 15.175, 8.475 ], "texture": "#particle" },
				"north": { "uv": [ 0.825, 8.0625, 2.625, 8.5125 ], "texture": "#particle" },
				"south": { "uv": [ 13.375, 8.0625, 15.175, 8.5125 ], "texture": "#particle" },
				"west": { "uv": [ 7.125, 8.0625, 8.475, 8.5125 ], "texture": "#particle" },
				"east": { "uv": [ 7.525, 8.0625, 8.875, 8.5125 ], "texture": "#particle" }
			}
		},
		{
			"__comment": "Element",
			"from": [ 6.1875, 7.425, 7.125 ],
			"to": [ 7.0875, 7.875, 8.475 ],
			"faces": {
				"down": { "uv": [ 0, 8.475, 0, 7.125 ], "texture": "#particle" },
				"up": { "uv": [ 16, 7.125, 16, 8.475 ], "texture": "#particle" },
				"north": { "uv": [ 0, 8.125, 0, 8.575 ], "texture": "#particle" },
				"south": { "uv": [ 16, 8.125, 16, 8.575 ], "texture": "#particle" },
				"west": { "uv": [ 7.125, 8.125, 8.475, 8.575 ], "texture": "#particle" },
				"east": { "uv": [ 7.525, 8.125, 8.875, 8.575 ], "texture": "#particle" }
			}
		},
		{
			"__comment": "Element",
			"from": [ -13, 6.2875, 7.4375 ],
			"to": [ 0.5, 7.1875, 8.3375 ],
			"faces": {
				"down": { "uv": [ 16, 8.3375, 5.5, 7.4375 ], "texture": "#texture" },
				"up": { "uv": [ 0, 7.4375, 10.5, 8.3375 ], "texture": "#texture" },
				"north": { "uv": [ 5.5, 8.8125, 16, 9.7125 ], "texture": "#texture" },
				"south": { "uv": [ 0, 8.8125, 10.5, 9.7125 ], "texture": "#texture" },
				"west": { "uv": [ 7.4375, 8.8125, 8.3375, 9.7125 ], "texture": "#texture" },
				"east": { "uv": [ 7.6625, 8.8125, 8.5625, 9.7125 ], "texture": "#texture" }
			}
		},
		{
			"__comment": "Element",
			"from": [ -3.4938, 7.65, 7.3812 ],
			"to": [ 1.0062, 8.549999, 8.2812 ],
			"faces": {
				"down": { "uv": [ 9.49375, 8.28125, 4.99375, 7.38125 ], "texture": "#texture" },
				"up": { "uv": [ 6.50625, 7.38125, 11.0063, 8.28125 ], "texture": "#texture" },
				"north": { "uv": [ 4.99375, 7.45, 9.49375, 8.35 ], "texture": "#texture" },
				"south": { "uv": [ 6.50625, 7.45, 11.0063, 8.35 ], "texture": "#texture" },
				"west": { "uv": [ 7.38125, 7.45, 8.28125, 8.35 ], "texture": "#texture" },
				"east": { "uv": [ 7.71875, 7.45, 8.61875, 8.35 ], "texture": "#texture" }
			}
		},
		{
			"__comment": "Element",
			"from": [ 0.5562, 5.85, 7.3812 ],
			"to": [ 1.0062, 7.65, 8.2812 ],
			"faces": {
				"down": { "uv": [ 5.44375, 8.28125, 4.99375, 7.38125 ], "texture": "#texture" },
				"up": { "uv": [ 10.5563, 7.38125, 11.0063, 8.28125 ], "texture": "#texture" },
				"north": { "uv": [ 4.99375, 8.35, 5.44375, 10.15 ], "texture": "#texture" },
				"south": { "uv": [ 10.5563, 8.35, 11.0063, 10.15 ], "texture": "#texture" },
				"west": { "uv": [ 7.38125, 8.35, 8.28125, 10.15 ], "texture": "#texture" },
				"east": { "uv": [ 7.71875, 8.35, 8.61875, 10.15 ], "texture": "#texture" }
			}
		},
		{
			"__comment": "Element",
			"from": [ -3.55, 6.3, 7.3812 ],
			"to": [ -2.65, 8.549999, 8.2812 ],
			"faces": {
				"down": { "uv": [ 9.55, 8.28125, 8.65, 7.38125 ], "texture": "#texture" },
				"up": { "uv": [ 6.45, 7.38125, 7.35, 8.28125 ], "texture": "#texture" },
				"north": { "uv": [ 8.65, 7.45, 9.55, 9.7 ], "texture": "#texture" },
				"south": { "uv": [ 6.45, 7.45, 7.35, 9.7 ], "texture": "#texture" },
				"west": { "uv": [ 7.38125, 7.45, 8.28125, 9.7 ], "texture": "#texture" },
				"east": { "uv": [ 7.71875, 7.45, 8.61875, 9.7 ], "texture": "#texture" }
			}
		},
		{
			"__comment": "Element",
			"from": [ -5.4062, 6.075, 7.1 ],
			"to": [ -3.6062, 7.425, 8.45 ],
			"faces": {
				"down": { "uv": [ 11.4063, 8.45, 9.60625, 7.1 ], "texture": "#texture" },
				"up": { "uv": [ 4.59375, 7.1, 6.39375, 8.45 ], "texture": "#texture" },
				"north": { "uv": [ 9.60625, 8.575, 11.4063, 9.925 ], "texture": "#texture" },
				"south": { "uv": [ 4.59375, 8.575, 6.39375, 9.925 ], "texture": "#texture" },
				"west": { "uv": [ 7.1, 8.575, 8.45, 9.925 ], "texture": "#texture" },
				"east": { "uv": [ 7.55, 8.575, 8.9, 9.925 ], "texture": "#texture" }
			}
		},
		{
			"__comment": "Element",
			"from": [ -11.2, 6.075, 7.1 ],
			"to": [ -8.95, 7.425, 8.45 ],
			"faces": {
				"down": { "uv": [ 15.2, 8.45, 12.95, 7.1 ], "texture": "#texture" },
				"up": { "uv": [ 0.8, 7.1, 3.05, 8.45 ], "texture": "#texture" },
				"north": { "uv": [ 12.95, 8.575, 15.2, 9.925 ], "texture": "#texture" },
				"south": { "uv": [ 0.8, 8.575, 3.05, 9.925 ], "texture": "#texture" },
				"west": { "uv": [ 7.1, 8.575, 8.45, 9.925 ], "texture": "#texture" },
				"east": { "uv": [ 7.55, 8.575, 8.9, 9.925 ], "texture": "#texture" }
			}
		},
		{
			"__comment": "Element",
			"from": [ -10.75, 7.2, 7.55 ],
			"to": [ -10.3, 8.55, 8 ],
			"faces": {
				"down": { "uv": [ 14.75, 8, 14.3, 7.55 ], "texture": "#texture" },
				"up": { "uv": [ 1.25, 7.55, 1.7, 8 ], "texture": "#texture" },
				"north": { "uv": [ 14.3, 7.45, 14.75, 8.8 ], "texture": "#texture" },
				"south": { "uv": [ 1.25, 7.45, 1.7, 8.8 ], "texture": "#texture" },
				"west": { "uv": [ 7.55, 7.45, 8, 8.8 ], "texture": "#texture" },
				"east": { "uv": [ 8, 7.45, 8.45, 8.8 ], "texture": "#texture" }
			}
		},
		{
			"__comment": "Element",
			"from": [ -10.3562, 6.6937, 7.55 ],
			"to": [ -9.906249, 8.9437, 8 ],
			"faces": {
				"down": { "uv": [ 14.3562, 8, 13.9063, 7.55 ], "texture": "#texture" },
				"up": { "uv": [ 1.64375, 7.55, 2.09375, 8 ], "texture": "#texture" },
				"north": { "uv": [ 13.9063, 7.05625, 14.3562, 9.30625 ], "texture": "#texture" },
				"south": { "uv": [ 1.64375, 7.05625, 2.09375, 9.30625 ], "texture": "#texture" },
				"west": { "uv": [ 7.55, 7.05625, 8, 9.30625 ], "texture": "#texture" },
				"east": { "uv": [ 8, 7.05625, 8.45, 9.30625 ], "texture": "#texture" }
			}
		},
		{
			"__comment": "Element",
			"from": [ -10.75, 8.099999, 7.55 ],
			"to": [ -9.85, 8.999999, 8 ],
			"faces": {
				"down": { "uv": [ 14.75, 8, 13.85, 7.55 ], "texture": "#texture" },
				"up": { "uv": [ 1.25, 7.55, 2.15, 8 ], "texture": "#texture" },
				"north": { "uv": [ 13.85, 7, 14.75, 7.9 ], "texture": "#texture" },
				"south": { "uv": [ 1.25, 7, 2.15, 7.9 ], "texture": "#texture" },
				"west": { "uv": [ 7.55, 7, 8, 7.9 ], "texture": "#texture" },
				"east": { "uv": [ 8, 7, 8.45, 7.9 ], "texture": "#texture" }
			}
		},
		{
			"__comment": "Element",
			"from": [ -10.75, 9, 7.55 ],
			"to": [ -9.85, 9.45, 8 ],
			"faces": {
				"down": { "uv": [ 14.75, 8, 13.85, 7.55 ], "texture": "#texture" },
				"up": { "uv": [ 1.25, 7.55, 2.15, 8 ], "texture": "#texture" },
				"north": { "uv": [ 13.85, 6.55, 14.75, 7 ], "texture": "#texture" },
				"south": { "uv": [ 1.25, 6.55, 2.15, 7 ], "texture": "#texture" },
				"west": { "uv": [ 7.55, 6.55, 8, 7 ], "texture": "#texture" },
				"east": { "uv": [ 8, 6.55, 8.45, 7 ], "texture": "#texture" }
			}
		},
		{
			"__comment": "Element",
			"from": [ 20.3002, 5.7567, 7.1259 ],
			"to": [ 22.7977, 7.5549, 8.47455 ],
			"faces": {
				"down": { "uv": [ 10.6875, 8.475, 8.1875, 7.125 ], "texture": "#texture" },
				"up": { "uv": [ 5.3125, 7.125, 7.8125, 8.475 ], "texture": "#texture" },
				"north": { "uv": [ 8.1875, 8.4375, 10.6875, 10.2375 ], "texture": "#texture" },
				"south": { "uv": [ 5.3125, 8.4375, 7.8125, 10.2375 ], "texture": "#texture" },
				"west": { "uv": [ 7.125, 8.4375, 8.475, 10.2375 ], "texture": "#texture" },
				"east": { "uv": [ 7.525, 8.4375, 8.875, 10.2375 ], "texture": "#texture" }
			}
		},
		{
			"__comment": "Element",
			"from": [ 21.6875, 4.7375, 6.9375 ],
			"to": [ 29.7875, 7.4375, 8.5575 ],
			"faces": {
				"down": { "uv": [ 9.3125, 8.5575, 1.2125, 6.9375 ], "texture": "#particle" },
				"up": { "uv": [ 6.6875, 6.9375, 14.7875, 8.5575 ], "texture": "#particle" },
				"north": { "uv": [ 1.2125, 8.5625, 9.3125, 11.2625 ], "texture": "#particle" },
				"south": { "uv": [ 6.6875, 8.5625, 14.7875, 11.2625 ], "texture": "#particle" },
				"west": { "uv": [ 6.9375, 8.5625, 8.5575, 11.2625 ], "texture": "#particle" },
				"east": { "uv": [ 7.4425, 8.5625, 9.0625, 11.2625 ], "texture": "#particle" }
			}
		},
		{
			"__comment": "Element",
			"from": [ 21.875, 4.71, 6.9375 ],
			"to": [ 30.875, 5.25, 8.5575 ],
			"faces": {
				"down": { "uv": [ 9.125, 8.5575, 0.125, 6.9375 ], "texture": "#particle" },
				"up": { "uv": [ 6.875, 6.9375, 15.875, 8.5575 ], "texture": "#particle" },
				"north": { "uv": [ 0.125, 10.75, 9.125, 11.29 ], "texture": "#particle" },
				"south": { "uv": [ 6.875, 10.75, 15.875, 11.29 ], "texture": "#particle" },
				"west": { "uv": [ 6.9375, 10.75, 8.5575, 11.29 ], "texture": "#particle" },
				"east": { "uv": [ 7.4425, 10.75, 9.0625, 11.29 ], "texture": "#particle" }
			}
		},
		{
			"__comment": "Element",
			"from": [ 29.84, 1.5, 6.92 ],
			"to": [ 30.38, 7.44, 8.539999 ],
			"faces": {
				"down": { "uv": [ 1.16, 8.54, 0.62, 6.92 ], "texture": "#particle" },
				"up": { "uv": [ 14.84, 6.92, 15.38, 8.54 ], "texture": "#particle" },
				"north": { "uv": [ 0.62, 8.56, 1.16, 14.5 ], "texture": "#particle" },
				"south": { "uv": [ 14.84, 8.56, 15.38, 14.5 ], "texture": "#particle" },
				"west": { "uv": [ 6.92, 8.56, 8.54, 14.5 ], "texture": "#particle" },
				"east": { "uv": [ 7.46, 8.56, 9.08, 14.5 ], "texture": "#particle" }
			}
		},
		{
			"__comment": "Element",
			"from": [ 23.36, 4.2, 6.92 ],
			"to": [ 29.84, 4.74, 8.539999 ],
			"faces": {
				"down": { "uv": [ 7.64, 8.54, 1.16, 6.92 ], "texture": "#particle" },
				"up": { "uv": [ 8.36, 6.92, 14.84, 8.54 ], "texture": "#particle" },
				"north": { "uv": [ 1.16, 11.26, 7.64, 11.8 ], "texture": "#particle" },
				"south": { "uv": [ 8.36, 11.26, 14.84, 11.8 ], "texture": "#particle" },
				"west": { "uv": [ 6.92, 11.26, 8.54, 11.8 ], "texture": "#particle" },
				"east": { "uv": [ 7.46, 11.26, 9.08, 11.8 ], "texture": "#particle" }
			}
		},
		{
			"__comment": "Element",
			"from": [ 24.44, 3.66, 6.92 ],
			"to": [ 29.84, 4.2, 8.539999 ],
			"faces": {
				"down": { "uv": [ 6.56, 8.54, 1.16, 6.92 ], "texture": "#particle" },
				"up": { "uv": [ 9.44, 6.92, 14.84, 8.54 ], "texture": "#particle" },
				"north": { "uv": [ 1.16, 11.8, 6.56, 12.34 ], "texture": "#particle" },
				"south": { "uv": [ 9.44, 11.8, 14.84, 12.34 ], "texture": "#particle" },
				"west": { "uv": [ 6.92, 11.8, 8.54, 12.34 ], "texture": "#particle" },
				"east": { "uv": [ 7.46, 11.8, 9.08, 12.34 ], "texture": "#particle" }
			}
		},
		{
			"__comment": "Element",
			"from": [ 27.14, 2.58, 6.92 ],
			"to": [ 29.84, 3.12, 8.539999 ],
			"faces": {
				"down": { "uv": [ 3.86, 8.54, 1.16, 6.92 ], "texture": "#particle" },
				"up": { "uv": [ 12.14, 6.92, 14.84, 8.54 ], "texture": "#particle" },
				"north": { "uv": [ 1.16, 12.88, 3.86, 13.42 ], "texture": "#particle" },
				"south": { "uv": [ 12.14, 12.88, 14.84, 13.42 ], "texture": "#particle" },
				"west": { "uv": [ 6.92, 12.88, 8.54, 13.42 ], "texture": "#particle" },
				"east": { "uv": [ 7.46, 12.88, 9.08, 13.42 ], "texture": "#particle" }
			}
		},
		{
			"__comment": "Element",
			"from": [ 25.52, 3.12, 6.92 ],
			"to": [ 29.84, 3.66, 8.539999 ],
			"faces": {
				"down": { "uv": [ 5.48, 8.54, 1.16, 6.92 ], "texture": "#particle" },
				"up": { "uv": [ 10.52, 6.92, 14.84, 8.54 ], "texture": "#particle" },
				"north": { "uv": [ 1.16, 12.34, 5.48, 12.88 ], "texture": "#particle" },
				"south": { "uv": [ 10.52, 12.34, 14.84, 12.88 ], "texture": "#particle" },
				"west": { "uv": [ 6.92, 12.34, 8.54, 12.88 ], "texture": "#particle" },
				"east": { "uv": [ 7.46, 12.34, 9.08, 12.88 ], "texture": "#particle" }
			}
		},
		{
			"__comment": "Element",
			"from": [ 28.76, 2.04, 6.92 ],
			"to": [ 29.84, 2.58, 8.539999 ],
			"faces": {
				"down": { "uv": [ 2.24, 8.54, 1.16, 6.92 ], "texture": "#particle" },
				"up": { "uv": [ 13.76, 6.92, 14.84, 8.54 ], "texture": "#particle" },
				"north": { "uv": [ 1.16, 13.42, 2.24, 13.96 ], "texture": "#particle" },
				"south": { "uv": [ 13.76, 13.42, 14.84, 13.96 ], "texture": "#particle" },
				"west": { "uv": [ 6.92, 13.42, 8.54, 13.96 ], "texture": "#particle" },
				"east": { "uv": [ 7.46, 13.42, 9.08, 13.96 ], "texture": "#particle" }
			}
		},
		{
			"__comment": "Element",
			"from": [ 25.52, 7.44, 6.92 ],
			"to": [ 30.38, 7.98, 8.539999 ],
			"faces": {
				"down": { "uv": [ 5.48, 8.54, 0.6199999, 6.92 ], "texture": "#particle" },
				"up": { "uv": [ 10.52, 6.92, 15.38, 8.54 ], "texture": "#particle" },
				"north": { "uv": [ 0.62, 8.02, 5.48, 8.56 ], "texture": "#particle" },
				"south": { "uv": [ 10.52, 8.02, 15.38, 8.56 ], "texture": "#particle" },
				"west": { "uv": [ 6.92, 8.02, 8.54, 8.56 ], "texture": "#particle" },
				"east": { "uv": [ 7.46, 8.02, 9.08, 8.56 ], "texture": "#particle" }
			}
		},
		{
			"__comment": "Element",
			"from": [ 24.1025, 6.8325, 6.92 ],
			"to": [ 25.7225, 7.3725, 8.539999 ],
			"faces": {
				"down": { "uv": [ 6.8975, 8.54, 5.2775, 6.92 ], "texture": "#particle" },
				"up": { "uv": [ 9.1025, 6.92, 10.7225, 8.54 ], "texture": "#particle" },
				"north": { "uv": [ 5.2775, 8.6275, 6.8975, 9.1675 ], "texture": "#particle" },
				"south": { "uv": [ 9.1025, 8.6275, 10.7225, 9.1675 ], "texture": "#particle" },
				"west": { "uv": [ 6.92, 8.6275, 8.54, 9.1675 ], "texture": "#particle" },
				"east": { "uv": [ 7.46, 8.6275, 9.08, 9.1675 ], "texture": "#particle" }
			}
		},
		{
			"__comment": "Element",
			"from": [ 9.037499, 9, 7.3812 ],
			"to": [ 10.8375, 9.45, 8.2812 ],
			"faces": {
				"down": { "uv": [ 12.9625, 8.28125, 11.1625, 7.38125 ], "texture": "#texture" },
				"up": { "uv": [ 3.0375, 7.38125, 4.8375, 8.28125 ], "texture": "#texture" },
				"north": { "uv": [ 11.1625, 6.55, 12.9625, 7 ], "texture": "#texture" },
				"south": { "uv": [ 3.0375, 6.55, 4.8375, 7 ], "texture": "#texture" },
				"west": { "uv": [ 7.38125, 6.55, 8.28125, 7 ], "texture": "#texture" },
				"east": { "uv": [ 7.71875, 6.55, 8.61875, 7 ], "texture": "#texture" }
			}
		},
		{
			"__comment": "Element",
			"from": [ -9.849999, 5.5125, 7.55 ],
			"to": [ -5.349999, 5.9625, 8 ],
			"faces": {
				"down": { "uv": [ 15.85, 8, 11.35, 7.55 ], "texture": "#texture" },
				"up": { "uv": [ 0.15, 7.55, 4.65, 8 ], "texture": "#texture" },
				"north": { "uv": [ 11.35, 10.0375, 15.85, 10.4875 ], "texture": "#texture" },
				"south": { "uv": [ 0.15, 10.0375, 4.65, 10.4875 ], "texture": "#texture" },
				"west": { "uv": [ 7.55, 10.0375, 8, 10.4875 ], "texture": "#texture" },
				"east": { "uv": [ 8, 10.0375, 8.45, 10.4875 ], "texture": "#texture" }
			}
		},
		{
			"__comment": "Element",
			"from": [ -10.75, 5.4, 7.55 ],
			"to": [ -9.85, 6.3, 8 ],
			"faces": {
				"down": { "uv": [ 14.75, 8, 13.85, 7.55 ], "texture": "#texture" },
				"up": { "uv": [ 1.25, 7.55, 2.15, 8 ], "texture": "#texture" },
				"north": { "uv": [ 13.85, 9.7, 14.75, 10.6 ], "texture": "#texture" },
				"south": { "uv": [ 1.25, 9.7, 2.15, 10.6 ], "texture": "#texture" },
				"west": { "uv": [ 7.55, 9.7, 8, 10.6 ], "texture": "#texture" },
				"east": { "uv": [ 8, 9.7, 8.45, 10.6 ], "texture": "#texture" }
			}
		},
		{
			"__comment": "Element",
			"from": [ -5.35, 5.4, 7.55 ],
			"to": [ -3.55, 6.3, 8 ],
			"faces": {
				"down": { "uv": [ 11.35, 8, 9.55, 7.55 ], "texture": "#texture" },
				"up": { "uv": [ 4.65, 7.55, 6.45, 8 ], "texture": "#texture" },
				"north": { "uv": [ 9.55, 9.7, 11.35, 10.6 ], "texture": "#texture" },
				"south": { "uv": [ 4.65, 9.7, 6.45, 10.6 ], "texture": "#texture" },
				"west": { "uv": [ 7.55, 9.7, 8, 10.6 ], "texture": "#texture" },
				"east": { "uv": [ 8, 9.7, 8.45, 10.6 ], "texture": "#texture" }
			}
		},
		{
			"__comment": "Element",
			"from": [ -3.55, 5.4562, 7.55 ],
			"to": [ 0.95, 5.906199, 8 ],
			"faces": {
				"down": { "uv": [ 9.55, 8, 5.05, 7.55 ], "texture": "#texture" },
				"up": { "uv": [ 6.45, 7.55, 10.95, 8 ], "texture": "#texture" },
				"north": { "uv": [ 5.05, 10.0938, 9.55, 10.5437 ], "texture": "#texture" },
				"south": { "uv": [ 6.45, 10.0938, 10.95, 10.5437 ], "texture": "#texture" },
				"west": { "uv": [ 7.55, 10.0938, 8, 10.5437 ], "texture": "#texture" },
				"east": { "uv": [ 8, 10.0938, 8.45, 10.5437 ], "texture": "#texture" }
			}
		},
		{
			"__comment": "Element",
			"from": [ 11.5, 0, 7.5 ],
			"to": [ 14, 1, 8.5 ],
			"faces": {
				"down": { "uv": [ 4.5, 8.5, 2, 7.5 ], "texture": "#texture" },
				"up": { "uv": [ 11.5, 7.5, 14, 8.5 ], "texture": "#texture" },
				"north": { "uv": [ 2, 15, 4.5, 16 ], "texture": "#texture" },
				"south": { "uv": [ 11.5, 15, 14, 16 ], "texture": "#texture" },
				"west": { "uv": [ 7.5, 15, 8.5, 16 ], "texture": "#texture" },
				"east": { "uv": [ 7.5, 15, 8.5, 16 ], "texture": "#texture" }
			}
		},
		{
			"__comment": "Element",
			"from": [ 9.5, 6.5, 8 ],
			"to": [ 14, 7, 9 ],
			"faces": {
				"down": { "uv": [ 6.5, 9, 2, 8 ], "texture": "#texture" },
				"up": { "uv": [ 9.5, 8, 14, 9 ], "texture": "#texture" },
				"north": { "uv": [ 2, 9, 6.5, 9.5 ], "texture": "#texture" },
				"south": { "uv": [ 9.5, 9, 14, 9.5 ], "texture": "#texture" },
				"west": { "uv": [ 8, 9, 9, 9.5 ], "texture": "#texture" },
				"east": { "uv": [ 7, 9, 8, 9.5 ], "texture": "#texture" }
			}
		}
	],
	"display": {
		"thirdperson_righthand": {
			"rotation":  [ 0, -90, 0 ],
			"translation":  [ -0.19, 2.65, -1.116 ],
			"scale":  [ 0.7, 0.7, 0.7 ]
		},
		"thirdperson_lefthand": {
			"rotation":  [ 0, 90, 0 ],
			"translation":  [ 0.38, 2.65, -4.72 ],
			"scale":  [ 0.7, 0.7, 0.7 ]
		},
		"firstperson_righthand": {
			"rotation":  [ 0, -105, 0 ],
			"translation":  [ 0.56, 4.16, -5.67 ]
		},
		"firstperson_lefthand": {
			"rotation":  [ 0, 71, 0 ],
			"translation":  [ 0.56, 4.16, -5.67 ]
		},
		"gui": {
			"rotation":  [ 0, 0, -40 ],
			"translation":  [ 0.19, 1.7, 0.57 ],
			"scale":  [ 0.5, 0.5, 0.5 ]
		},
		"ground": {
			"translation":  [ 0, 5.67, 0 ]
		}
	}
}