{
	"__comment": "Designed by MoTy with BDcraft Cubik PRO 0.95 Beta - http://bdcraft.net",
	"textures": {
		"particle": "blocks/anvil_base",
		"dark wood blade": "blocks/anvil_base",
		"texture": "blocks/hardened_clay_stained_lime",
		"hardened clay stained white": "blocks/door_iron_lower"
	},
	"elements": [ 	 
		{
			"__comment": "Element",
			"from": [ -7.75, 9.25, 7.75 ],
			"to": [ -0.75, 9.75, 8.25 ],
			"faces": {
				"down": { "uv": [ 16, 8.25, 16, 7.75 ], "texture": "#dark wood blade", "cullface": "west" },
				"up": { "uv": [ 0, 7.75, 0, 8.25 ], "texture": "#dark wood blade", "cullface": "west" },
				"north": { "uv": [ 16, 6.25, 16, 6.75 ], "texture": "#dark wood blade", "cullface": "west" },
				"south": { "uv": [ 0, 6.25, 0, 6.75 ], "texture": "#dark wood blade", "cullface": "west" },
				"west": { "uv": [ 7.75, 6.25, 8.25, 6.75 ], "texture": "#dark wood blade", "cullface": "west" }
			}
		},
		{
			"__comment": "Element",
			"from": [ -0.75, 9.25, 7.5 ],
			"to": [ 1, 9.75, 8.5 ],
			"faces": {
				"down": { "uv": [ 16, 8.5, 15, 7.5 ], "texture": "#dark wood blade", "cullface": "west" },
				"up": { "uv": [ 0, 7.5, 1, 8.5 ], "texture": "#dark wood blade", "cullface": "west" },
				"north": { "uv": [ 15, 6.25, 16, 6.75 ], "texture": "#dark wood blade", "cullface": "west" },
				"south": { "uv": [ 0, 6.25, 1, 6.75 ], "texture": "#dark wood blade", "cullface": "west" },
				"west": { "uv": [ 7.5, 6.25, 8.5, 6.75 ], "texture": "#dark wood blade", "cullface": "west" }
			}
		},
		{
			"__comment": "Element",
			"from": [ -0.75, 9, 7.75 ],
			"to": [ 1, 10, 8.25 ],
			"faces": {
				"down": { "uv": [ 16, 8.25, 15, 7.75 ], "texture": "#dark wood blade", "cullface": "west" },
				"up": { "uv": [ 0, 7.75, 1, 8.25 ], "texture": "#dark wood blade", "cullface": "west" },
				"north": { "uv": [ 15, 6, 16, 7 ], "texture": "#dark wood blade", "cullface": "west" },
				"south": { "uv": [ 0, 6, 1, 7 ], "texture": "#dark wood blade", "cullface": "west" },
				"west": { "uv": [ 7.75, 6, 8.25, 7 ], "texture": "#dark wood blade", "cullface": "west" }
			}
		},
		{
			"__comment": "Element",
			"from": [ 1, 9, 7.5 ],
			"to": [ 6.5, 10, 8.5 ],
			"faces": {
				"up": { "uv": [ 1, 7.5, 6.5, 8.5 ], "texture": "#dark wood blade" },
				"north": { "uv": [ 9.5, 6, 15, 7 ], "texture": "#dark wood blade" },
				"south": { "uv": [ 1, 6, 6.5, 7 ], "texture": "#dark wood blade" },
				"west": { "uv": [ 7.5, 6, 8.5, 7 ], "texture": "#dark wood blade" },
				"east": { "uv": [ 7.5, 6, 8.5, 7 ], "texture": "#dark wood blade" }
			}
		},
		{
			"__comment": "Element",
			"from": [ 1, 8.25, 7.25 ],
			"to": [ 20.5, 9, 8.75 ],
			"faces": {
				"down": { "uv": [ 15, 8.75, 0, 7.25 ], "texture": "#texture", "cullface": "east" },
				"up": { "uv": [ 1, 7.25, 16, 8.75 ], "texture": "#texture", "cullface": "east" },
				"north": { "uv": [ 0, 7, 15, 7.75 ], "texture": "#texture", "cullface": "east" },
				"south": { "uv": [ 1, 7, 16, 7.75 ], "texture": "#texture", "cullface": "east" },
				"west": { "uv": [ 7.25, 7, 8.75, 7.75 ], "texture": "#texture", "cullface": "east" },
				"east": { "uv": [ 7.25, 7, 8.75, 7.75 ], "texture": "#texture", "cullface": "east" }
			}
		},
		{
			"__comment": "Element",
			"from": [ 6.5, 9.75, 7.25 ],
			"to": [ 20.75, 10.25, 8.75 ],
			"faces": {
				"up": { "uv": [ 6.5, 7.25, 16, 8.75 ], "texture": "#texture", "cullface": "east" },
				"north": { "uv": [ 0, 5.75, 9.5, 6.25 ], "texture": "#texture", "cullface": "east" },
				"south": { "uv": [ 6.5, 5.75, 16, 6.25 ], "texture": "#texture", "cullface": "east" },
				"west": { "uv": [ 7.25, 5.75, 8.75, 6.25 ], "texture": "#texture", "cullface": "east" },
				"east": { "uv": [ 7.25, 5.75, 8.75, 6.25 ], "texture": "#texture", "cullface": "east" }
			}
		},
		{
			"__comment": "Element",
			"from": [ 0.25, 8.25, 7.5 ],
			"to": [ 1.5, 9.25, 8.5 ],
			"faces": {
				"down": { "uv": [ 15.75, 8.5, 14.5, 7.5 ], "texture": "#dark wood blade" },
				"up": { "uv": [ 0.25, 7.5, 1.5, 8.5 ], "texture": "#dark wood blade" },
				"north": { "uv": [ 14.5, 6.75, 15.75, 7.75 ], "texture": "#dark wood blade" },
				"south": { "uv": [ 0.25, 6.75, 1.5, 7.75 ], "texture": "#dark wood blade" },
				"west": { "uv": [ 7.5, 6.75, 8.5, 7.75 ], "texture": "#dark wood blade" },
				"east": { "uv": [ 7.5, 6.75, 8.5, 7.75 ], "texture": "#dark wood blade" }
			}
		},
		{
			"__comment": "Element",
			"from": [ 0.5, 7.75, 7.75 ],
			"to": [ 1, 8.5, 8.25 ],
			"faces": {
				"up": { "uv": [ 0.5, 7.75, 1, 8.25 ], "texture": "#dark wood blade" },
				"north": { "uv": [ 15, 7.5, 15.5, 8.25 ], "texture": "#dark wood blade" },
				"south": { "uv": [ 0.5, 7.5, 1, 8.25 ], "texture": "#dark wood blade" },
				"west": { "uv": [ 7.75, 7.5, 8.25, 8.25 ], "texture": "#dark wood blade" },
				"east": { "uv": [ 7.75, 7.5, 8.25, 8.25 ], "texture": "#dark wood blade" }
			}
		},
		{
			"__comment": "Element",
			"from": [ 0, 4, 7.5 ],
			"to": [ 1.25, 7.75, 8.5 ],
			"faces": {
				"down": { "uv": [ 16, 8.5, 14.75, 7.5 ], "texture": "#texture" },
				"up": { "uv": [ 0, 7.5, 1.25, 8.5 ], "texture": "#texture" },
				"north": { "uv": [ 14.75, 8.25, 16, 12 ], "texture": "#texture" },
				"south": { "uv": [ 0, 8.25, 1.25, 12 ], "texture": "#texture" },
				"west": { "uv": [ 7.5, 8.25, 8.5, 12 ], "texture": "#texture", "cullface": "west" },
				"east": { "uv": [ 7.5, 8.25, 8.5, 12 ], "texture": "#texture" }
			}
		},
		{
			"__comment": "Element",
			"from": [ 6.5, 9, 7 ],
			"to": [ 20.75, 9.75, 9 ],
			"faces": {
				"down": { "uv": [ 9.5, 9, 0, 7 ], "texture": "#texture", "cullface": "east" },
				"up": { "uv": [ 6.5, 7, 16, 9 ], "texture": "#texture", "cullface": "east" },
				"north": { "uv": [ 0, 6.25, 9.5, 7 ], "texture": "#texture", "cullface": "east" },
				"south": { "uv": [ 6.5, 6.25, 16, 7 ], "texture": "#texture", "cullface": "east" },
				"west": { "uv": [ 7, 6.25, 9, 7 ], "texture": "#texture", "cullface": "east" },
				"east": { "uv": [ 7, 6.25, 9, 7 ], "texture": "#texture", "cullface": "east" }
			}
		},
		{
			"__comment": "Element",
			"from": [ 4, 7.25, 7.5 ],
			"to": [ 5, 8, 8.5 ],
			"faces": {
				"down": { "uv": [ 12, 8.5, 11, 7.5 ], "texture": "#texture" },
				"north": { "uv": [ 11, 8, 12, 8.75 ], "texture": "#texture" },
				"south": { "uv": [ 4, 8, 5, 8.75 ], "texture": "#texture" },
				"west": { "uv": [ 7.5, 8, 8.5, 8.75 ], "texture": "#texture" },
				"east": { "uv": [ 7.5, 8, 8.5, 8.75 ], "texture": "#texture" }
			}
		},
		{
			"__comment": "Element",
			"from": [ 1.5, 8, 7.5 ],
			"to": [ 9, 8.25, 8.5 ],
			"faces": {
				"down": { "uv": [ 14.5, 8.5, 7, 7.5 ], "texture": "#texture" },
				"north": { "uv": [ 7, 7.75, 14.5, 8 ], "texture": "#texture" },
				"south": { "uv": [ 1.5, 7.75, 9, 8 ], "texture": "#texture" },
				"west": { "uv": [ 7.5, 7.75, 8.5, 8 ], "texture": "#texture" }
			}
		},
		{
			"__comment": "Element",
			"from": [ 4.25, 3.75, 7.5 ],
			"to": [ 4.75, 7.5, 8.5 ],
			"faces": {
				"down": { "uv": [ 12.25, 8.5, 11.75, 7.5 ], "texture": "#texture" },
				"up": { "uv": [ 3.75, 7.5, 4.25, 8.5 ], "texture": "#texture" },
				"north": { "uv": [ 11.75, 8, 12.25, 12.75 ], "texture": "#texture" },
				"south": { "uv": [ 3.75, 8, 4.25, 12.75 ], "texture": "#texture" },
				"west": { "uv": [ 7.5, 8, 8.5, 12.75 ], "texture": "#texture" },
				"east": { "uv": [ 7.5, 8, 8.5, 12.75 ], "texture": "#texture" }
			}
		},
		{
			"__comment": "Element",
			"from": [ 4.5, 4, 7.5 ],
			"to": [ 8.5, 4.5, 8.5 ],
			"faces": {
				"down": { "uv": [ 10.25, 8.5, 6.25, 7.5 ], "texture": "#texture" },
				"up": { "uv": [ 5.75, 7.5, 9.75, 8.5 ], "texture": "#texture" },
				"north": { "uv": [ 6.25, 11.5, 10.25, 12 ], "texture": "#texture" },
				"south": { "uv": [ 5.75, 11.5, 9.75, 12 ], "texture": "#texture" },
				"west": { "uv": [ 7.5, 11.5, 8.5, 12 ], "texture": "#texture" },
				"east": { "uv": [ 7.5, 11.5, 8.5, 12 ], "texture": "#texture" }
			}
		},
		{
			"__comment": "Element",
			"from": [ 7, 3.75, 7.5 ],
			"to": [ 8.5, 7.25, 8.5 ],
			"faces": {
				"down": { "uv": [ 10.25, 8.5, 8.75, 7.5 ], "texture": "#texture" },
				"up": { "uv": [ 5.75, 7.5, 7.25, 8.5 ], "texture": "#texture" },
				"north": { "uv": [ 8.75, 8.75, 10.25, 11.5 ], "texture": "#texture" },
				"south": { "uv": [ 5.75, 8.75, 7.25, 11.5 ], "texture": "#texture" },
				"west": { "uv": [ 7.5, 8.75, 8.5, 11.5 ], "texture": "#texture" },
				"east": { "uv": [ 7.5, 8.75, 8.5, 11.5 ], "texture": "#texture" }
			}
		},
		{
			"__comment": "Element",
			"from": [ 6.75, 6.75, 7.5 ],
			"to": [ 8.75, 8, 8.5 ],
			"faces": {
				"down": { "uv": [ 9.25, 8.5, 7.25, 7.5 ], "texture": "#texture" },
				"north": { "uv": [ 7.25, 8, 9.25, 9.25 ], "texture": "#texture" },
				"south": { "uv": [ 6.75, 8, 8.75, 9.25 ], "texture": "#texture" },
				"west": { "uv": [ 7.5, 8, 8.5, 9.25 ], "texture": "#texture" },
				"east": { "uv": [ 7.5, 8, 8.5, 9.25 ], "texture": "#texture" }
			}
		},
		{
			"__comment": "Element",
			"from": [ 6.25, 7, 7.75 ],
			"to": [ 6.75, 8, 8.25 ],
			"faces": {
				"down": { "uv": [ 9.75, 8.25, 9.25, 7.75 ], "texture": "#dark wood blade" },
				"north": { "uv": [ 9.25, 8, 9.75, 9 ], "texture": "#dark wood blade" },
				"south": { "uv": [ 6.25, 8, 6.75, 9 ], "texture": "#dark wood blade" },
				"west": { "uv": [ 7.75, 8, 8.25, 9 ], "texture": "#dark wood blade" }
			}
		},
		{
			"__comment": "Element",
			"from": [ 8.75, 7.25, 7.5 ],
			"to": [ 9, 8, 8.5 ],
			"faces": {
				"down": { "uv": [ 7.25, 8.5, 7, 7.5 ], "texture": "#texture" },
				"north": { "uv": [ 7, 8, 7.25, 8.75 ], "texture": "#texture" },
				"south": { "uv": [ 8.75, 8, 9, 8.75 ], "texture": "#texture" },
				"east": { "uv": [ 7.5, 8, 8.5, 8.75 ], "texture": "#texture" }
			}
		},
		{
			"__comment": "Element",
			"from": [ 9, 7.5, 7.25 ],
			"to": [ 20.5, 8.25, 8.75 ],
			"faces": {
				"down": { "uv": [ 7, 8.75, 0, 7.25 ], "texture": "#texture", "cullface": "east" },
				"north": { "uv": [ 0, 7.75, 7, 8.5 ], "texture": "#texture", "cullface": "east" },
				"south": { "uv": [ 9, 7.75, 16, 8.5 ], "texture": "#texture", "cullface": "east" },
				"west": { "uv": [ 7.25, 7.75, 8.75, 8.5 ], "texture": "#texture", "cullface": "east" },
				"east": { "uv": [ 7.25, 7.75, 8.75, 8.5 ], "texture": "#texture", "cullface": "east" }
			}
		},
		{
			"__comment": "Element",
			"from": [ 10.75, 7.25, 7.25 ],
			"to": [ 20.25, 7.5, 8.75 ],
			"faces": {
				"down": { "uv": [ 5.25, 8.75, 0, 7.25 ], "texture": "#texture", "cullface": "east" },
				"north": { "uv": [ 0, 8.5, 5.25, 8.75 ], "texture": "#texture", "cullface": "east" },
				"south": { "uv": [ 10.75, 8.5, 16, 8.75 ], "texture": "#texture", "cullface": "east" },
				"west": { "uv": [ 7.25, 8.5, 8.75, 8.75 ], "texture": "#texture", "cullface": "east" },
				"east": { "uv": [ 7.25, 8.5, 8.75, 8.75 ], "texture": "#texture", "cullface": "east" }
			}
		},
		{
			"__comment": "Element",
			"from": [ 12.5, 7, 7.25 ],
			"to": [ 20.25, 7.25, 8.75 ],
			"faces": {
				"down": { "uv": [ 3.5, 8.75, 0, 7.25 ], "texture": "#texture", "cullface": "east" },
				"north": { "uv": [ 0, 8.75, 3.5, 9 ], "texture": "#texture", "cullface": "east" },
				"south": { "uv": [ 12.5, 8.75, 16, 9 ], "texture": "#texture", "cullface": "east" },
				"west": { "uv": [ 7.25, 8.75, 8.75, 9 ], "texture": "#texture", "cullface": "east" },
				"east": { "uv": [ 7.25, 8.75, 8.75, 9 ], "texture": "#texture", "cullface": "east" }
			}
		},
		{
			"__comment": "Element",
			"from": [ 14, 6.75, 7.25 ],
			"to": [ 20.25, 7, 8.75 ],
			"faces": {
				"down": { "uv": [ 2, 8.75, 0, 7.25 ], "texture": "#texture", "cullface": "east" },
				"north": { "uv": [ 0, 9, 2, 9.25 ], "texture": "#texture", "cullface": "east" },
				"south": { "uv": [ 14, 9, 16, 9.25 ], "texture": "#texture", "cullface": "east" },
				"west": { "uv": [ 7.25, 9, 8.75, 9.25 ], "texture": "#texture", "cullface": "east" },
				"east": { "uv": [ 7.25, 9, 8.75, 9.25 ], "texture": "#texture", "cullface": "east" }
			}
		},
		{
			"__comment": "Element",
			"from": [ 15, 6.5, 7.25 ],
			"to": [ 20.25, 6.75, 8.75 ],
			"faces": {
				"down": { "uv": [ 1, 8.75, 0, 7.25 ], "texture": "#texture", "cullface": "east" },
				"north": { "uv": [ 0, 9.25, 1, 9.5 ], "texture": "#texture", "cullface": "east" },
				"south": { "uv": [ 15, 9.25, 16, 9.5 ], "texture": "#texture", "cullface": "east" },
				"west": { "uv": [ 7.25, 9.25, 8.75, 9.5 ], "texture": "#texture", "cullface": "east" },
				"east": { "uv": [ 7.25, 9.25, 8.75, 9.5 ], "texture": "#texture", "cullface": "east" }
			}
		},
		{
			"__comment": "Element",
			"from": [ 15.75, 6.25, 7.25 ],
			"to": [ 20.25, 6.5, 8.75 ],
			"faces": {
				"down": { "uv": [ 0.25, 8.75, 0, 7.25 ], "texture": "#texture", "cullface": "east" },
				"north": { "uv": [ 0, 9.5, 0.25, 9.75 ], "texture": "#texture", "cullface": "east" },
				"south": { "uv": [ 15.75, 9.5, 16, 9.75 ], "texture": "#texture", "cullface": "east" },
				"west": { "uv": [ 7.25, 9.5, 8.75, 9.75 ], "texture": "#texture", "cullface": "east" },
				"east": { "uv": [ 7.25, 9.5, 8.75, 9.75 ], "texture": "#texture", "cullface": "east" }
			}
		},
		{
			"__comment": "Element",
			"from": [ 16.5, 6, 7.25 ],
			"to": [ 20.25, 6.25, 8.75 ],
			"faces": {
				"down": { "uv": [ 0, 8.75, 0, 7.25 ], "texture": "#texture", "cullface": "east" },
				"north": { "uv": [ 0, 9.75, 0, 10 ], "texture": "#texture", "cullface": "east" },
				"south": { "uv": [ 16, 9.75, 16, 10 ], "texture": "#texture", "cullface": "east" },
				"west": { "uv": [ 7.25, 9.75, 8.75, 10 ], "texture": "#texture", "cullface": "east" },
				"east": { "uv": [ 7.25, 9.75, 8.75, 10 ], "texture": "#texture", "cullface": "east" }
			}
		},
		{
			"__comment": "Element",
			"from": [ 17.25, 5.75, 7.25 ],
			"to": [ 20, 6, 8.75 ],
			"faces": {
				"down": { "uv": [ 0, 8.75, 0, 7.25 ], "texture": "#texture", "cullface": "east" },
				"north": { "uv": [ 0, 10, 0, 10.25 ], "texture": "#texture", "cullface": "east" },
				"south": { "uv": [ 16, 10, 16, 10.25 ], "texture": "#texture", "cullface": "east" },
				"west": { "uv": [ 7.25, 10, 8.75, 10.25 ], "texture": "#texture", "cullface": "east" },
				"east": { "uv": [ 7.25, 10, 8.75, 10.25 ], "texture": "#texture", "cullface": "east" }
			}
		},
		{
			"__comment": "Element",
			"from": [ 17.75, 5.5, 7.25 ],
			"to": [ 20, 5.75, 8.75 ],
			"faces": {
				"down": { "uv": [ 0, 8.75, 0, 7.25 ], "texture": "#texture", "cullface": "east" },
				"north": { "uv": [ 0, 10.25, 0, 10.5 ], "texture": "#texture", "cullface": "east" },
				"south": { "uv": [ 16, 10.25, 16, 10.5 ], "texture": "#texture", "cullface": "east" },
				"west": { "uv": [ 7.25, 10.25, 8.75, 10.5 ], "texture": "#texture", "cullface": "east" },
				"east": { "uv": [ 7.25, 10.25, 8.75, 10.5 ], "texture": "#texture", "cullface": "east" }
			}
		},
		{
			"__comment": "Element",
			"from": [ 18, 5, 7.25 ],
			"to": [ 20, 5.5, 8.75 ],
			"faces": {
				"north": { "uv": [ 0, 10.5, 0, 11 ], "texture": "#texture", "cullface": "east" },
				"south": { "uv": [ 16, 10.5, 16, 11 ], "texture": "#texture", "cullface": "east" },
				"west": { "uv": [ 7.25, 10.5, 8.75, 11 ], "texture": "#texture", "cullface": "east" },
				"east": { "uv": [ 7.25, 10.5, 8.75, 11 ], "texture": "#texture", "cullface": "east" }
			}
		},
		{
			"__comment": "Element",
			"from": [ 17.75, 4.75, 7.25 ],
			"to": [ 20, 5, 8.75 ],
			"faces": {
				"up": { "uv": [ 16, 7.25, 16, 8.75 ], "texture": "#texture", "cullface": "east" },
				"north": { "uv": [ 0, 11, 0, 11.25 ], "texture": "#texture", "cullface": "east" },
				"south": { "uv": [ 16, 11, 16, 11.25 ], "texture": "#texture", "cullface": "east" },
				"west": { "uv": [ 7.25, 11, 8.75, 11.25 ], "texture": "#texture", "cullface": "east" },
				"east": { "uv": [ 7.25, 11, 8.75, 11.25 ], "texture": "#texture", "cullface": "east" }
			}
		},
		{
			"__comment": "Element",
			"from": [ 17.5, 4.5, 7.25 ],
			"to": [ 20, 4.75, 8.75 ],
			"faces": {
				"down": { "uv": [ 0, 8.75, 0, 7.25 ], "texture": "#texture", "cullface": "east" },
				"up": { "uv": [ 16, 7.25, 16, 8.75 ], "texture": "#texture", "cullface": "east" },
				"north": { "uv": [ 0, 11.25, 0, 11.5 ], "texture": "#texture", "cullface": "east" },
				"south": { "uv": [ 16, 11.25, 16, 11.5 ], "texture": "#texture", "cullface": "east" },
				"west": { "uv": [ 7.25, 11.25, 8.75, 11.5 ], "texture": "#texture", "cullface": "east" },
				"east": { "uv": [ 7.25, 11.25, 8.75, 11.5 ], "texture": "#texture", "cullface": "east" }
			}
		},
		{
			"__comment": "Element",
			"from": [ 17.75, 4.25, 7.25 ],
			"to": [ 20, 4.5, 8.75 ],
			"faces": {
				"down": { "uv": [ 0, 8.75, 0, 7.25 ], "texture": "#texture", "cullface": "east" },
				"north": { "uv": [ 0, 11.5, 0, 11.75 ], "texture": "#texture", "cullface": "east" },
				"south": { "uv": [ 16, 11.5, 16, 11.75 ], "texture": "#texture", "cullface": "east" },
				"west": { "uv": [ 7.25, 11.5, 8.75, 11.75 ], "texture": "#texture", "cullface": "east" },
				"east": { "uv": [ 7.25, 11.5, 8.75, 11.75 ], "texture": "#texture", "cullface": "east" }
			}
		},
		{
			"__comment": "Element",
			"from": [ 13.75, 6.75, 7.25 ],
			"to": [ 17.25, 7.5, 8.75 ],
			"faces": {
				"down": { "uv": [ 8.5, 8.5, 5, 7.5 ], "texture": "#texture", "cullface": "east" },
				"north": { "uv": [ 5, 0, 8.5, 0.75 ], "texture": "#texture", "cullface": "east" },
				"south": { "uv": [ 7.5, 0, 11, 0.75 ], "texture": "#texture", "cullface": "east" },
				"west": { "uv": [ 7.5, 0, 8.5, 0.75 ], "texture": "#texture", "cullface": "east" },
				"east": { "uv": [ 7.5, 0, 8.5, 0.75 ], "texture": "#texture", "cullface": "east" }
			}
		},
		{
			"__comment": "Element",
			"from": [ 13.75, 5.25, 7.5 ],
			"to": [ 16.5, 7.25, 8.5 ],
			"faces": {
				"down": { "uv": [ 2.25, 8.5, 0, 7.5 ], "texture": "#hardened clay stained white", "cullface": "east" },
				"north": { "uv": [ 0, 8.75, 2.25, 10.75 ], "texture": "#hardened clay stained white", "cullface": "east" },
				"south": { "uv": [ 13.75, 8.75, 16, 10.75 ], "texture": "#hardened clay stained white", "cullface": "east" },
				"west": { "uv": [ 7.5, 8.75, 8.5, 10.75 ], "texture": "#hardened clay stained white", "cullface": "east" },
				"east": { "uv": [ 7.5, 8.75, 8.5, 10.75 ], "texture": "#hardened clay stained white", "cullface": "east" }
			}
		},
		{
			"__comment": "Element",
			"from": [ 13.5, 3.75, 7.5 ],
			"to": [ 16.25, 5.25, 8.5 ],
			"faces": {
				"up": { "uv": [ 13.5, 7.5, 16, 8.5 ], "texture": "#hardened clay stained white", "cullface": "east" },
				"north": { "uv": [ 0, 10.75, 2.5, 12.25 ], "texture": "#hardened clay stained white", "cullface": "east" },
				"south": { "uv": [ 13.5, 10.75, 16, 12.25 ], "texture": "#hardened clay stained white", "cullface": "east" },
				"west": { "uv": [ 7.5, 10.75, 8.5, 12.25 ], "texture": "#hardened clay stained white", "cullface": "east" },
				"east": { "uv": [ 7.5, 10.75, 8.5, 12.25 ], "texture": "#hardened clay stained white", "cullface": "east" }
			}
		},
		{
			"__comment": "Element",
			"from": [ 13.25, 3.5, 7.5 ],
			"to": [ 16.5, 3.75, 8.5 ],
			"faces": {
				"down": { "uv": [ 2.75, 8.5, 0, 7.5 ], "texture": "#texture", "cullface": "east" },
				"up": { "uv": [ 13.25, 7.5, 16, 8.5 ], "texture": "#texture", "cullface": "east" },
				"north": { "uv": [ 0, 12.25, 2.75, 12.5 ], "texture": "#texture", "cullface": "east" },
				"south": { "uv": [ 13.25, 12.25, 16, 12.5 ], "texture": "#texture", "cullface": "east" },
				"west": { "uv": [ 7.5, 12.25, 8.5, 12.5 ], "texture": "#texture", "cullface": "east" },
				"east": { "uv": [ 7.5, 12.25, 8.5, 12.5 ], "texture": "#texture", "cullface": "east" }
			}
		},
		{
			"__comment": "Element",
			"from": [ 2.75, 9.25, 7.5 ],
			"to": [ 3.25, 11.5, 8.5 ],
			"faces": {
				"down": { "uv": [ 8.5, 8.5, 8, 7.5 ], "texture": "#dark wood blade" },
				"up": { "uv": [ 7.5, 7.5, 8, 8.5 ], "texture": "#dark wood blade" },
				"north": { "uv": [ 8, 0, 8.5, 2.25 ], "texture": "#dark wood blade" },
				"south": { "uv": [ 7.5, 0, 8, 2.25 ], "texture": "#dark wood blade" },
				"west": { "uv": [ 7.5, 0, 8.5, 2.25 ], "texture": "#dark wood blade" },
				"east": { "uv": [ 7.5, 0, 8.5, 2.25 ], "texture": "#dark wood blade" }
			}
		},
		{
			"__comment": "Element",
			"from": [ 2.75, 11, 7.5 ],
			"to": [ 7.5, 11.5, 8.5 ],
			"faces": {
				"down": { "uv": [ 13.25, 8.5, 8.5, 7.5 ], "texture": "#dark wood blade" },
				"up": { "uv": [ 2.75, 7.5, 7.5, 8.5 ], "texture": "#dark wood blade" },
				"north": { "uv": [ 8.5, 4.5, 13.25, 5 ], "texture": "#dark wood blade" },
				"south": { "uv": [ 2.75, 4.5, 7.5, 5 ], "texture": "#dark wood blade" },
				"west": { "uv": [ 7.5, 4.5, 8.5, 5 ], "texture": "#dark wood blade" },
				"east": { "uv": [ 7.5, 4.5, 8.5, 5 ], "texture": "#dark wood blade" }
			}
		},
		{
			"__comment": "Element",
			"from": [ 6, 10, 7.5 ],
			"to": [ 6.5, 11, 8.5 ],
			"faces": {
				"north": { "uv": [ 9.5, 5, 10, 6 ], "texture": "#dark wood blade" },
				"south": { "uv": [ 6, 5, 6.5, 6 ], "texture": "#dark wood blade" },
				"west": { "uv": [ 7.5, 5, 8.5, 6 ], "texture": "#dark wood blade" },
				"east": { "uv": [ 7.5, 5, 8.5, 6 ], "texture": "#dark wood blade" }
			}
		},
		{
			"__comment": "Element",
			"from": [ 3, 12, 7.5 ],
			"to": [ 3.5, 12.5, 7.75 ],
			"faces": {
				"down": { "uv": [ 13, 7.75, 12.5, 7.5 ], "texture": "#dark wood blade" },
				"up": { "uv": [ 3, 7.5, 3.5, 7.75 ], "texture": "#dark wood blade" },
				"north": { "uv": [ 12.5, 3.5, 13, 4 ], "texture": "#dark wood blade" },
				"south": { "uv": [ 3, 3.5, 3.5, 4 ], "texture": "#dark wood blade" },
				"west": { "uv": [ 7.5, 3.5, 7.75, 4 ], "texture": "#dark wood blade" },
				"east": { "uv": [ 8.25, 3.5, 8.5, 4 ], "texture": "#dark wood blade" }
			}
		},
		{
			"__comment": "Element",
			"from": [ 6.5, 11.5, 7.75 ],
			"to": [ 7.25, 12, 8.25 ],
			"faces": {
				"up": { "uv": [ 6.5, 7.75, 7.25, 8.25 ], "texture": "#dark wood blade" },
				"north": { "uv": [ 8.75, 4, 9.5, 4.5 ], "texture": "#dark wood blade" },
				"south": { "uv": [ 6.5, 4, 7.25, 4.5 ], "texture": "#dark wood blade" },
				"west": { "uv": [ 7.75, 4, 8.25, 4.5 ], "texture": "#dark wood blade" },
				"east": { "uv": [ 7.75, 4, 8.25, 4.5 ], "texture": "#dark wood blade" }
			}
		},
		{
			"__comment": "Element",
			"from": [ 6.5, 12, 7.5 ],
			"to": [ 7.25, 12.5, 7.75 ],
			"faces": {
				"down": { "uv": [ 9.5, 7.75, 8.75, 7.5 ], "texture": "#dark wood blade" },
				"up": { "uv": [ 6.5, 7.5, 7.25, 7.75 ], "texture": "#dark wood blade" },
				"north": { "uv": [ 8.75, 3.5, 9.5, 4 ], "texture": "#dark wood blade" },
				"south": { "uv": [ 6.5, 3.5, 7.25, 4 ], "texture": "#dark wood blade" },
				"west": { "uv": [ 7.5, 3.5, 7.75, 4 ], "texture": "#dark wood blade" },
				"east": { "uv": [ 8.25, 3.5, 8.5, 4 ], "texture": "#dark wood blade" }
			}
		},
		{
			"__comment": "Element",
			"from": [ 6.5, 12, 8.25 ],
			"to": [ 7.25, 12.5, 8.5 ],
			"faces": {
				"down": { "uv": [ 9.5, 8.5, 8.75, 8.25 ], "texture": "#dark wood blade" },
				"up": { "uv": [ 6.5, 8.25, 7.25, 8.5 ], "texture": "#dark wood blade" },
				"north": { "uv": [ 8.75, 3.5, 9.5, 4 ], "texture": "#dark wood blade" },
				"south": { "uv": [ 6.5, 3.5, 7.25, 4 ], "texture": "#dark wood blade" },
				"west": { "uv": [ 8.25, 3.5, 8.5, 4 ], "texture": "#dark wood blade" },
				"east": { "uv": [ 7.5, 3.5, 7.75, 4 ], "texture": "#dark wood blade" }
			}
		},
		{
			"__comment": "Element",
			"from": [ 6.5, 12.5, 7.75 ],
			"to": [ 7.25, 12.75, 8.25 ],
			"faces": {
				"down": { "uv": [ 9.5, 8.25, 8.75, 7.75 ], "texture": "#dark wood blade" },
				"up": { "uv": [ 6.5, 7.75, 7.25, 8.25 ], "texture": "#dark wood blade" },
				"north": { "uv": [ 8.75, 3.25, 9.5, 3.5 ], "texture": "#dark wood blade" },
				"south": { "uv": [ 6.5, 3.25, 7.25, 3.5 ], "texture": "#dark wood blade" },
				"west": { "uv": [ 7.75, 3.25, 8.25, 3.5 ], "texture": "#dark wood blade" },
				"east": { "uv": [ 7.75, 3.25, 8.25, 3.5 ], "texture": "#dark wood blade" }
			}
		},
		{
			"__comment": "Element",
			"from": [ 3, 11.5, 7.75 ],
			"to": [ 3.5, 12, 8.25 ],
			"faces": {
				"up": { "uv": [ 3, 7.75, 3.5, 8.25 ], "texture": "#dark wood blade" },
				"north": { "uv": [ 12.5, 4, 13, 4.5 ], "texture": "#dark wood blade" },
				"south": { "uv": [ 3, 4, 3.5, 4.5 ], "texture": "#dark wood blade" },
				"west": { "uv": [ 7.75, 4, 8.25, 4.5 ], "texture": "#dark wood blade" },
				"east": { "uv": [ 7.75, 4, 8.25, 4.5 ], "texture": "#dark wood blade" }
			}
		},
		{
			"__comment": "Element",
			"from": [ 3, 12, 8.25 ],
			"to": [ 3.5, 12.5, 8.5 ],
			"faces": {
				"down": { "uv": [ 13, 8.5, 12.5, 8.25 ], "texture": "#dark wood blade" },
				"up": { "uv": [ 3, 8.25, 3.5, 8.5 ], "texture": "#dark wood blade" },
				"north": { "uv": [ 12.5, 3.5, 13, 4 ], "texture": "#dark wood blade" },
				"south": { "uv": [ 3, 3.5, 3.5, 4 ], "texture": "#dark wood blade" },
				"west": { "uv": [ 8.25, 3.5, 8.5, 4 ], "texture": "#dark wood blade" },
				"east": { "uv": [ 7.5, 3.5, 7.75, 4 ], "texture": "#dark wood blade" }
			}
		},
		{
			"__comment": "Element",
			"from": [ 3, 12, 7.875 ],
			"to": [ 3.5, 12.25, 8.125 ],
			"faces": {
				"up": { "uv": [ 3, 7.875, 3.5, 8.125 ], "texture": "#dark wood blade" },
				"north": { "uv": [ 12.5, 3.75, 13, 4 ], "texture": "#dark wood blade" },
				"south": { "uv": [ 3, 3.75, 3.5, 4 ], "texture": "#dark wood blade" },
				"west": { "uv": [ 7.875, 3.75, 8.125, 4 ], "texture": "#dark wood blade" },
				"east": { "uv": [ 7.875, 3.75, 8.125, 4 ], "texture": "#dark wood blade" }
			}
		}
	],
	"display": {
		"thirdperson_righthand": {
			"rotation":  [ 0, -90, 0 ],
			"translation":  [ -0.19, 2.65, -5.29 ],
			"scale":  [ 0.7, 0.7, 0.7 ]
		},
		"thirdperson_lefthand": {
			"rotation":  [ 0, 90, 0 ],
			"translation":  [ 0.38, 2.65, -3.328 ],
			"scale":  [ 0.7, 0.7, 0.7 ]
		},
		"firstperson_righthand": {
			"rotation":  [ 0, -105, 0 ],
			"translation":  [ -0.135, 4.1599, -1.495 ]
		},
		"firstperson_lefthand": {
			"rotation":  [ 0, 71, 0 ],
			"translation":  [ 0.56, 4.16, -5.67 ]
		},
		"gui": {
			"rotation":  [ 0, 0, -40 ],
			"translation":  [ 0.19, 0.3086, 0 ],
			"scale":  [ 0.5, 0.5, 0.5 ]
		},
		"ground": {
			"translation":  [ 0, 5.67, 0 ],
			"scale":  [ 0.67, 0.67, 0.67 ]
		}
	}
}