{
	"__comment": "Designed by MoTy with BDcraft Cubik PRO 0.95 Beta - http://bdcraft.net",
	"textures": {
		"particle": "blocks/coal_block",
		"texture": "nubx/nulls_light_black",
		"bedrock": "blocks/wool_colored_black",
		"glass": "blocks/glass"
	},
	"elements": [ 	 
		{
			"__comment": "Element",
			"from": [ 0.5, 4.2682, 8 ],
			"to": [ 11.9707, 5.602, 9.06704 ],
			"faces": {
				"down": { "uv": [ 15.2025, 9.06704, 3.7318, 8 ], "texture": "#texture" },
				"up": { "uv": [ 0.7975, 8, 12.2682, 9.06704 ], "texture": "#texture" },
				"north": { "uv": [ 3.7318, 10.398, 15.2025, 11.7318 ], "texture": "#texture" },
				"south": { "uv": [ 0.7975, 10.398, 12.2682, 11.7318 ], "texture": "#texture" },
				"west": { "uv": [ 8, 10.398, 9.06704, 11.7318 ], "texture": "#texture" },
				"east": { "uv": [ 6.93296, 10.398, 8, 11.7318 ], "texture": "#texture" }
			}
		},
		{
			"__comment": "Element",
			"from": [ 7.1997, 4.0014, 8 ],
			"to": [ 12.0014, 4.26816, 9.06704 ],
			"faces": {
				"down": { "uv": [ 8.80028, 9.06704, 3.9986, 8 ], "texture": "#texture" },
				"up": { "uv": [ 7.19972, 8, 12.0014, 9.06704 ], "texture": "#texture" },
				"north": { "uv": [ 3.9986, 11.7318, 8.80028, 11.9986 ], "texture": "#texture" },
				"south": { "uv": [ 7.19972, 11.7318, 12.0014, 11.9986 ], "texture": "#texture" },
				"west": { "uv": [ 8, 11.7318, 9.06704, 11.9986 ], "texture": "#texture" },
				"east": { "uv": [ 6.93296, 11.7318, 8, 11.9986 ], "texture": "#texture" }
			}
		},
		{
			"__comment": "Element",
			"from": [ 8, 3.7346, 8 ],
			"to": [ 12.0014, 4.00136, 9.06704 ],
			"faces": {
				"down": { "uv": [ 8, 9.06704, 3.9986, 8 ], "texture": "#texture" },
				"up": { "uv": [ 8, 8, 12.0014, 9.06704 ], "texture": "#texture" },
				"north": { "uv": [ 3.9986, 11.9986, 8, 12.2654 ], "texture": "#texture" },
				"south": { "uv": [ 8, 11.9986, 12.0014, 12.2654 ], "texture": "#texture" },
				"west": { "uv": [ 8, 11.9986, 9.06704, 12.2654 ], "texture": "#texture" },
				"east": { "uv": [ 6.93296, 11.9986, 8, 12.2654 ], "texture": "#texture" }
			}
		},
		{
			"__comment": "Element",
			"from": [ 6.6662, 4.2682, 8 ],
			"to": [ 9.600559, 4.53496, 9.06704 ],
			"faces": {
				"down": { "uv": [ 9.3338, 9.06704, 6.39944, 8 ], "texture": "#texture" },
				"up": { "uv": [ 6.6662, 8, 9.60056, 9.06704 ], "texture": "#texture" },
				"north": { "uv": [ 6.39944, 11.4651, 9.3338, 11.7318 ], "texture": "#texture" },
				"south": { "uv": [ 6.6662, 11.4651, 9.60056, 11.7318 ], "texture": "#texture" },
				"west": { "uv": [ 8, 11.4651, 9.06704, 11.7318 ], "texture": "#texture" },
				"east": { "uv": [ 6.93296, 11.4651, 8, 11.7318 ], "texture": "#texture" }
			}
		},
		{
			"__comment": "Element",
			"from": [ 8.5335, 3.4679, 8 ],
			"to": [ 12.0014, 3.73466, 9.06704 ],
			"faces": {
				"down": { "uv": [ 7.46648, 9.06704, 3.9986, 8 ], "texture": "#texture" },
				"up": { "uv": [ 8.53352, 8, 12.0014, 9.06704 ], "texture": "#texture" },
				"north": { "uv": [ 3.9986, 12.2654, 7.46648, 12.5321 ], "texture": "#texture" },
				"south": { "uv": [ 8.53352, 12.2654, 12.0014, 12.5321 ], "texture": "#texture" },
				"west": { "uv": [ 8, 12.2654, 9.06704, 12.5321 ], "texture": "#texture" },
				"east": { "uv": [ 6.93296, 12.2654, 8, 12.5321 ], "texture": "#texture" }
			}
		},
		{
			"__comment": "Element",
			"from": [ 9.200399, 3.2011, 8 ],
			"to": [ 11.868, 3.46786, 9.06704 ],
			"faces": {
				"down": { "uv": [ 6.79958, 9.06704, 4.13198, 8 ], "texture": "#texture" },
				"up": { "uv": [ 9.20042, 8, 11.868, 9.06704 ], "texture": "#texture" },
				"north": { "uv": [ 4.13198, 12.5321, 6.79958, 12.7989 ], "texture": "#texture" },
				"south": { "uv": [ 9.20042, 12.5321, 11.868, 12.7989 ], "texture": "#texture" },
				"west": { "uv": [ 8, 12.5321, 9.06704, 12.7989 ], "texture": "#texture" },
				"east": { "uv": [ 6.93296, 12.5321, 8, 12.7989 ], "texture": "#texture" }
			}
		},
		{
			"__comment": "Element",
			"from": [ 12.2682, 4.2682, 8 ],
			"to": [ 21.0712, 5.33524, 9.06704 ],
			"faces": {
				"down": { "uv": [ 13.7318, 9.06704, 4.928761, 8 ], "texture": "#texture" },
				"up": { "uv": [ 2.26816, 8, 11.0712, 9.06704 ], "texture": "#texture" },
				"north": { "uv": [ 4.92876, 10.6648, 13.7318, 11.7318 ], "texture": "#texture" },
				"south": { "uv": [ 2.26816, 10.6648, 11.0712, 11.7318 ], "texture": "#texture" },
				"west": { "uv": [ 8, 10.6648, 9.06704, 11.7318 ], "texture": "#texture" },
				"east": { "uv": [ 6.93296, 10.6648, 8, 11.7318 ], "texture": "#texture" }
			}
		},
		{
			"__comment": "Element",
			"from": [ 13.3352, 3.2011, 8 ],
			"to": [ 14.4022, 4.26814, 9.06704 ],
			"faces": {
				"down": { "uv": [ 12.6648, 9.06704, 11.5978, 8 ], "texture": "#texture" },
				"up": { "uv": [ 3.3352, 8, 4.40224, 9.06704 ], "texture": "#texture" },
				"north": { "uv": [ 11.5978, 11.7318, 12.6648, 12.7989 ], "texture": "#texture" },
				"south": { "uv": [ 3.3352, 11.7318, 4.40224, 12.7989 ], "texture": "#texture" },
				"west": { "uv": [ 8, 11.7318, 9.06704, 12.7989 ], "texture": "#texture" },
				"east": { "uv": [ 6.93296, 11.7318, 8, 12.7989 ], "texture": "#texture" }
			}
		},
		{
			"__comment": "Element",
			"from": [ 13.5, 0.5, 8 ],
			"to": [ 14.5, 3.5, 9.06704 ],
			"faces": {
				"down": { "uv": [ 12.6648, 9.06704, 11.5978, 8 ], "texture": "#particle" },
				"up": { "uv": [ 3.3352, 8, 4.40224, 9.06704 ], "texture": "#particle" },
				"north": { "uv": [ 11.5978, 12.7989, 12.6648, 14.6662 ], "texture": "#particle" },
				"south": { "uv": [ 3.3352, 12.7989, 4.40224, 14.6662 ], "texture": "#particle" },
				"west": { "uv": [ 8, 12.7989, 9.06704, 14.6662 ], "texture": "#particle" },
				"east": { "uv": [ 6.93296, 12.7989, 8, 14.6662 ], "texture": "#particle" }
			}
		},
		{
			"__comment": "Element",
			"from": [ 11.7346, 2.801, 8.2668 ],
			"to": [ 12.0014, 3.33452, 8.53356 ],
			"faces": {
				"down": { "uv": [ 4.26536, 8.53352, 3.9986, 8.26676 ], "texture": "#texture" },
				"up": { "uv": [ 11.7346, 8.26676, 12.0014, 8.53352 ], "texture": "#texture" },
				"north": { "uv": [ 3.9986, 12.6655, 4.26536, 13.199 ], "texture": "#texture" },
				"south": { "uv": [ 11.7346, 12.6655, 12.0014, 13.199 ], "texture": "#texture" },
				"west": { "uv": [ 8.26676, 12.6655, 8.53352, 13.199 ], "texture": "#texture" },
				"east": { "uv": [ 7.46648, 12.6655, 7.73324, 13.199 ], "texture": "#texture" }
			}
		},
		{
			"__comment": "Element",
			"from": [ 11.5, 3, 8.25 ],
			"to": [ 13.5, 3.5, 8.51676 ],
			"faces": {
				"down": { "uv": [ 13.8986, 8.53352, 12.8315, 8.26676 ], "texture": "#texture" },
				"up": { "uv": [ 2.10144, 8.26676, 3.16848, 8.53352 ], "texture": "#texture" },
				"north": { "uv": [ 12.8315, 12.7989, 13.8986, 13.0656 ], "texture": "#texture" },
				"south": { "uv": [ 2.10144, 12.7989, 3.16848, 13.0656 ], "texture": "#texture" },
				"west": { "uv": [ 8.26676, 12.7989, 8.53352, 13.0656 ], "texture": "#texture" },
				"east": { "uv": [ 7.46648, 12.7989, 7.73324, 13.0656 ], "texture": "#texture" }
			}
		},
		{
			"__comment": "Element",
			"from": [ 13.3352, 3.001, 8.2668 ],
			"to": [ 13.602, 3.53452, 8.53356 ],
			"faces": {
				"down": { "uv": [ 12.6648, 8.53352, 12.398, 8.26676 ], "texture": "#texture" },
				"up": { "uv": [ 3.3352, 8.26676, 3.60196, 8.53352 ], "texture": "#texture" },
				"north": { "uv": [ 12.398, 12.4654, 12.6648, 12.999 ], "texture": "#texture" },
				"south": { "uv": [ 3.3352, 12.4654, 3.60196, 12.999 ], "texture": "#texture" },
				"west": { "uv": [ 8.26676, 12.4654, 8.53352, 12.999 ], "texture": "#texture" },
				"east": { "uv": [ 7.46648, 12.4654, 7.73324, 12.999 ], "texture": "#texture" }
			}
		},
		{
			"__comment": "Element",
			"from": [ 12.5, 3, 8.25 ],
			"to": [ 13, 4.5, 8.51676 ],
			"faces": {
				"down": { "uv": [ 13.1983, 8.53352, 12.9316, 8.26676 ], "texture": "#particle" },
				"up": { "uv": [ 2.80168, 8.26676, 3.06844, 8.53352 ], "texture": "#particle" },
				"north": { "uv": [ 12.9316, 11.4651, 13.1983, 12.2654 ], "texture": "#particle" },
				"south": { "uv": [ 2.80168, 11.4651, 3.06844, 12.2654 ], "texture": "#particle" },
				"west": { "uv": [ 8.26676, 11.4651, 8.53352, 12.2654 ], "texture": "#particle" },
				"east": { "uv": [ 7.46648, 11.4651, 7.73324, 12.2654 ], "texture": "#particle" }
			}
		},
		{
			"__comment": "Element",
			"from": [ 9.3125, 0.9375, 8.125 ],
			"to": [ 11.3125, 3.4375, 8.92528 ],
			"faces": {
				"down": { "uv": [ 6.6662, 8.93366, 4.53212, 8.13338 ], "texture": "#bedrock" },
				"up": { "uv": [ 9.3338, 8.13338, 11.4679, 8.93366 ], "texture": "#bedrock" },
				"north": { "uv": [ 4.53212, 12.5321, 6.6662, 13.8659 ], "texture": "#bedrock" },
				"south": { "uv": [ 9.3338, 12.5321, 11.4679, 13.8659 ], "texture": "#bedrock" },
				"west": { "uv": [ 8.13338, 12.5321, 8.93366, 13.8659 ], "texture": "#bedrock" },
				"east": { "uv": [ 7.06634, 12.5321, 7.86662, 13.8659 ], "texture": "#bedrock" }
			}
		},
		{
			"__comment": "Element",
			"from": [ 16.6364, 3.5346, 8 ],
			"to": [ 17.4367, 4.33488, 9.06704 ],
			"faces": {
				"down": { "uv": [ 9.36363, 9.06704, 8.56335, 8 ], "texture": "#texture" },
				"up": { "uv": [ 6.63637, 8, 7.43665, 9.06704 ], "texture": "#texture" },
				"north": { "uv": [ 8.56335, 11.6652, 9.36363, 12.4654 ], "texture": "#texture" },
				"south": { "uv": [ 6.63637, 11.6652, 7.43665, 12.4654 ], "texture": "#texture" },
				"west": { "uv": [ 8, 11.6652, 9.06704, 12.4654 ], "texture": "#texture" },
				"east": { "uv": [ 6.93296, 11.6652, 8, 12.4654 ], "texture": "#texture" }
			}
		},
		{
			"__comment": "Element",
			"from": [ 17.1032, 2.0007, 8 ],
			"to": [ 17.9035, 3.60126, 9.06704 ],
			"faces": {
				"down": { "uv": [ 8.89681, 9.06704, 8.09653, 8 ], "texture": "#texture" },
				"up": { "uv": [ 7.10319, 8, 7.90347, 9.06704 ], "texture": "#texture" },
				"north": { "uv": [ 8.09653, 12.3987, 8.89681, 13.9993 ], "texture": "#texture" },
				"south": { "uv": [ 7.10319, 12.3987, 7.90347, 13.9993 ], "texture": "#texture" },
				"west": { "uv": [ 8, 12.3987, 9.06704, 13.9993 ], "texture": "#texture" },
				"east": { "uv": [ 6.93296, 12.3987, 8, 13.9993 ], "texture": "#texture" }
			}
		},
		{
			"__comment": "Element",
			"from": [ 16.8698, 3.1011, 8 ],
			"to": [ 17.67, 3.90138, 9.06704 ],
			"faces": {
				"down": { "uv": [ 9.13025, 9.06704, 8.32997, 8 ], "texture": "#texture" },
				"up": { "uv": [ 6.86975, 8, 7.67003, 9.06704 ], "texture": "#texture" },
				"north": { "uv": [ 8.32997, 12.0986, 9.13025, 12.8989 ], "texture": "#texture" },
				"south": { "uv": [ 6.86975, 12.0986, 7.67003, 12.8989 ], "texture": "#texture" },
				"west": { "uv": [ 8, 12.0986, 9.06704, 12.8989 ], "texture": "#texture" },
				"east": { "uv": [ 6.93296, 12.0986, 8, 12.8989 ], "texture": "#texture" }
			}
		},
		{
			"__comment": "Element",
			"from": [ 14.6023, 3.9014, 8 ],
			"to": [ 15.1358, 4.70168, 9.06704 ],
			"faces": {
				"down": { "uv": [ 11.3977, 9.06704, 10.8642, 8 ], "texture": "#texture" },
				"up": { "uv": [ 4.60231, 8, 5.13583, 9.06704 ], "texture": "#texture" },
				"north": { "uv": [ 10.8642, 11.2984, 11.3977, 12.0986 ], "texture": "#texture" },
				"south": { "uv": [ 4.60231, 11.2984, 5.13583, 12.0986 ], "texture": "#texture" },
				"west": { "uv": [ 8, 11.2984, 9.06704, 12.0986 ], "texture": "#texture" },
				"east": { "uv": [ 6.93296, 11.2984, 8, 12.0986 ], "texture": "#texture" }
			}
		},
		{
			"__comment": "Element",
			"from": [ 17.5, 2.5, 8 ],
			"to": [ 21.5, 3, 9.06704 ],
			"faces": {
				"down": { "uv": [ 8.39663, 9.06704, 4.92874, 8 ], "texture": "#texture" },
				"up": { "uv": [ 7.60337, 8, 11.0713, 9.06704 ], "texture": "#texture" },
				"north": { "uv": [ 4.92875, 11.7318, 8.39663, 13.5992 ], "texture": "#texture" },
				"south": { "uv": [ 7.60337, 11.7318, 11.0713, 13.5992 ], "texture": "#texture" },
				"west": { "uv": [ 8, 11.7318, 9.06704, 13.5992 ], "texture": "#texture" },
				"east": { "uv": [ 6.93296, 11.7318, 8, 13.5992 ], "texture": "#texture" }
			}
		},
		{
			"__comment": "Element",
			"from": [ 17.0698, 2.4008, 8 ],
			"to": [ 17.6033, 2.93432, 9.06704 ],
			"faces": {
				"down": { "uv": [ 8.93019, 9.06704, 8.39667, 8 ], "texture": "#texture" },
				"up": { "uv": [ 7.06981, 8, 7.60333, 9.06704 ], "texture": "#texture" },
				"north": { "uv": [ 8.39667, 13.0656, 8.93019, 13.5992 ], "texture": "#texture" },
				"south": { "uv": [ 7.06981, 13.0656, 7.60333, 13.5992 ], "texture": "#texture" },
				"west": { "uv": [ 8, 13.0656, 9.06704, 13.5992 ], "texture": "#texture" },
				"east": { "uv": [ 6.93296, 13.0656, 8, 13.5992 ], "texture": "#texture" }
			}
		},
		{
			"__comment": "Element",
			"from": [ 20.5, 1.7654, 8 ],
			"to": [ 21.8338, 5.50004, 9.06704 ],
			"faces": {
				"down": { "uv": [ 4.92875, 9.06704, 3.59495, 8 ], "texture": "#bedrock" },
				"up": { "uv": [ 11.0712, 8, 12.405, 9.06704 ], "texture": "#bedrock" },
				"north": { "uv": [ 3.59495, 10.6648, 4.92875, 14.3994 ], "texture": "#bedrock" },
				"south": { "uv": [ 11.0712, 10.6648, 12.405, 14.3994 ], "texture": "#bedrock" },
				"west": { "uv": [ 8, 10.6648, 9.06704, 14.3994 ], "texture": "#bedrock" },
				"east": { "uv": [ 6.93296, 10.6648, 8, 14.3994 ], "texture": "#bedrock" }
			}
		},
		{
			"__comment": "Element",
			"from": [ 6.4995, 5.602, 8.1334 ],
			"to": [ 9.1671, 6.402279, 8.93368 ],
			"faces": {
				"down": { "uv": [ 9.50052, 8.93366, 6.83292, 8.13338 ], "texture": "#particle" },
				"up": { "uv": [ 6.49948, 8.13338, 9.16708, 8.93366 ], "texture": "#particle" },
				"north": { "uv": [ 6.83292, 9.59775, 9.50052, 10.398 ], "texture": "#particle" },
				"south": { "uv": [ 6.49948, 9.59775, 9.16708, 10.398 ], "texture": "#particle" },
				"west": { "uv": [ 8.13338, 9.59775, 8.93366, 10.398 ], "texture": "#particle" },
				"east": { "uv": [ 7.06634, 9.59775, 7.86662, 10.398 ], "texture": "#particle" }
			}
		},
		{
			"__comment": "Element",
			"from": [ 12.2682, 5.4686, 8.2668 ],
			"to": [ 12.8017, 6.26888, 8.80032 ],
			"faces": {
				"down": { "uv": [ 13.7318, 8.80028, 13.1983, 8.26676 ], "texture": "#particle" },
				"up": { "uv": [ 2.26816, 8.26676, 2.80168, 8.80028 ], "texture": "#particle" },
				"north": { "uv": [ 13.1983, 9.73112, 13.7318, 10.5314 ], "texture": "#particle" },
				"south": { "uv": [ 2.26816, 9.73112, 2.80168, 10.5314 ], "texture": "#particle" },
				"west": { "uv": [ 8.26676, 9.73112, 8.80028, 10.5314 ], "texture": "#particle" },
				"east": { "uv": [ 7.19972, 9.73112, 7.73324, 10.5314 ], "texture": "#particle" }
			}
		},
		{
			"__comment": "Element",
			"from": [ 12.1014, 5.3352, 8 ],
			"to": [ 12.9017, 5.60196, 9.06704 ],
			"faces": {
				"down": { "uv": [ 13.8986, 9.06704, 13.0983, 8 ], "texture": "#texture" },
				"up": { "uv": [ 2.10144, 8, 2.90172, 9.06704 ], "texture": "#texture" },
				"north": { "uv": [ 13.0983, 10.398, 13.8986, 10.6648 ], "texture": "#texture" },
				"south": { "uv": [ 2.10144, 10.398, 2.90172, 10.6648 ], "texture": "#texture" },
				"west": { "uv": [ 8, 10.398, 9.06704, 10.6648 ], "texture": "#texture" },
				"east": { "uv": [ 6.93296, 10.398, 8, 10.6648 ], "texture": "#texture" }
			}
		},
		{
			"__comment": "Element",
			"from": [ -6.5, 5, 8 ],
			"to": [ 13.5, 6, 9 ],
			"faces": {
				"down": { "uv": [ 16, 8.92528, 0, 8.125 ], "texture": "#particle" },
				"up": { "uv": [ 0, 8.125, 16, 8.92528 ], "texture": "#particle" },
				"north": { "uv": [ 0, 9.6875, 16, 10.6875 ], "texture": "#particle" },
				"south": { "uv": [ 0, 9.6875, 16, 10.6875 ], "texture": "#particle" },
				"west": { "uv": [ 8.125, 9.6875, 8.92528, 10.6875 ], "texture": "#particle" },
				"east": { "uv": [ 7.07472, 9.6875, 7.875, 10.6875 ], "texture": "#particle" }
			}
		},
		{
			"__comment": "Element",
			"from": [ 11.5012, 5.2685, 7.2664 ],
			"to": [ 12.0347, 5.80202, 7.79992 ],
			"faces": {
				"down": { "uv": [ 4.49878, 7.799931, 3.96526, 7.26641 ], "texture": "#texture" },
				"up": { "uv": [ 11.5012, 7.26641, 12.0347, 7.799931 ], "texture": "#texture" },
				"north": { "uv": [ 3.96526, 10.198, 4.49878, 10.7315 ], "texture": "#texture" },
				"south": { "uv": [ 11.5012, 10.198, 12.0347, 10.7315 ], "texture": "#texture" },
				"west": { "uv": [ 7.26641, 10.198, 7.79993, 10.7315 ], "texture": "#texture" },
				"east": { "uv": [ 8.20007, 10.198, 8.73359, 10.7315 ], "texture": "#texture" }
			}
		},
		{
			"__comment": "Element",
			"from": [ 9.066999, 5.4352, 8.2668 ],
			"to": [ 11.2011, 6.235479, 8.80032 ],
			"faces": {
				"down": { "uv": [ 6.93296, 8.80028, 4.79888, 8.26676 ], "texture": "#particle" },
				"up": { "uv": [ 9.06704, 8.26676, 11.2011, 8.80028 ], "texture": "#particle" },
				"north": { "uv": [ 4.79888, 9.76449, 6.93296, 10.5648 ], "texture": "#particle" },
				"south": { "uv": [ 9.06704, 9.76449, 11.2011, 10.5648 ], "texture": "#particle" },
				"west": { "uv": [ 8.26676, 9.76449, 8.80028, 10.5648 ], "texture": "#particle" },
				"east": { "uv": [ 7.19972, 9.76449, 7.73324, 10.5648 ], "texture": "#particle" }
			}
		},
		{
			"__comment": "Element",
			"from": [ 11.2011, 5.602, 8.2668 ],
			"to": [ 12.2682, 6.402279, 8.80032 ],
			"faces": {
				"down": { "uv": [ 4.79888, 8.80028, 3.73184, 8.26676 ], "texture": "#particle" },
				"up": { "uv": [ 11.2011, 8.26676, 12.2682, 8.80028 ], "texture": "#particle" },
				"north": { "uv": [ 3.73184, 9.59775, 4.79888, 10.398 ], "texture": "#particle" },
				"south": { "uv": [ 11.2011, 9.59775, 12.2682, 10.398 ], "texture": "#particle" },
				"west": { "uv": [ 8.26676, 9.59775, 8.80028, 10.398 ], "texture": "#particle" },
				"east": { "uv": [ 7.19972, 9.59775, 7.73324, 10.398 ], "texture": "#particle" }
			}
		},
		{
			"__comment": "Element",
			"from": [ 11.6013, 5.5019, 7.4331 ],
			"to": [ 11.868, 5.76866, 8.233379 ],
			"faces": {
				"down": { "uv": [ 4.39874, 8.23342, 4.13198, 7.43314 ], "texture": "#particle" },
				"up": { "uv": [ 11.6013, 7.43314, 11.868, 8.23342 ], "texture": "#particle" },
				"north": { "uv": [ 4.13198, 10.2313, 4.39874, 10.4981 ], "texture": "#particle" },
				"south": { "uv": [ 11.6013, 10.2313, 11.868, 10.4981 ], "texture": "#particle" },
				"west": { "uv": [ 7.43314, 10.2313, 8.23342, 10.4981 ], "texture": "#particle" },
				"east": { "uv": [ 7.76659, 10.2313, 8.56687, 10.4981 ], "texture": "#particle" }
			}
		},
		{
			"__comment": "Element",
			"from": [ -8.5, 4.5, 8 ],
			"to": [ -5, 6.5, 9 ],
			"faces": {
				"down": { "uv": [ 16, 9.125, 14.5625, 7.875 ], "texture": "#particle" },
				"up": { "uv": [ 0, 7.875, 1.4375, 9.125 ], "texture": "#particle" },
				"north": { "uv": [ 14.5625, 9.5, 16, 10.875 ], "texture": "#particle" },
				"south": { "uv": [ 0, 9.5, 1.4375, 10.875 ], "texture": "#particle" },
				"west": { "uv": [ 7.875, 9.5, 9.125, 10.875 ], "texture": "#particle" },
				"east": { "uv": [ 6.875, 9.5, 8.125, 10.875 ], "texture": "#particle" }
			}
		},
		{
			"__comment": "Element",
			"from": [ 6.933, 6.4022, 8.2668 ],
			"to": [ 7.199759, 6.66896, 8.80032 ],
			"faces": {
				"down": { "uv": [ 9.06704, 8.80028, 8.80028, 8.26676 ], "texture": "#bedrock" },
				"up": { "uv": [ 6.93296, 8.26676, 7.19972, 8.80028 ], "texture": "#bedrock" },
				"north": { "uv": [ 8.80028, 9.331, 9.06704, 9.59776 ], "texture": "#bedrock" },
				"south": { "uv": [ 6.93296, 9.331, 7.19972, 9.59776 ], "texture": "#bedrock" },
				"west": { "uv": [ 8.26676, 9.331, 8.80028, 9.59776 ], "texture": "#bedrock" },
				"east": { "uv": [ 7.19972, 9.331, 7.73324, 9.59776 ], "texture": "#bedrock" }
			}
		},
		{
			"__comment": "Element",
			"from": [ 8, 6.4022, 8.2668 ],
			"to": [ 8.26676, 6.66896, 8.80032 ],
			"faces": {
				"down": { "uv": [ 8, 8.80028, 7.73324, 8.26676 ], "texture": "#bedrock" },
				"up": { "uv": [ 8, 8.26676, 8.26676, 8.80028 ], "texture": "#bedrock" },
				"north": { "uv": [ 7.73324, 9.331, 8, 9.59776 ], "texture": "#bedrock" },
				"south": { "uv": [ 8, 9.331, 8.26676, 9.59776 ], "texture": "#bedrock" },
				"west": { "uv": [ 8.26676, 9.331, 8.80028, 9.59776 ], "texture": "#bedrock" },
				"east": { "uv": [ 7.19972, 9.331, 7.73324, 9.59776 ], "texture": "#bedrock" }
			}
		},
		{
			"__comment": "Element",
			"from": [ 8.5335, 6.1354, 8.2668 ],
			"to": [ 9.06702, 7.4692, 8.80032 ],
			"faces": {
				"down": { "uv": [ 7.46648, 8.80028, 6.93296, 8.26676 ], "texture": "#bedrock" },
				"up": { "uv": [ 8.53352, 8.26676, 9.06704, 8.80028 ], "texture": "#bedrock" },
				"north": { "uv": [ 6.93296, 8.53075, 7.46648, 9.86455 ], "texture": "#bedrock" },
				"south": { "uv": [ 8.53352, 8.53075, 9.06704, 9.86455 ], "texture": "#bedrock" },
				"west": { "uv": [ 8.26676, 8.53075, 8.80028, 9.86455 ], "texture": "#bedrock" },
				"east": { "uv": [ 7.19972, 8.53075, 7.73324, 9.86455 ], "texture": "#bedrock" }
			}
		},
		{
			"__comment": "Element",
			"from": [ 7.4665, 6.4022, 8.2668 ],
			"to": [ 7.73326, 6.66896, 8.80032 ],
			"faces": {
				"down": { "uv": [ 8.53352, 8.80028, 8.26676, 8.26676 ], "texture": "#bedrock" },
				"up": { "uv": [ 7.46648, 8.26676, 7.73324, 8.80028 ], "texture": "#bedrock" },
				"north": { "uv": [ 8.26676, 9.331, 8.53352, 9.59776 ], "texture": "#bedrock" },
				"south": { "uv": [ 7.46648, 9.331, 7.73324, 9.59776 ], "texture": "#bedrock" },
				"west": { "uv": [ 8.26676, 9.331, 8.80028, 9.59776 ], "texture": "#bedrock" },
				"east": { "uv": [ 7.19972, 9.331, 7.73324, 9.59776 ], "texture": "#bedrock" }
			}
		},
		{
			"__comment": "Element",
			"from": [ 11.2011, 6.1354, 8.2668 ],
			"to": [ 11.7346, 7.4692, 8.6668 ],
			"faces": {
				"down": { "uv": [ 4.79888, 8.66676, 4.26536, 8.26676 ], "texture": "#bedrock" },
				"up": { "uv": [ 11.2011, 8.26676, 11.7346, 8.66676 ], "texture": "#bedrock" },
				"north": { "uv": [ 4.26536, 8.53075, 4.79888, 9.86455 ], "texture": "#bedrock" },
				"south": { "uv": [ 11.2011, 8.53075, 11.7346, 9.86455 ], "texture": "#bedrock" },
				"west": { "uv": [ 8.26676, 8.53075, 8.66676, 9.86455 ], "texture": "#bedrock" },
				"east": { "uv": [ 7.33324, 8.53075, 7.73324, 9.86455 ], "texture": "#bedrock" }
			}
		},
		{
			"__comment": "Element",
			"from": [ 6, 3.433, 8.0625 ],
			"to": [ 7.06704, 4.50004, 8.59601 ],
			"faces": {
				"down": { "uv": [ 4.40225, 8.63355, 3.33521, 8.10004 ], "texture": "#bedrock" },
				"up": { "uv": [ 11.5977, 8.10004, 12.6648, 8.63355 ], "texture": "#bedrock" },
				"north": { "uv": [ 3.33521, 11.4651, 4.40225, 12.5321 ], "texture": "#bedrock" },
				"south": { "uv": [ 11.5977, 11.4651, 12.6648, 12.5321 ], "texture": "#bedrock" },
				"west": { "uv": [ 8.10004, 11.4651, 8.63355, 12.5321 ], "texture": "#bedrock" },
				"east": { "uv": [ 7.36644, 11.4651, 7.89996, 12.5321 ], "texture": "#bedrock" }
			}
		},
		{
			"__comment": "Element",
			"from": [ 2.5, 3.4665, 8 ],
			"to": [ 7.03491, 4.00002, 8.26676 ],
			"faces": {
				"down": { "uv": [ 8.13687, 8.26676, 3.60196, 8 ], "texture": "#bedrock" },
				"up": { "uv": [ 7.86313, 8, 12.398, 8.26676 ], "texture": "#bedrock" },
				"north": { "uv": [ 3.60196, 11.9986, 8.13687, 12.5321 ], "texture": "#bedrock" },
				"south": { "uv": [ 7.86313, 11.9986, 12.398, 12.5321 ], "texture": "#bedrock" },
				"west": { "uv": [ 8, 11.9986, 8.26676, 12.5321 ], "texture": "#bedrock" },
				"east": { "uv": [ 7.73324, 11.9986, 8, 12.5321 ], "texture": "#bedrock" }
			}
		},
		{
			"__comment": "Element",
			"from": [ 2.5, 3.4665, 8.75 ],
			"to": [ 7.03491, 4.00002, 9.01676 ],
			"faces": {
				"down": { "uv": [ 8.13687, 9.06704, 3.60196, 8.80028 ], "texture": "#bedrock" },
				"up": { "uv": [ 7.86313, 8.80028, 12.398, 9.06704 ], "texture": "#bedrock" },
				"north": { "uv": [ 3.60196, 11.9986, 8.13687, 12.5321 ], "texture": "#bedrock" },
				"south": { "uv": [ 7.86313, 11.9986, 12.398, 12.5321 ], "texture": "#bedrock" },
				"west": { "uv": [ 8.80028, 11.9986, 9.06704, 12.5321 ], "texture": "#bedrock" },
				"east": { "uv": [ 6.93296, 11.9986, 7.19972, 12.5321 ], "texture": "#bedrock" }
			}
		},
		{
			"__comment": "Element",
			"from": [ 0.5, 3.7332, 8 ],
			"to": [ 2.36732, 3.99996, 8.26676 ],
			"faces": {
				"down": { "uv": [ 10.0042, 8.26676, 8.13687, 8 ], "texture": "#bedrock" },
				"up": { "uv": [ 5.99581, 8, 7.86313, 8.26676 ], "texture": "#bedrock" },
				"north": { "uv": [ 8.13687, 12.1653, 10.0042, 12.4321 ], "texture": "#bedrock" },
				"south": { "uv": [ 5.99581, 12.1653, 7.86313, 12.4321 ], "texture": "#bedrock" },
				"west": { "uv": [ 8, 12.1653, 8.26676, 12.4321 ], "texture": "#bedrock" },
				"east": { "uv": [ 7.73324, 12.1653, 8, 12.4321 ], "texture": "#bedrock" }
			}
		},
		{
			"__comment": "Element",
			"from": [ 0.5, 3.7332, 8.75 ],
			"to": [ 2.36732, 3.99996, 9.01676 ],
			"faces": {
				"down": { "uv": [ 10.0042, 9.06704, 8.13687, 8.80028 ], "texture": "#bedrock" },
				"up": { "uv": [ 5.99581, 8.80028, 7.86313, 9.06704 ], "texture": "#bedrock" },
				"north": { "uv": [ 8.13687, 12.132, 10.0042, 12.3987 ], "texture": "#bedrock" },
				"south": { "uv": [ 5.99581, 12.132, 7.86313, 12.3987 ], "texture": "#bedrock" },
				"west": { "uv": [ 8.80028, 12.132, 9.06704, 12.3987 ], "texture": "#bedrock" },
				"east": { "uv": [ 6.93296, 12.132, 7.19972, 12.3987 ], "texture": "#bedrock" }
			}
		},
		{
			"__comment": "Element",
			"from": [ 2, 3.4665, 8 ],
			"to": [ 2.53352, 4.00002, 8.53352 ],
			"faces": {
				"down": { "uv": [ 10.5378, 8.26676, 10.0042, 7.73324 ], "texture": "#bedrock" },
				"up": { "uv": [ 5.46225, 7.73324, 5.99577, 8.26676 ], "texture": "#bedrock" },
				"north": { "uv": [ 10.0042, 11.9986, 10.5378, 12.5321 ], "texture": "#bedrock" },
				"south": { "uv": [ 5.46225, 11.9986, 5.99577, 12.5321 ], "texture": "#bedrock" },
				"west": { "uv": [ 7.73324, 11.9986, 8.26676, 12.5321 ], "texture": "#bedrock" },
				"east": { "uv": [ 7.73324, 11.9986, 8.26676, 12.5321 ], "texture": "#bedrock" }
			}
		},
		{
			"__comment": "Element",
			"from": [ 2, 3.4665, 8.5 ],
			"to": [ 2.53352, 4.00002, 9.03352 ],
			"faces": {
				"down": { "uv": [ 10.5378, 9.3338, 10.0042, 8.80028 ], "texture": "#bedrock" },
				"up": { "uv": [ 5.46225, 8.80028, 5.99577, 9.3338 ], "texture": "#bedrock" },
				"north": { "uv": [ 10.0042, 11.9986, 10.5378, 12.5321 ], "texture": "#bedrock" },
				"south": { "uv": [ 5.46225, 11.9986, 5.99577, 12.5321 ], "texture": "#bedrock" },
				"west": { "uv": [ 8.80028, 11.9986, 9.3338, 12.5321 ], "texture": "#bedrock" },
				"east": { "uv": [ 6.6662, 11.9986, 7.19972, 12.5321 ], "texture": "#bedrock" }
			}
		},
		{
			"__comment": "Element",
			"from": [ 12.0014, 6.4022, 8.2668 ],
			"to": [ 12.2682, 6.66896, 8.80032 ],
			"faces": {
				"down": { "uv": [ 3.9986, 8.80028, 3.73184, 8.26676 ], "texture": "#bedrock" },
				"up": { "uv": [ 12.0014, 8.26676, 12.2682, 8.80028 ], "texture": "#bedrock" },
				"north": { "uv": [ 3.73184, 9.331, 3.9986, 9.59776 ], "texture": "#bedrock" },
				"south": { "uv": [ 12.0014, 9.331, 12.2682, 9.59776 ], "texture": "#bedrock" },
				"west": { "uv": [ 8.26676, 9.331, 8.80028, 9.59776 ], "texture": "#bedrock" },
				"east": { "uv": [ 7.19972, 9.331, 7.73324, 9.59776 ], "texture": "#bedrock" }
			}
		},
		{
			"__comment": "Element",
			"from": [ 9.066999, 7.2025, 8.1334 ],
			"to": [ 11.2011, 8.00278, 8.93368 ],
			"faces": {
				"down": { "uv": [ 6.93296, 8.93366, 4.79888, 8.13338 ], "texture": "#particle" },
				"up": { "uv": [ 9.06704, 8.13338, 11.2011, 8.93366 ], "texture": "#particle" },
				"north": { "uv": [ 4.79888, 7.99719, 6.93296, 8.79747 ], "texture": "#particle" },
				"south": { "uv": [ 9.06704, 7.99719, 11.2011, 8.79747 ], "texture": "#particle" },
				"west": { "uv": [ 8.13338, 7.99719, 8.93366, 8.79747 ], "texture": "#particle" },
				"east": { "uv": [ 7.06634, 7.99719, 7.86662, 8.79747 ], "texture": "#particle" }
			}
		},
		{
			"__comment": "Element",
			"from": [ 8.5625, 7.1205, 8.125 ],
			"to": [ 9.09602, 8.18754, 8.92528 ],
			"faces": {
				"down": { "uv": [ 7.46648, 8.96701, 6.93296, 8.16672 ], "texture": "#bedrock" },
				"up": { "uv": [ 8.53352, 8.16672, 9.06704, 8.96701 ], "texture": "#bedrock" },
				"north": { "uv": [ 6.93296, 7.86381, 7.46648, 8.93085 ], "texture": "#bedrock" },
				"south": { "uv": [ 8.53352, 7.86381, 9.06704, 8.93085 ], "texture": "#bedrock" },
				"west": { "uv": [ 8.16672, 7.86381, 8.96701, 8.93085 ], "texture": "#bedrock" },
				"east": { "uv": [ 7.033, 7.86381, 7.83328, 8.93085 ], "texture": "#bedrock" }
			}
		},
		{
			"__comment": "Element",
			"from": [ 11.2011, 7.0692, 8.1334 ],
			"to": [ 11.7346, 8.13624, 8.93368 ],
			"faces": {
				"down": { "uv": [ 4.79888, 8.93366, 4.26536, 8.13338 ], "texture": "#bedrock" },
				"up": { "uv": [ 11.2011, 8.13338, 11.7346, 8.93366 ], "texture": "#bedrock" },
				"north": { "uv": [ 4.26536, 7.86381, 4.79888, 8.93085 ], "texture": "#bedrock" },
				"south": { "uv": [ 11.2011, 7.86381, 11.7346, 8.93085 ], "texture": "#bedrock" },
				"west": { "uv": [ 8.13338, 7.86381, 8.93366, 8.93085 ], "texture": "#bedrock" },
				"east": { "uv": [ 7.06634, 7.86381, 7.86662, 8.93085 ], "texture": "#bedrock" }
			}
		},
		{
			"__comment": "Element",
			"from": [ 5.0656, 7.2025, 8.9003 ],
			"to": [ 7.46644, 8.00278, 9.16706 ],
			"faces": {
				"down": { "uv": [ 10.9344, 9.16707, 8.53352, 8.90031 ], "texture": "#particle" },
				"up": { "uv": [ 5.06564, 8.90031, 7.46648, 9.16707 ], "texture": "#particle" },
				"north": { "uv": [ 8.53352, 7.99719, 10.9344, 8.79747 ], "texture": "#particle" },
				"south": { "uv": [ 5.06564, 7.99719, 7.46648, 8.79747 ], "texture": "#particle" },
				"west": { "uv": [ 8.90031, 7.99719, 9.16707, 8.79747 ], "texture": "#particle" },
				"east": { "uv": [ 6.83293, 7.99719, 7.09969, 8.79747 ], "texture": "#particle" }
			}
		},
		{
			"__comment": "Element",
			"from": [ 5.0656, 8.0028, 8.1334 ],
			"to": [ 7.46644, 8.26956, 8.93368 ],
			"faces": {
				"down": { "uv": [ 10.9344, 8.93366, 8.53352, 8.13338 ], "texture": "#particle" },
				"up": { "uv": [ 5.06564, 8.13338, 7.46648, 8.93366 ], "texture": "#particle" },
				"north": { "uv": [ 8.53352, 7.73044, 10.9344, 7.9972 ], "texture": "#particle" },
				"south": { "uv": [ 5.06564, 7.73044, 7.46648, 7.9972 ], "texture": "#particle" },
				"west": { "uv": [ 8.13338, 7.73044, 8.93366, 7.9972 ], "texture": "#particle" },
				"east": { "uv": [ 7.06634, 7.73044, 7.86662, 7.9972 ], "texture": "#particle" }
			}
		},
		{
			"__comment": "Element",
			"from": [ 5.0656, 7.2025, 7.8666 ],
			"to": [ 7.46644, 8.00278, 8.13336 ],
			"faces": {
				"down": { "uv": [ 10.9344, 8.13338, 8.53352, 7.86662 ], "texture": "#particle" },
				"up": { "uv": [ 5.06564, 7.86662, 7.46648, 8.13338 ], "texture": "#particle" },
				"north": { "uv": [ 8.53352, 7.99719, 10.9344, 8.79747 ], "texture": "#particle" },
				"south": { "uv": [ 5.06564, 7.99719, 7.46648, 8.79747 ], "texture": "#particle" },
				"west": { "uv": [ 7.86662, 7.99719, 8.13338, 8.79747 ], "texture": "#particle" },
				"east": { "uv": [ 7.86662, 7.99719, 8.13338, 8.79747 ], "texture": "#particle" }
			}
		},
		{
			"__comment": "Element",
			"from": [ 5.0656, 6.9357, 8.1334 ],
			"to": [ 7.46644, 7.20246, 8.93368 ],
			"faces": {
				"down": { "uv": [ 10.9344, 8.93366, 8.53352, 8.13338 ], "texture": "#particle" },
				"up": { "uv": [ 5.06564, 8.13338, 7.46648, 8.93366 ], "texture": "#particle" },
				"north": { "uv": [ 8.53352, 8.7975, 10.9344, 9.06426 ], "texture": "#particle" },
				"south": { "uv": [ 5.06564, 8.7975, 7.46648, 9.06426 ], "texture": "#particle" },
				"west": { "uv": [ 8.13338, 8.7975, 8.93366, 9.06426 ], "texture": "#particle" },
				"east": { "uv": [ 7.06634, 8.7975, 7.86662, 9.06426 ], "texture": "#particle" }
			}
		},
		{
			"__comment": "Element",
			"from": [ 11.7346, 8.0028, 8.0667 ],
			"to": [ 13.3352, 8.26956, 8.86698 ],
			"faces": {
				"down": { "uv": [ 4.26536, 8.86697, 2.6648, 8.06669 ], "texture": "#particle" },
				"up": { "uv": [ 11.7346, 8.06669, 13.3352, 8.86697 ], "texture": "#particle" },
				"north": { "uv": [ 2.6648, 7.73044, 4.26536, 7.9972 ], "texture": "#particle" },
				"south": { "uv": [ 11.7346, 7.73044, 13.3352, 7.9972 ], "texture": "#particle" },
				"west": { "uv": [ 8.06669, 7.73044, 8.86697, 7.9972 ], "texture": "#particle" },
				"east": { "uv": [ 7.13303, 7.73044, 7.93331, 7.9972 ], "texture": "#particle" }
			}
		},
		{
			"__comment": "Element",
			"from": [ 11.7346, 7.2025, 7.8333 ],
			"to": [ 13.3352, 8.00278, 8.10006 ],
			"faces": {
				"down": { "uv": [ 4.26536, 8.10004, 2.6648, 7.833281 ], "texture": "#particle" },
				"up": { "uv": [ 11.7346, 7.833281, 13.3352, 8.10004 ], "texture": "#particle" },
				"north": { "uv": [ 2.6648, 7.99719, 4.26536, 8.79747 ], "texture": "#particle" },
				"south": { "uv": [ 11.7346, 7.99719, 13.3352, 8.79747 ], "texture": "#particle" },
				"west": { "uv": [ 7.83328, 7.99719, 8.10004, 8.79747 ], "texture": "#particle" },
				"east": { "uv": [ 7.89996, 7.99719, 8.16672, 8.79747 ], "texture": "#particle" }
			}
		},
		{
			"__comment": "Element",
			"from": [ 11.7346, 6.9357, 8.099999 ],
			"to": [ 13.3352, 7.20246, 8.900279 ],
			"faces": {
				"down": { "uv": [ 4.26536, 8.90032, 2.6648, 8.10004 ], "texture": "#particle" },
				"up": { "uv": [ 11.7346, 8.10004, 13.3352, 8.90032 ], "texture": "#particle" },
				"north": { "uv": [ 2.6648, 8.7975, 4.26536, 9.06426 ], "texture": "#particle" },
				"south": { "uv": [ 11.7346, 8.7975, 13.3352, 9.06426 ], "texture": "#particle" },
				"west": { "uv": [ 8.10004, 8.7975, 8.90032, 9.06426 ], "texture": "#particle" },
				"east": { "uv": [ 7.09969, 8.7975, 7.89996, 9.06426 ], "texture": "#particle" }
			}
		},
		{
			"__comment": "Element",
			"from": [ 11.7346, 7.2025, 8.9003 ],
			"to": [ 13.3352, 8.00278, 9.16706 ],
			"faces": {
				"down": { "uv": [ 4.26536, 9.16707, 2.6648, 8.90031 ], "texture": "#particle" },
				"up": { "uv": [ 11.7346, 8.90031, 13.3352, 9.16707 ], "texture": "#particle" },
				"north": { "uv": [ 2.6648, 7.99719, 4.26536, 8.79747 ], "texture": "#particle" },
				"south": { "uv": [ 11.7346, 7.99719, 13.3352, 8.79747 ], "texture": "#particle" },
				"west": { "uv": [ 8.90031, 7.99719, 9.16707, 8.79747 ], "texture": "#particle" },
				"east": { "uv": [ 6.83293, 7.99719, 7.09969, 8.79747 ], "texture": "#particle" }
			}
		},
		{
			"__comment": "Element",
			"from": [ 10.1341, 7.4693, 8.8003 ],
			"to": [ 10.6676, 8.00282, 9.06706 ],
			"faces": {
				"down": { "uv": [ 5.86592, 9.06704, 5.3324, 8.80028 ], "texture": "#particle" },
				"up": { "uv": [ 10.1341, 8.80028, 10.6676, 9.06704 ], "texture": "#particle" },
				"north": { "uv": [ 5.3324, 7.99719, 5.86592, 8.53071 ], "texture": "#particle" },
				"south": { "uv": [ 10.1341, 7.99719, 10.6676, 8.53071 ], "texture": "#particle" },
				"west": { "uv": [ 8.80028, 7.99719, 9.06704, 8.53071 ], "texture": "#particle" },
				"east": { "uv": [ 6.93296, 7.99719, 7.19972, 8.53071 ], "texture": "#particle" }
			}
		},
		{
			"__comment": "Element",
			"from": [ 10.1112, 8.0028, 8 ],
			"to": [ 10.6447, 8.53632, 8.53352 ],
			"faces": {
				"down": { "uv": [ 5.8888, 8.53352, 5.35528, 8 ], "texture": "#particle" },
				"up": { "uv": [ 10.1112, 8, 10.6447, 8.53352 ], "texture": "#particle" },
				"north": { "uv": [ 5.35528, 7.46369, 5.8888, 7.99721 ], "texture": "#particle" },
				"south": { "uv": [ 10.1112, 7.46369, 10.6447, 7.99721 ], "texture": "#particle" },
				"west": { "uv": [ 8, 7.46369, 8.53352, 7.99721 ], "texture": "#particle" },
				"east": { "uv": [ 7.46648, 7.46369, 8, 7.99721 ], "texture": "#particle" }
			}
		},
		{
			"__comment": "Element",
			"from": [ 10.1341, 7.4693, 7.8666 ],
			"to": [ 10.6676, 8.00282, 8.13336 ],
			"faces": {
				"down": { "uv": [ 5.86592, 8.13338, 5.3324, 7.86662 ], "texture": "#particle" },
				"up": { "uv": [ 10.1341, 7.86662, 10.6676, 8.13338 ], "texture": "#particle" },
				"north": { "uv": [ 5.3324, 7.99719, 5.86592, 8.53071 ], "texture": "#particle" },
				"south": { "uv": [ 10.1341, 7.99719, 10.6676, 8.53071 ], "texture": "#particle" },
				"west": { "uv": [ 7.86662, 7.99719, 8.13338, 8.53071 ], "texture": "#particle" },
				"east": { "uv": [ 7.86662, 7.99719, 8.13338, 8.53071 ], "texture": "#particle" }
			}
		},
		{
			"__comment": "Element",
			"from": [ 5.5992, 7.2025, 8.1334 ],
			"to": [ 5.86596, 8.00278, 8.93368 ],
			"faces": {
				"down": { "uv": [ 0, 0, 16, 16 ], "texture": "#glass" },
				"up": { "uv": [ 4, 2.5, 10.5, 10 ], "texture": "#glass" },
				"north": { "uv": [ 0, 0, 16, 16 ], "texture": "#glass" },
				"south": { "uv": [ 0, 0, 16, 16 ], "texture": "#glass" },
				"west": { "uv": [ 1, 1, 15, 15 ], "texture": "#glass" },
				"east": { "uv": [ 5, 3.5, 6, 6 ], "texture": "#glass" }
			}
		},
		{
			"__comment": "Element",
			"from": [ 12.75, 7.1997, 8.0625 ],
			"to": [ 13.0168, 7.99998, 8.86278 ],
			"faces": {
				"down": { "uv": [ 0, 0, 16, 16 ], "texture": "#glass" },
				"up": { "uv": [ 0, 0, 16, 16 ], "texture": "#glass" },
				"north": { "uv": [ 0, 0, 16, 16 ], "texture": "#glass" },
				"south": { "uv": [ 0, 0, 16, 16 ], "texture": "#glass" },
				"west": { "uv": [ 4, 3, 5.5, 6.5 ], "texture": "#glass" },
				"east": { "uv": [ 1, 1, 15, 15 ], "texture": "#glass" }
			}
		},
		{
			"__comment": "Element",
			"from": [ 7.4665, 7.8427, 8.2668 ],
			"to": [ 9.06706, 8.10946, 8.80032 ],
			"faces": {
				"down": { "uv": [ 8.53352, 8.80028, 6.93296, 8.26676 ], "texture": "#particle" },
				"up": { "uv": [ 7.46648, 8.26676, 9.06704, 8.80028 ], "texture": "#particle" },
				"north": { "uv": [ 6.93296, 7.8905, 8.53352, 8.15726 ], "texture": "#particle" },
				"south": { "uv": [ 7.46648, 7.8905, 9.06704, 8.15726 ], "texture": "#particle" },
				"west": { "uv": [ 8.26676, 7.8905, 8.80028, 8.15726 ], "texture": "#particle" },
				"east": { "uv": [ 7.19972, 7.8905, 7.73324, 8.15726 ], "texture": "#particle" }
			}
		},
		{
			"__comment": "Element",
			"from": [ 7.4665, 7.3092, 8 ],
			"to": [ 8.53354, 7.84272, 8.26676 ],
			"faces": {
				"down": { "uv": [ 8.53352, 8.26676, 7.46648, 8 ], "texture": "#particle" },
				"up": { "uv": [ 7.46648, 8, 8.53352, 8.26676 ], "texture": "#particle" },
				"north": { "uv": [ 7.46648, 8.15725, 8.53352, 8.69077 ], "texture": "#particle" },
				"south": { "uv": [ 7.46648, 8.15725, 8.53352, 8.69077 ], "texture": "#particle" },
				"west": { "uv": [ 8, 8.15725, 8.26676, 8.69077 ], "texture": "#particle" },
				"east": { "uv": [ 7.73324, 8.15725, 8, 8.69077 ], "texture": "#particle" }
			}
		},
		{
			"__comment": "Element",
			"from": [ 7.4665, 7.0425, 8.2668 ],
			"to": [ 8.53354, 7.30926, 8.80032 ],
			"faces": {
				"down": { "uv": [ 8.53352, 8.80028, 7.46648, 8.26676 ], "texture": "#particle" },
				"up": { "uv": [ 7.46648, 8.26676, 8.53352, 8.80028 ], "texture": "#particle" },
				"north": { "uv": [ 7.46648, 8.69075, 8.53352, 8.95751 ], "texture": "#particle" },
				"south": { "uv": [ 7.46648, 8.69075, 8.53352, 8.95751 ], "texture": "#particle" },
				"west": { "uv": [ 8.26676, 8.69075, 8.80028, 8.95751 ], "texture": "#particle" },
				"east": { "uv": [ 7.19972, 8.69075, 7.73324, 8.95751 ], "texture": "#particle" }
			}
		},
		{
			"__comment": "Element",
			"from": [ 7.4665, 7.3092, 8.8003 ],
			"to": [ 8.53354, 7.84272, 9.06706 ],
			"faces": {
				"down": { "uv": [ 8.53352, 9.06704, 7.46648, 8.80028 ], "texture": "#particle" },
				"up": { "uv": [ 7.46648, 8.80028, 8.53352, 9.06704 ], "texture": "#particle" },
				"north": { "uv": [ 7.46648, 8.15725, 8.53352, 8.69077 ], "texture": "#particle" },
				"south": { "uv": [ 7.46648, 8.15725, 8.53352, 8.69077 ], "texture": "#particle" },
				"west": { "uv": [ 8.80028, 8.15725, 9.06704, 8.69077 ], "texture": "#particle" },
				"east": { "uv": [ 6.93296, 8.15725, 7.19972, 8.69077 ], "texture": "#particle" }
			}
		},
		{
			"__comment": "Element",
			"from": [ 6.9375, 7.1875, 7.9375 ],
			"to": [ 7.4375, 8, 8.9375 ],
			"faces": {
				"down": { "uv": [ 9.0625, 8.9375, 8.5625, 7.9375 ], "texture": "#particle" },
				"up": { "uv": [ 6.9375, 7.9375, 7.4375, 8.9375 ], "texture": "#particle" },
				"north": { "uv": [ 8.5625, 8, 9.0625, 8.8125 ], "texture": "#particle" },
				"south": { "uv": [ 6.9375, 8, 7.4375, 8.8125 ], "texture": "#particle" },
				"west": { "uv": [ 7.9375, 8, 8.9375, 8.8125 ], "texture": "#particle" },
				"east": { "uv": [ 7.0625, 8, 8.0625, 8.8125 ], "texture": "#particle" }
			}
		},
		{
			"__comment": "Element",
			"from": [ 12.5, 2.5, 8 ],
			"to": [ 13.5, 3.5, 9 ],
			"faces": {
				"down": { "uv": [ 3.5, 9, 2.5, 8 ], "texture": "#texture" },
				"up": { "uv": [ 12.5, 8, 13.5, 9 ], "texture": "#texture" },
				"north": { "uv": [ 2.5, 12.5, 3.5, 13.5 ], "texture": "#texture" },
				"south": { "uv": [ 12.5, 12.5, 13.5, 13.5 ], "texture": "#texture" },
				"west": { "uv": [ 8, 12.5, 9, 13.5 ], "texture": "#texture" },
				"east": { "uv": [ 7, 12.5, 8, 13.5 ], "texture": "#texture" }
			}
		},
		{
			"__comment": "Element",
			"from": [ 20, 2, 8 ],
			"to": [ 20.5, 3, 9 ],
			"faces": {
				"down": { "uv": [ 0, 9, 0, 8 ], "texture": "#texture" },
				"up": { "uv": [ 16, 8, 16, 9 ], "texture": "#texture" },
				"north": { "uv": [ 0, 13, 0, 14 ], "texture": "#texture" },
				"south": { "uv": [ 16, 13, 16, 14 ], "texture": "#texture" },
				"west": { "uv": [ 8, 13, 9, 14 ], "texture": "#texture" },
				"east": { "uv": [ 7, 13, 8, 14 ], "texture": "#texture" }
			}
		},
		{
			"__comment": "Element",
			"from": [ 10.5, 0.5, 8 ],
			"to": [ 11, 1.5, 9 ],
			"faces": {
				"down": { "uv": [ 5.5, 8.5, 5, 7.5 ], "texture": "#texture" },
				"up": { "uv": [ 10.5, 7.5, 11, 8.5 ], "texture": "#texture" },
				"north": { "uv": [ 5, 14.5, 5.5, 15.5 ], "texture": "#texture" },
				"south": { "uv": [ 10.5, 14.5, 11, 15.5 ], "texture": "#texture" },
				"west": { "uv": [ 7.5, 14.5, 8.5, 15.5 ], "texture": "#texture" },
				"east": { "uv": [ 7.5, 14.5, 8.5, 15.5 ], "texture": "#texture" }
			}
		},
		{
			"__comment": "Element",
			"from": [ 11, 0, 8 ],
			"to": [ 11.5, 3.5, 9 ],
			"faces": {
				"down": { "uv": [ 5, 9, 4.5, 8 ], "texture": "#texture" },
				"up": { "uv": [ 11, 8, 11.5, 9 ], "texture": "#texture" },
				"north": { "uv": [ 4.5, 14.5, 5, 16 ], "texture": "#texture" },
				"south": { "uv": [ 11, 14.5, 11.5, 16 ], "texture": "#texture" },
				"west": { "uv": [ 8, 14.5, 9, 16 ], "texture": "#texture" },
				"east": { "uv": [ 7, 14.5, 8, 16 ], "texture": "#texture" }
			}
		},
		{
			"__comment": "Element",
			"from": [ 0.5, 3.5, 8 ],
			"to": [ 1, 4.5, 9 ],
			"faces": {
				"down": { "uv": [ 15.5, 9, 15, 8 ], "texture": "#texture" },
				"up": { "uv": [ 0.5, 8, 1, 9 ], "texture": "#texture" },
				"north": { "uv": [ 15, 11.5, 15.5, 12.5 ], "texture": "#texture" },
				"south": { "uv": [ 0.5, 11.5, 1, 12.5 ], "texture": "#texture" },
				"west": { "uv": [ 8, 11.5, 9, 12.5 ], "texture": "#texture" },
				"east": { "uv": [ 7, 11.5, 8, 12.5 ], "texture": "#texture" }
			}
		}
	],
	"display": {
		"thirdperson_righthand": {
			"rotation":  [ 0, -90, 0 ],
			"translation":  [ 0.38, 6.0569, -0.104 ],
			"scale":  [ 1.1, 1.1, 1.3 ]
		},
		"thirdperson_lefthand": {
			"rotation":  [ 0, 90, 0 ],
			"translation":  [ -0.38, 3.97, -5.67 ],
			"scale":  [ 1.1, 1.1, 1.3 ]
		},
		"firstperson_righthand": {
			"rotation":  [ 0, -108, 0 ],
			"translation":  [ 3.78, 6.99, -6.24 ],
			"scale":  [ 2, 2, 2 ]
		},
		"firstperson_lefthand": {
			"rotation":  [ 0, 72, 0 ],
			"translation":  [ 3.59, 6.99, -6.24 ],
			"scale":  [ 2, 2, 2 ]
		},
		"gui": {
			"rotation":  [ 0, 0, -40 ],
			"translation":  [ 3.4, 0.19, 0 ],
			"scale":  [ 0.6, 0.6, 0.6 ]
		},
		"ground": {
			"translation":  [ 0, 5.67, 0 ]
		},
		"fixed": {
			"translation":  [ 0, 2.5, -0.5 ]
		}
	}
}