{
"__comment": "Designed by MoTy with BDcraft Cubik PRO 0.96 Beta - http://bdcraft.net",
"textures": {
    "particle": "nubx/nulls_dark_brown",
    "texture": "nubx/nulls_light_black",
	"silver": "blocks/anvil_base"
},
"elements": [ 
{
    "from": [ 4.5, 4.5, 7.5 ],
    "to": [ 11.5, 7, 9.5 ],
    "faces": {
        "down":  { "uv": [ 12, 10, 4.5, 7 ], "texture": "#texture" },
        "up":    { "uv": [ 4, 7, 11.5, 10 ], "texture": "#texture" },
        "north": { "uv": [ 4.5, 9, 12, 12 ], "texture": "#texture" },
        "south": { "uv": [ 4, 9, 11.5, 12 ], "texture": "#texture" },
        "west":  { "uv": [ 7, 9, 10, 12 ], "texture": "#texture" },
        "east":  { "uv": [ 6, 9, 9, 12 ], "texture": "#texture" }
    }
},
{
    "__comment": "particle",
    "from": [ 11.5, 4.5, 7.5 ],
    "to": [ 21, 7.5, 9.5 ],
    "faces": {
        "down":  { "uv": [ 4.5, 9.5, 0, 7.5 ], "texture": "#texture" },
        "up":    { "uv": [ 11.5, 7.5, 16, 9.5 ], "texture": "#texture" },
        "north": { "uv": [ 0, 9, 4.5, 11.5 ], "texture": "#texture" },
        "south": { "uv": [ 11.5, 9, 16, 11.5 ], "texture": "#texture" },
        "west":  { "uv": [ 7.5, 9, 9.5, 11.5 ], "texture": "#texture" },
        "east":  { "uv": [ 6.5, 9, 8.5, 11.5 ], "texture": "#texture" }
    }
},
{
    "from": [ 12.5, 3.5, 8 ],
    "to": [ 13, 5, 9 ],
    "faces": {
        "down":  { "uv": [ 0, 9, 0, 8 ], "texture": "#texture" },
        "up":    { "uv": [ 16, 8, 16, 9 ], "texture": "#texture" },
        "north": { "uv": [ 0, 11.5, 0, 12.5 ], "texture": "#texture" },
        "south": { "uv": [ 16, 11.5, 16, 12.5 ], "texture": "#texture" },
        "west":  { "uv": [ 8, 11.5, 9, 12.5 ], "texture": "#texture" },
        "east":  { "uv": [ 7, 11.5, 8, 12.5 ], "texture": "#texture" }
    }
},
{
    "from": [ 13, 3.5, 8 ],
    "to": [ 15.5, 4, 9 ],
    "faces": {
        "down":  { "uv": [ 0, 9, 0, 8 ], "texture": "#texture" },
        "up":    { "uv": [ 16, 8, 16, 9 ], "texture": "#texture" },
        "north": { "uv": [ 0, 12, 0, 12.5 ], "texture": "#texture" },
        "south": { "uv": [ 16, 12, 16, 12.5 ], "texture": "#texture" },
        "west":  { "uv": [ 8, 12, 9, 12.5 ], "texture": "#texture" },
        "east":  { "uv": [ 7, 12, 8, 12.5 ], "texture": "#texture" }
    }
},
{
    "from": [ 12.5, 6, 9.5 ],
    "to": [ 15, 7, 10 ],
    "faces": {
        "down":  { "uv": [ 2, 10, 0, 9.5 ], "texture": "#silver" },
        "up":    { "uv": [ 14, 9.5, 16, 10 ], "texture": "#silver" },
        "north": { "uv": [ 0, 10, 2, 10.5 ], "texture": "#texture" },
        "south": { "uv": [ 14, 10, 16, 10.5 ], "texture": "#silver" },
        "west":  { "uv": [ 9.5, 10, 10, 10.5 ], "texture": "#silver" },
        "east":  { "uv": [ 6, 10, 6.5, 10.5 ], "texture": "#silver" }
    }
},
{
    "from": [ 15, 0.5, 8 ],
    "to": [ 16, 4.5, 9 ],
    "faces": {
        "down":  { "uv": [ 0, 9, 0, 8 ], "texture": "#texture" },
        "up":    { "uv": [ 16, 8, 16, 9 ], "texture": "#texture" },
        "north": { "uv": [ 0, 11.5, 0, 15.5 ], "texture": "#texture" },
        "south": { "uv": [ 16, 11.5, 16, 15.5 ], "texture": "#texture" },
        "west":  { "uv": [ 8, 11.5, 9, 15.5 ], "texture": "#texture" },
        "east":  { "uv": [ 7, 11.5, 8, 15.5 ], "texture": "#texture" }
    }
},
{
    "from": [ 16, 1.5, 8 ],
    "to": [ 17, 4.5, 9 ],
    "faces": {
        "down":  { "uv": [ 0, 9, 0, 8 ], "texture": "#texture" },
        "up":    { "uv": [ 16, 8, 16, 9 ], "texture": "#texture" },
        "north": { "uv": [ 0, 11.5, 0, 14.5 ], "texture": "#texture" },
        "south": { "uv": [ 16, 11.5, 16, 14.5 ], "texture": "#texture" },
        "west":  { "uv": [ 8, 11.5, 9, 14.5 ], "texture": "#texture" },
        "east":  { "uv": [ 7, 11.5, 8, 14.5 ], "texture": "#texture" }
    }
},
{
    "from": [ 16, 0, 8 ],
    "to": [ 17, 1.5, 9 ],
    "faces": {
        "down":  { "uv": [ 0, 9, 0, 8 ], "texture": "#texture" },
        "up":    { "uv": [ 16, 8, 16, 9 ], "texture": "#texture" },
        "north": { "uv": [ 0, 14.5, 0, 16 ], "texture": "#texture" },
        "south": { "uv": [ 16, 14.5, 16, 16 ], "texture": "#texture" },
        "west":  { "uv": [ 8, 14.5, 9, 16 ], "texture": "#texture" },
        "east":  { "uv": [ 7, 14.5, 8, 16 ], "texture": "#texture" }
    }
},
{
    "from": [ 20.5, 6, 8 ],
    "to": [ 29, 7, 9 ],
    "faces": {
        "down":  { "uv": [ 0, 9, 0, 8 ], "texture": "#texture" },
        "up":    { "uv": [ 16, 8, 16, 9 ], "texture": "#texture" },
        "north": { "uv": [ 0, 8, 0, 9 ], "texture": "#texture" },
        "south": { "uv": [ 16, 8, 16, 9 ], "texture": "#texture" },
        "west":  { "uv": [ 8, 8, 9, 9 ], "texture": "#texture" },
        "east":  { "uv": [ 7, 8, 8, 9 ], "texture": "#texture" }
    }
},
{
    "from": [ 20, 7.5, 8 ],
    "to": [ 20.5, 8, 9 ],
    "faces": {
        "down":  { "uv": [ 0, 9, 0, 8 ], "texture": "#texture" },
        "up":    { "uv": [ 16, 8, 16, 9 ], "texture": "#texture" },
        "north": { "uv": [ 0, 8.5, 0, 9 ], "texture": "#texture" },
        "south": { "uv": [ 16, 8.5, 16, 9 ], "texture": "#texture" },
        "west":  { "uv": [ 8, 8.5, 9, 9 ], "texture": "#texture" },
        "east":  { "uv": [ 7, 8.5, 8, 9 ], "texture": "#texture" }
    }
},
{
    "from": [ 5, 7, 8 ],
    "to": [ 7, 7.5, 9 ],
    "faces": {
        "down":  { "uv": [ 11.5, 9, 11, 8 ], "texture": "#texture" },
        "up":    { "uv": [ 4.5, 8, 5, 9 ], "texture": "#texture" },
        "north": { "uv": [ 11, 8, 11.5, 9 ], "texture": "#texture" },
        "south": { "uv": [ 4.5, 8, 5, 9 ], "texture": "#texture" },
        "west":  { "uv": [ 8, 8, 9, 9 ], "texture": "#texture" },
        "east":  { "uv": [ 7, 8, 8, 9 ], "texture": "#texture" }
    }
},
{
    "from": [ 5, 7.5, 8 ],
    "to": [ 5.5, 8.5, 9 ],
    "faces": {
        "down":  { "uv": [ 11, 9, 10.5, 8 ], "texture": "#texture" },
        "up":    { "uv": [ 5, 8, 5.5, 9 ], "texture": "#texture" },
        "north": { "uv": [ 10.5, 8.5, 11, 9 ], "texture": "#texture" },
        "south": { "uv": [ 5, 8.5, 5.5, 9 ], "texture": "#texture" },
        "west":  { "uv": [ 8, 8.5, 9, 9 ], "texture": "#texture" },
        "east":  { "uv": [ 7, 8.5, 8, 9 ], "texture": "#texture" }
    }
},
{
    "from": [ 19, 7, 8 ],
    "to": [ 20, 8, 9 ],
    "faces": {
        "down":  { "uv": [ 0, 9, 0, 8 ], "texture": "#texture" },
        "up":    { "uv": [ 16, 8, 16, 9 ], "texture": "#texture" },
        "north": { "uv": [ 0, 8, 0, 9 ], "texture": "#texture" },
        "south": { "uv": [ 16, 8, 16, 9 ], "texture": "#texture" },
        "west":  { "uv": [ 8, 8, 9, 9 ], "texture": "#texture" },
        "east":  { "uv": [ 7, 8, 8, 9 ], "texture": "#texture" }
    }
},
{
    "from": [ 29, 3, 8 ],
    "to": [ 29.5, 7.5, 9 ],
    "faces": {
        "down":  { "uv": [ 0, 9, 0, 8 ], "texture": "#texture" },
        "up":    { "uv": [ 16, 8, 16, 9 ], "texture": "#texture" },
        "north": { "uv": [ 0, 8.5, 0, 13 ], "texture": "#texture" },
        "south": { "uv": [ 16, 8.5, 16, 13 ], "texture": "#texture" },
        "west":  { "uv": [ 8, 8.5, 9, 13 ], "texture": "#texture" },
        "east":  { "uv": [ 7, 8.5, 8, 13 ], "texture": "#texture" }
    }
},
{
    "from": [ 29.5, 2.5, 8 ],
    "to": [ 30, 7.5, 9 ],
    "faces": {
        "down":  { "uv": [ 0, 9, 0, 8 ], "texture": "#texture" },
        "up":    { "uv": [ 16, 8, 16, 9 ], "texture": "#texture" },
        "north": { "uv": [ 0, 8.5, 0, 13.5 ], "texture": "#texture" },
        "south": { "uv": [ 16, 8.5, 16, 13.5 ], "texture": "#texture" },
        "west":  { "uv": [ 8, 8.5, 9, 13.5 ], "texture": "#texture" },
        "east":  { "uv": [ 7, 8.5, 8, 13.5 ], "texture": "#texture" }
    }
},
{
    "from": [ 28.5, 7, 8 ],
    "to": [ 29, 7.5, 9 ],
    "faces": {
        "down":  { "uv": [ 0, 9, 0, 8 ], "texture": "#texture" },
        "up":    { "uv": [ 16, 8, 16, 9 ], "texture": "#texture" },
        "north": { "uv": [ 0, 8.5, 0, 9 ], "texture": "#texture" },
        "south": { "uv": [ 16, 8.5, 16, 9 ], "texture": "#texture" },
        "west":  { "uv": [ 8, 8.5, 9, 9 ], "texture": "#texture" },
        "east":  { "uv": [ 7, 8.5, 8, 9 ], "texture": "#texture" }
    }
},
{
    "from": [ 2.5, 5.5, 8 ],
    "to": [ 5.5, 6, 9 ],
    "faces": {
        "down":  { "uv": [ 13.5, 9, 10.5, 8 ], "texture": "#silver" },
        "up":    { "uv": [ 2.5, 8, 5.5, 9 ], "texture": "#silver" },
        "north": { "uv": [ 10.5, 10, 13.5, 10.5 ], "texture": "#silver" },
        "south": { "uv": [ 2.5, 10, 5.5, 10.5 ], "texture": "#silver" },
        "west":  { "uv": [ 8, 10, 9, 10.5 ], "texture": "#silver" },
        "east":  { "uv": [ 7, 10, 8, 10.5 ], "texture": "#silver" }
    }
},
{
    "from": [ 6, 1, 8 ],
    "to": [ 6.5, 4.5, 9 ],
    "faces": {
        "down":  { "uv": [ 10, 9, 9.5, 8 ], "texture": "#texture" },
        "up":    { "uv": [ 6, 8, 6.5, 9 ], "texture": "#texture" },
        "north": { "uv": [ 9.5, 11.5, 10, 15 ], "texture": "#texture" },
        "south": { "uv": [ 6, 11.5, 6.5, 15 ], "texture": "#texture" },
        "west":  { "uv": [ 8, 11.5, 9, 15 ], "texture": "#texture" },
        "east":  { "uv": [ 7, 11.5, 8, 15 ], "texture": "#texture" }
    }
},
{
    "from": [ 6.5, 0.5, 8 ],
    "to": [ 7, 4.5, 9 ],
    "faces": {
        "down":  { "uv": [ 9.5, 9, 9, 8 ], "texture": "#texture" },
        "up":    { "uv": [ 6.5, 8, 7, 9 ], "texture": "#texture" },
        "north": { "uv": [ 9, 11.5, 9.5, 15.5 ], "texture": "#texture" },
        "south": { "uv": [ 6.5, 11.5, 7, 15.5 ], "texture": "#texture" },
        "west":  { "uv": [ 8, 11.5, 9, 15.5 ], "texture": "#texture" },
        "east":  { "uv": [ 7, 11.5, 8, 15.5 ], "texture": "#texture" }
    }
},
{
    "from": [ 18, 7.5, 8 ],
    "to": [ 20, 8.5, 9 ],
    "faces": {
        "down":  { "uv": [ 0, 9, 0, 8 ], "texture": "#texture" },
        "up":    { "uv": [ 16, 8, 16, 9 ], "texture": "#texture" },
        "north": { "uv": [ 0, 7.5, 0, 8.5 ], "texture": "#texture" },
        "south": { "uv": [ 16, 7.5, 16, 8.5 ], "texture": "#texture" },
        "west":  { "uv": [ 8, 7.5, 9, 8.5 ], "texture": "#texture" },
        "east":  { "uv": [ 7, 7.5, 8, 8.5 ], "texture": "#texture" }
    }
},
{
    "from": [ 19, 8, 8 ],
    "to": [ 19.5, 9, 9 ],
    "faces": {
        "down":  { "uv": [ 0, 9, 0, 8 ], "texture": "#silver" },
        "up":    { "uv": [ 16, 8, 16, 9 ], "texture": "#silver" },
        "north": { "uv": [ 0, 7, 0, 8 ], "texture": "#silver" },
        "south": { "uv": [ 16, 7, 16, 8 ], "texture": "#silver" },
        "west":  { "uv": [ 8, 7, 9, 8 ], "texture": "#silver" },
        "east":  { "uv": [ 7, 7, 8, 8 ], "texture": "#silver" }
    }
},
{
    "from": [ 15.5, -2, 8 ],
    "to": [ 16, 0.5, 9 ],
    "faces": {
        "down":  { "uv": [ 0.5, 9, 0, 8 ], "texture": "#texture" },
        "up":    { "uv": [ 15.5, 8, 16, 9 ], "texture": "#texture" },
        "north": { "uv": [ 0, 15.5, 0.5, 16 ], "texture": "#texture" },
        "south": { "uv": [ 15.5, 15.5, 16, 16 ], "texture": "#texture" },
        "west":  { "uv": [ 8, 15.5, 9, 16 ], "texture": "#texture" },
        "east":  { "uv": [ 7, 15.5, 8, 16 ], "texture": "#texture" }
    }
},
{
    "from": [ 16, -2.5, 8 ],
    "to": [ 16.5, 0, 9 ],
    "faces": {
        "down":  { "uv": [ 0, 9, 0, 8 ], "texture": "#texture" },
        "up":    { "uv": [ 16, 8, 16, 9 ], "texture": "#texture" },
        "north": { "uv": [ 0, 16, 0, 16 ], "texture": "#texture" },
        "south": { "uv": [ 16, 16, 16, 16 ], "texture": "#texture" },
        "west":  { "uv": [ 8, 16, 9, 16 ], "texture": "#texture" },
        "east":  { "uv": [ 7, 16, 8, 16 ], "texture": "#texture" }
    }
},
{
    "from": [ 4.5, 7, 8 ],
    "to": [ 5, 7.5, 9 ],
    "faces": {
        "down":  { "uv": [ 11.5, 9, 11, 8 ], "texture": "#texture" },
        "up":    { "uv": [ 4.5, 8, 5, 9 ], "texture": "#texture" },
        "north": { "uv": [ 11, 8.5, 11.5, 9 ], "texture": "#texture" },
        "south": { "uv": [ 4.5, 8.5, 5, 9 ], "texture": "#texture" },
        "west":  { "uv": [ 8, 8.5, 9, 9 ], "texture": "#texture" },
        "east":  { "uv": [ 7, 8.5, 8, 9 ], "texture": "#texture" }
    }
}
],
"display": {
	"thirdperson_righthand": {
		"rotation":  [ 0, -90, 0 ],
		"translation":  [ -0.19, 2.65, -5.29 ],
		"scale":  [ 0.7, 0.7, 0.7 ]
	},
	"thirdperson_lefthand": {
		"rotation":  [ 0, 90, 0 ],
		"translation":  [ 0.38, 2.65, -4.72 ],
		"scale":  [ 0.7, 0.7, 0.7 ]
	},
	"firstperson_righthand": {
		"rotation":  [ 0, -105, 0 ],
		"translation":  [ 0.56, 4.16, -5.67 ]
	},
	"firstperson_lefthand": {
		"rotation":  [ 0, 71, 0 ],
		"translation":  [ 0.56, 4.16, -5.67 ]
	},
	"gui": {
		"rotation":  [ 0, 0, -40 ],
		"translation":  [ 0.19, 1.7, 0.57 ],
		"scale":  [ 0.5, 0.5, 0.5 ]
	},
	"ground": {
		"translation":  [ 0, 8.31, 0 ]
	}
}
}