{
"__comment": "Designed by MoTy with BDcraft Cubik PRO 0.96 Beta - http://bdcraft.net",
"textures": {
    "particle": "nubx/nulls_dark_brown",
    "texture": "nubx/nulls_light_black",
    "silver": "moty/gold"
},
"elements": [ 
{
    "from": [ 3.5, 4.5, 7.5 ],
    "to": [ 11.5, 6.5, 9.5 ],
    "faces": {
        "down":  { "uv": [ 12, 10, 4.5, 7 ], "texture": "#texture" },
        "up":    { "uv": [ 4, 7, 11.5, 10 ], "texture": "#texture" },
        "north": { "uv": [ 4.5, 9, 12, 12 ], "texture": "#texture" },
        "south": { "uv": [ 4, 9, 11.5, 12 ], "texture": "#texture" },
        "west":  { "uv": [ 7, 9, 10, 12 ], "texture": "#texture" },
        "east":  { "uv": [ 6, 9, 9, 12 ], "texture": "#texture" }
    }
},
{
    "__comment": "particle",
    "from": [ 11.5, 3, 7.5 ],
    "to": [ 19, 7, 9.5 ],
    "faces": {
        "down":  { "uv": [ 4.5, 9.5, 0, 7.5 ], "texture": "#texture" },
        "up":    { "uv": [ 11.5, 7.5, 16, 9.5 ], "texture": "#texture" },
        "north": { "uv": [ 0, 9, 4.5, 11.5 ], "texture": "#texture" },
        "south": { "uv": [ 11.5, 9, 16, 11.5 ], "texture": "#texture" },
        "west":  { "uv": [ 7.5, 9, 9.5, 11.5 ], "texture": "#texture" },
        "east":  { "uv": [ 6.5, 9, 8.5, 11.5 ], "texture": "#texture" }
    }
},
{
    "from": [ 1.5, 5.5, 8 ],
    "to": [ 4.5, 6, 9 ],
    "faces": {
        "down":  { "uv": [ 13.5, 9, 10.5, 8 ], "texture": "#texture" },
        "up":    { "uv": [ 2.5, 8, 5.5, 9 ], "texture": "#texture" },
        "north": { "uv": [ 10.5, 10, 13.5, 10.5 ], "texture": "#texture" },
        "south": { "uv": [ 2.5, 10, 5.5, 10.5 ], "texture": "#texture" },
        "west":  { "uv": [ 8, 10, 9, 10.5 ], "texture": "#texture" },
        "east":  { "uv": [ 7, 10, 8, 10.5 ], "texture": "#texture" }
    }
},
{
    "from": [ 3.5, 7, 8 ],
    "to": [ 4.5, 8, 9 ],
    "faces": {
        "down":  { "uv": [ 12.5, 9, 11.5, 8 ], "texture": "#texture" },
        "up":    { "uv": [ 3.5, 8, 4.5, 9 ], "texture": "#texture" },
        "north": { "uv": [ 11.5, 8, 12.5, 9 ], "texture": "#texture" },
        "south": { "uv": [ 3.5, 8, 4.5, 9 ], "texture": "#texture" },
        "west":  { "uv": [ 8, 8, 9, 9 ], "texture": "#texture" },
        "east":  { "uv": [ 7, 8, 8, 9 ], "texture": "#texture" }
    }
},
{
    "from": [ 4, 8, 8 ],
    "to": [ 4.5, 8.5, 9 ],
    "faces": {
        "down":  { "uv": [ 12, 9, 11.5, 8 ], "texture": "#texture" },
        "up":    { "uv": [ 4, 8, 4.5, 9 ], "texture": "#texture" },
        "north": { "uv": [ 11.5, 7.5, 12, 8 ], "texture": "#texture" },
        "south": { "uv": [ 4, 7.5, 4.5, 8 ], "texture": "#texture" },
        "west":  { "uv": [ 8, 7.5, 9, 8 ], "texture": "#texture" },
        "east":  { "uv": [ 7, 7.5, 8, 8 ], "texture": "#texture" }
    }
},
{
    "from": [ 4.5, 8.5, 8 ],
    "to": [ 5, 9, 9 ],
    "faces": {
        "down":  { "uv": [ 11.5, 9, 11, 8 ], "texture": "#texture" },
        "up":    { "uv": [ 4.5, 8, 5, 9 ], "texture": "#texture" },
        "north": { "uv": [ 11, 7, 11.5, 7.5 ], "texture": "#texture" },
        "south": { "uv": [ 4.5, 7, 5, 7.5 ], "texture": "#texture" },
        "west":  { "uv": [ 8, 7, 9, 7.5 ], "texture": "#texture" },
        "east":  { "uv": [ 7, 7, 8, 7.5 ], "texture": "#texture" }
    }
},
{
    "from": [ 5, 8.5, 8 ],
    "to": [ 6.5, 9, 9 ],
    "faces": {
        "down":  { "uv": [ 11, 9, 9.5, 8 ], "texture": "#texture" },
        "up":    { "uv": [ 5, 8, 6.5, 9 ], "texture": "#texture" },
        "north": { "uv": [ 9.5, 7, 11, 7.5 ], "texture": "#texture" },
        "south": { "uv": [ 5, 7, 6.5, 7.5 ], "texture": "#texture" },
        "west":  { "uv": [ 8, 7, 9, 7.5 ], "texture": "#texture" },
        "east":  { "uv": [ 7, 7, 8, 7.5 ], "texture": "#texture" }
    }
},
{
    "from": [ 6.5, 8.5, 8 ],
    "to": [ 7.5, 9, 9 ],
    "faces": {
        "down":  { "uv": [ 9.5, 9, 8.5, 8 ], "texture": "#texture" },
        "up":    { "uv": [ 6.5, 8, 7.5, 9 ], "texture": "#texture" },
        "north": { "uv": [ 8.5, 7, 9.5, 7.5 ], "texture": "#texture" },
        "south": { "uv": [ 6.5, 7, 7.5, 7.5 ], "texture": "#texture" },
        "west":  { "uv": [ 8, 7, 9, 7.5 ], "texture": "#texture" },
        "east":  { "uv": [ 7, 7, 8, 7.5 ], "texture": "#texture" }
    }
},
{
    "from": [ 7, 8, 8 ],
    "to": [ 8, 8.5, 9 ],
    "faces": {
        "down":  { "uv": [ 9, 9, 8, 8 ], "texture": "#texture" },
        "up":    { "uv": [ 7, 8, 8, 9 ], "texture": "#texture" },
        "north": { "uv": [ 8, 7.5, 9, 8 ], "texture": "#texture" },
        "south": { "uv": [ 7, 7.5, 8, 8 ], "texture": "#texture" },
        "west":  { "uv": [ 8, 7.5, 9, 8 ], "texture": "#texture" },
        "east":  { "uv": [ 7, 7.5, 8, 8 ], "texture": "#texture" }
    }
},
{
    "from": [ 8, 7, 8 ],
    "to": [ 9, 7.5, 9 ],
    "faces": {
        "down":  { "uv": [ 8, 9, 7, 8 ], "texture": "#texture" },
        "up":    { "uv": [ 8, 8, 9, 9 ], "texture": "#texture" },
        "north": { "uv": [ 7, 8.5, 8, 9 ], "texture": "#texture" },
        "south": { "uv": [ 8, 8.5, 9, 9 ], "texture": "#texture" },
        "west":  { "uv": [ 8, 8.5, 9, 9 ], "texture": "#texture" },
        "east":  { "uv": [ 7, 8.5, 8, 9 ], "texture": "#texture" }
    }
},
{
    "from": [ 4.5, 6.5, 8 ],
    "to": [ 10.5, 7, 9 ],
    "faces": {
        "down":  { "uv": [ 11.5, 9, 5.5, 8 ], "texture": "#silver" },
        "up":    { "uv": [ 4.5, 8, 10.5, 9 ], "texture": "#silver" },
        "north": { "uv": [ 5.5, 9, 11.5, 9.5 ], "texture": "#silver" },
        "south": { "uv": [ 4.5, 9, 10.5, 9.5 ], "texture": "#silver" },
        "west":  { "uv": [ 8, 9, 9, 9.5 ], "texture": "#silver" },
        "east":  { "uv": [ 7, 9, 8, 9.5 ], "texture": "#silver" }
    }
},
{
    "from": [ 18, 6.5, 8 ],
    "to": [ 19, 7.5, 9 ],
    "faces": {
        "down":  { "uv": [ 0, 9, 0, 8 ], "texture": "#texture" },
        "up":    { "uv": [ 16, 8, 16, 9 ], "texture": "#texture" },
        "north": { "uv": [ 0, 8.5, 0, 9.5 ], "texture": "#texture" },
        "south": { "uv": [ 16, 8.5, 16, 9.5 ], "texture": "#texture" },
        "west":  { "uv": [ 8, 8.5, 9, 9.5 ], "texture": "#texture" },
        "east":  { "uv": [ 7, 8.5, 8, 9.5 ], "texture": "#texture" }
    }
},
{
    "from": [ 10.5, 2.5, 8 ],
    "to": [ 11.5, 4.5, 9 ],
    "faces": {
        "down":  { "uv": [ 5.5, 9, 4.5, 8 ], "texture": "#texture" },
        "up":    { "uv": [ 10.5, 8, 11.5, 9 ], "texture": "#texture" },
        "north": { "uv": [ 4.5, 11.5, 5.5, 13.5 ], "texture": "#texture" },
        "south": { "uv": [ 10.5, 11.5, 11.5, 13.5 ], "texture": "#texture" },
        "west":  { "uv": [ 8, 11.5, 9, 13.5 ], "texture": "#texture" },
        "east":  { "uv": [ 7, 11.5, 8, 13.5 ], "texture": "#texture" }
    }
},
{
    "from": [ 10.5, 2, 8 ],
    "to": [ 11.5, 2.5, 9 ],
    "faces": {
        "down":  { "uv": [ 5.5, 9, 4.5, 8 ], "texture": "#texture" },
        "up":    { "uv": [ 10.5, 8, 11.5, 9 ], "texture": "#texture" },
        "north": { "uv": [ 4.5, 13.5, 5.5, 14 ], "texture": "#texture" },
        "south": { "uv": [ 10.5, 13.5, 11.5, 14 ], "texture": "#texture" },
        "west":  { "uv": [ 8, 13.5, 9, 14 ], "texture": "#texture" },
        "east":  { "uv": [ 7, 13.5, 8, 14 ], "texture": "#texture" }
    }
},
{
    "from": [ 10, 1.5, 8 ],
    "to": [ 10.5, 4.5, 9 ],
    "faces": {
        "down":  { "uv": [ 6, 9, 5.5, 8 ], "texture": "#texture" },
        "up":    { "uv": [ 10, 8, 10.5, 9 ], "texture": "#texture" },
        "north": { "uv": [ 5.5, 11.5, 6, 14.5 ], "texture": "#texture" },
        "south": { "uv": [ 10, 11.5, 10.5, 14.5 ], "texture": "#texture" },
        "west":  { "uv": [ 8, 11.5, 9, 14.5 ], "texture": "#texture" },
        "east":  { "uv": [ 7, 11.5, 8, 14.5 ], "texture": "#texture" }
    }
},
{
    "from": [ 9, 1, 8 ],
    "to": [ 10, 2.5, 9 ],
    "faces": {
        "down":  { "uv": [ 7, 9, 6, 8 ], "texture": "#texture" },
        "up":    { "uv": [ 9, 8, 10, 9 ], "texture": "#texture" },
        "north": { "uv": [ 6, 13.5, 7, 15 ], "texture": "#texture" },
        "south": { "uv": [ 9, 13.5, 10, 15 ], "texture": "#texture" },
        "west":  { "uv": [ 8, 13.5, 9, 15 ], "texture": "#texture" },
        "east":  { "uv": [ 7, 13.5, 8, 15 ], "texture": "#texture" }
    }
},
{
    "from": [ 9, 4, 8 ],
    "to": [ 10, 4.5, 9 ],
    "faces": {
        "down":  { "uv": [ 7, 9, 6, 8 ], "texture": "#texture" },
        "up":    { "uv": [ 9, 8, 10, 9 ], "texture": "#texture" },
        "north": { "uv": [ 6, 11.5, 7, 12 ], "texture": "#texture" },
        "south": { "uv": [ 9, 11.5, 10, 12 ], "texture": "#texture" },
        "west":  { "uv": [ 8, 11.5, 9, 12 ], "texture": "#texture" },
        "east":  { "uv": [ 7, 11.5, 8, 12 ], "texture": "#texture" }
    }
},
{
    "from": [ 7.5, 1.5, 8 ],
    "to": [ 8, 3, 9 ],
    "faces": {
        "down":  { "uv": [ 8.5, 9, 8, 8 ], "texture": "#texture" },
        "up":    { "uv": [ 7.5, 8, 8, 9 ], "texture": "#texture" },
        "north": { "uv": [ 8, 13, 8.5, 14.5 ], "texture": "#texture" },
        "south": { "uv": [ 7.5, 13, 8, 14.5 ], "texture": "#texture" },
        "west":  { "uv": [ 8, 13, 9, 14.5 ], "texture": "#texture" },
        "east":  { "uv": [ 7, 13, 8, 14.5 ], "texture": "#texture" }
    }
},
{
    "from": [ 8, 2, 8 ],
    "to": [ 9, 4.5, 9 ],
    "faces": {
        "down":  { "uv": [ 8, 9, 7, 8 ], "texture": "#texture" },
        "up":    { "uv": [ 8, 8, 9, 9 ], "texture": "#texture" },
        "north": { "uv": [ 7, 11.5, 8, 14 ], "texture": "#texture" },
        "south": { "uv": [ 8, 11.5, 9, 14 ], "texture": "#texture" },
        "west":  { "uv": [ 8, 11.5, 9, 14 ], "texture": "#texture" },
        "east":  { "uv": [ 7, 11.5, 8, 14 ], "texture": "#texture" }
    }
},
{
    "from": [ 7.5, 3, 7.5 ],
    "to": [ 8.5, 4.5, 8.5 ],
    "faces": {
        "down":  { "uv": [ 8.5, 8.5, 7.5, 7.5 ], "texture": "#texture" },
        "up":    { "uv": [ 7.5, 7.5, 8.5, 8.5 ], "texture": "#texture" },
        "north": { "uv": [ 7.5, 11.5, 8.5, 13 ], "texture": "#texture" },
        "south": { "uv": [ 7.5, 11.5, 8.5, 13 ], "texture": "#texture" },
        "west":  { "uv": [ 7.5, 11.5, 8.5, 13 ], "texture": "#texture" },
        "east":  { "uv": [ 7.5, 11.5, 8.5, 13 ], "texture": "#texture" }
    }
},
{
    "from": [ 6.5, 1, 8 ],
    "to": [ 7.5, 2.5, 9 ],
    "faces": {
        "down":  { "uv": [ 9.5, 9, 8.5, 8 ], "texture": "#texture" },
        "up":    { "uv": [ 6.5, 8, 7.5, 9 ], "texture": "#texture" },
        "north": { "uv": [ 8.5, 13.5, 9.5, 15 ], "texture": "#texture" },
        "south": { "uv": [ 6.5, 13.5, 7.5, 15 ], "texture": "#texture" },
        "west":  { "uv": [ 8, 13.5, 9, 15 ], "texture": "#texture" },
        "east":  { "uv": [ 7, 13.5, 8, 15 ], "texture": "#texture" }
    }
},
{
    "from": [ 6.5, 4, 7.5 ],
    "to": [ 7.5, 4.5, 8.5 ],
    "faces": {
        "down":  { "uv": [ 9.5, 8.5, 8.5, 7.5 ], "texture": "#texture" },
        "up":    { "uv": [ 6.5, 7.5, 7.5, 8.5 ], "texture": "#texture" },
        "north": { "uv": [ 8.5, 11.5, 9.5, 12 ], "texture": "#texture" },
        "south": { "uv": [ 6.5, 11.5, 7.5, 12 ], "texture": "#texture" },
        "west":  { "uv": [ 7.5, 11.5, 8.5, 12 ], "texture": "#texture" },
        "east":  { "uv": [ 7.5, 11.5, 8.5, 12 ], "texture": "#texture" }
    }
},
{
    "from": [ 6, 1.5, 8 ],
    "to": [ 6.5, 4.5, 9 ],
    "faces": {
        "down":  { "uv": [ 10, 9, 9.5, 8 ], "texture": "#texture" },
        "up":    { "uv": [ 6, 8, 6.5, 9 ], "texture": "#texture" },
        "north": { "uv": [ 9.5, 11.5, 10, 14.5 ], "texture": "#texture" },
        "south": { "uv": [ 6, 11.5, 6.5, 14.5 ], "texture": "#texture" },
        "west":  { "uv": [ 8, 11.5, 9, 14.5 ], "texture": "#texture" },
        "east":  { "uv": [ 7, 11.5, 8, 14.5 ], "texture": "#texture" }
    }
},
{
    "from": [ 3.5, 4, 8 ],
    "to": [ 6.5, 4.5, 9 ],
    "faces": {
        "down":  { "uv": [ 12.5, 9, 9.5, 8 ], "texture": "#texture" },
        "up":    { "uv": [ 3.5, 8, 6.5, 9 ], "texture": "#texture" },
        "north": { "uv": [ 9.5, 11.5, 12.5, 12 ], "texture": "#texture" },
        "south": { "uv": [ 3.5, 11.5, 6.5, 12 ], "texture": "#texture" },
        "west":  { "uv": [ 8, 11.5, 9, 12 ], "texture": "#texture" },
        "east":  { "uv": [ 7, 11.5, 8, 12 ], "texture": "#texture" }
    }
},
{
    "from": [ 4, 3.5, 8 ],
    "to": [ 6, 4, 9 ],
    "faces": {
        "down":  { "uv": [ 12, 9, 10, 8 ], "texture": "#texture" },
        "up":    { "uv": [ 4, 8, 6, 9 ], "texture": "#texture" },
        "north": { "uv": [ 10, 12, 12, 12.5 ], "texture": "#texture" },
        "south": { "uv": [ 4, 12, 6, 12.5 ], "texture": "#texture" },
        "west":  { "uv": [ 8, 12, 9, 12.5 ], "texture": "#texture" },
        "east":  { "uv": [ 7, 12, 8, 12.5 ], "texture": "#texture" }
    }
},
{
    "from": [ 5, 2, 8 ],
    "to": [ 6, 3.5, 9 ],
    "faces": {
        "down":  { "uv": [ 11, 9, 10, 8 ], "texture": "#texture" },
        "up":    { "uv": [ 5, 8, 6, 9 ], "texture": "#texture" },
        "north": { "uv": [ 10, 12.5, 11, 14 ], "texture": "#texture" },
        "south": { "uv": [ 5, 12.5, 6, 14 ], "texture": "#texture" },
        "west":  { "uv": [ 8, 12.5, 9, 14 ], "texture": "#texture" },
        "east":  { "uv": [ 7, 12.5, 8, 14 ], "texture": "#texture" }
    }
},
{
    "from": [ 3.5, 6.5, 8 ],
    "to": [ 4.5, 7, 9 ],
    "faces": {
        "down":  { "uv": [ 12.5, 9, 11.5, 8 ], "texture": "#texture" },
        "up":    { "uv": [ 3.5, 8, 4.5, 9 ], "texture": "#texture" },
        "north": { "uv": [ 11.5, 9, 12.5, 9.5 ], "texture": "#texture" },
        "south": { "uv": [ 3.5, 9, 4.5, 9.5 ], "texture": "#texture" },
        "west":  { "uv": [ 8, 9, 9, 9.5 ], "texture": "#texture" },
        "east":  { "uv": [ 7, 9, 8, 9.5 ], "texture": "#texture" }
    }
},
{
    "from": [ 4.5, 8, 8 ],
    "to": [ 7, 8.5, 9 ],
    "faces": {
        "down":  { "uv": [ 11.5, 9, 9, 8 ], "texture": "#texture" },
        "up":    { "uv": [ 4.5, 8, 7, 9 ], "texture": "#texture" },
        "north": { "uv": [ 9, 7.5, 11.5, 8 ], "texture": "#texture" },
        "south": { "uv": [ 4.5, 7.5, 7, 8 ], "texture": "#texture" },
        "west":  { "uv": [ 8, 7.5, 9, 8 ], "texture": "#texture" },
        "east":  { "uv": [ 7, 7.5, 8, 8 ], "texture": "#texture" }
    }
},
{
    "from": [ 7.5, 7.5, 8 ],
    "to": [ 8.5, 8, 9 ],
    "faces": {
        "down":  { "uv": [ 8.5, 9, 7.5, 8 ], "texture": "#texture" },
        "up":    { "uv": [ 7.5, 8, 8.5, 9 ], "texture": "#texture" },
        "north": { "uv": [ 7.5, 8, 8.5, 8.5 ], "texture": "#texture" },
        "south": { "uv": [ 7.5, 8, 8.5, 8.5 ], "texture": "#texture" },
        "west":  { "uv": [ 8, 8, 9, 8.5 ], "texture": "#texture" },
        "east":  { "uv": [ 7, 8, 8, 8.5 ], "texture": "#texture" }
    }
},
{
    "from": [ 10.5, 6.5, 8 ],
    "to": [ 11.5, 7, 9 ],
    "faces": {
        "down":  { "uv": [ 5.5, 9, 4.5, 8 ], "texture": "#texture" },
        "up":    { "uv": [ 10.5, 8, 11.5, 9 ], "texture": "#texture" },
        "north": { "uv": [ 4.5, 9, 5.5, 9.5 ], "texture": "#texture" },
        "south": { "uv": [ 10.5, 9, 11.5, 9.5 ], "texture": "#texture" },
        "west":  { "uv": [ 8, 9, 9, 9.5 ], "texture": "#texture" },
        "east":  { "uv": [ 7, 9, 8, 9.5 ], "texture": "#texture" }
    }
}
],
"display": {
	"thirdperson_righthand": {
		"rotation":  [ 0, -90, 0 ],
		"translation":  [ -0.19, 2.65, -5.29 ],
		"scale":  [ 0.7, 0.7, 0.7 ]
	},
	"thirdperson_lefthand": {
		"rotation":  [ 0, 90, 0 ],
		"translation":  [ 0.38, 2.65, -4.72 ],
		"scale":  [ 0.7, 0.7, 0.7 ]
	},
	"firstperson_righthand": {
		"rotation":  [ 0, -105, 0 ],
		"translation":  [ 0.56, 4.16, -5.67 ]
	},
	"firstperson_lefthand": {
		"rotation":  [ 0, 71, 0 ],
		"translation":  [ 0.56, 4.16, -5.67 ]
	},
	"gui": {
		"rotation":  [ 0, 0, -40 ],
		"translation":  [ 0.19, 1.7, 0.57 ],
		"scale":  [ 0.7, 0.7, 0.7 ]
	},
	"ground": {
		"translation":  [ 0, 5.67, 0 ]
	}
}
}