{
	"__comment": "Designed by MoTy with BDcraft Cubik PRO 0.96 Beta - http://bdcraft.net",
	"textures": {
		"particle": "nubx/nulls_dark_brown",
		"texture": "nubx/nulls_light_black"
	},
	"elements": [ 	 
		{
			"__comment": "Element",
			"from": [ -5, 6, 7.5 ],
			"to": [ 4, 7, 9.5 ],
			"faces": {
				"down": { "uv": [ 16, 9.5, 12, 7.5 ], "texture": "#texture" },
				"up": { "uv": [ 0, 7.5, 4, 9.5 ], "texture": "#texture" },
				"north": { "uv": [ 12, 9, 16, 10 ], "texture": "#texture" },
				"south": { "uv": [ 0, 9, 4, 10 ], "texture": "#texture" },
				"west": { "uv": [ 7.5, 9, 9.5, 10 ], "texture": "#texture" },
				"east": { "uv": [ 6.5, 9, 8.5, 10 ], "texture": "#texture" }
			}
		},
		{
			"__comment": "Element",
			"from": [ -4.5, 4.5, 7.5 ],
			"to": [ 4, 5.5, 9.5 ],
			"faces": {
				"down": { "uv": [ 16, 9.5, 12, 7.5 ], "texture": "#texture" },
				"up": { "uv": [ 0, 7.5, 4, 9.5 ], "texture": "#texture" },
				"north": { "uv": [ 12, 10.5, 16, 11.5 ], "texture": "#texture" },
				"south": { "uv": [ 0, 10.5, 4, 11.5 ], "texture": "#texture" },
				"west": { "uv": [ 7.5, 10.5, 9.5, 11.5 ], "texture": "#texture" },
				"east": { "uv": [ 6.5, 10.5, 8.5, 11.5 ], "texture": "#texture" }
			}
		},
		{
			"__comment": "Element",
			"from": [ 23, 0, 8 ],
			"to": [ 23.5, 4, 9 ],
			"faces": {
				"down": { "uv": [ 0, 9, 0, 8 ], "texture": "#texture" },
				"up": { "uv": [ 16, 8, 16, 9 ], "texture": "#texture" },
				"north": { "uv": [ 0, 12, 0, 16 ], "texture": "#texture" },
				"south": { "uv": [ 16, 12, 16, 16 ], "texture": "#texture" },
				"west": { "uv": [ 8, 12, 9, 16 ], "texture": "#texture" },
				"east": { "uv": [ 7, 12, 8, 16 ], "texture": "#texture" }
			}
		},
		{
			"__comment": "Element",
			"from": [ 4, 4, 7 ],
			"to": [ 11.5, 7, 10 ],
			"faces": {
				"down": { "uv": [ 12, 10, 4.5, 7 ], "texture": "#texture" },
				"up": { "uv": [ 4, 7, 11.5, 10 ], "texture": "#texture" },
				"north": { "uv": [ 4.5, 9, 12, 12 ], "texture": "#texture" },
				"south": { "uv": [ 4, 9, 11.5, 12 ], "texture": "#texture" },
				"west": { "uv": [ 7, 9, 10, 12 ], "texture": "#texture" },
				"east": { "uv": [ 6, 9, 9, 12 ], "texture": "#texture" }
			}
		},
		{
			"__comment": "particle",
			"from": [ 11.5, 4.5, 7.5 ],
			"to": [ 20.5, 7, 9.5 ],
			"faces": {
				"down": { "uv": [ 4.5, 9.5, 0, 7.5 ], "texture": "#particle" },
				"up": { "uv": [ 11.5, 7.5, 16, 9.5 ], "texture": "#particle" },
				"north": { "uv": [ 0, 9, 4.5, 11.5 ], "texture": "#particle" },
				"south": { "uv": [ 11.5, 9, 16, 11.5 ], "texture": "#particle" },
				"west": { "uv": [ 7.5, 9, 9.5, 11.5 ], "texture": "#particle" },
				"east": { "uv": [ 6.5, 9, 8.5, 11.5 ], "texture": "#particle" }
			}
		},
		{
			"__comment": "Element",
			"from": [ 5, 6, 10 ],
			"to": [ 10.5, 7, 10.5 ],
			"faces": {
				"down": { "uv": [ 11, 10.5, 5.5, 10 ], "texture": "#texture" },
				"up": { "uv": [ 5, 10, 10.5, 10.5 ], "texture": "#texture" },
				"north": { "uv": [ 5.5, 9, 11, 10 ], "texture": "#texture" },
				"south": { "uv": [ 5, 9, 10.5, 10 ], "texture": "#texture" },
				"west": { "uv": [ 10, 9, 10.5, 10 ], "texture": "#texture" },
				"east": { "uv": [ 5.5, 9, 6, 10 ], "texture": "#texture" }
			}
		},
		{
			"__comment": "Element",
			"from": [ 16, 3.5, 8 ],
			"to": [ 16.5, 4.5, 9 ],
			"faces": {
				"down": { "uv": [ 0, 9, 0, 8 ], "texture": "#texture" },
				"up": { "uv": [ 16, 8, 16, 9 ], "texture": "#texture" },
				"north": { "uv": [ 0, 11.5, 0, 12.5 ], "texture": "#texture" },
				"south": { "uv": [ 16, 11.5, 16, 12.5 ], "texture": "#texture" },
				"west": { "uv": [ 8, 11.5, 9, 12.5 ], "texture": "#texture" },
				"east": { "uv": [ 7, 11.5, 8, 12.5 ], "texture": "#texture" }
			}
		},
		{
			"__comment": "Element",
			"from": [ 16.5, 3.5, 8 ],
			"to": [ 18, 4, 9 ],
			"faces": {
				"down": { "uv": [ 0, 9, 0, 8 ], "texture": "#texture" },
				"up": { "uv": [ 16, 8, 16, 9 ], "texture": "#texture" },
				"north": { "uv": [ 0, 12, 0, 12.5 ], "texture": "#texture" },
				"south": { "uv": [ 16, 12, 16, 12.5 ], "texture": "#texture" },
				"west": { "uv": [ 8, 12, 9, 12.5 ], "texture": "#texture" },
				"east": { "uv": [ 7, 12, 8, 12.5 ], "texture": "#texture" }
			}
		},
		{
			"__comment": "Element",
			"from": [ 14, 5.5, 9.5 ],
			"to": [ 16.5, 6, 10 ],
			"faces": {
				"down": { "uv": [ 2, 10, 0, 9.5 ], "texture": "#particle" },
				"up": { "uv": [ 14, 9.5, 16, 10 ], "texture": "#particle" },
				"north": { "uv": [ 0, 10, 2, 10.5 ], "texture": "#particle" },
				"south": { "uv": [ 14, 10, 16, 10.5 ], "texture": "#particle" },
				"west": { "uv": [ 9.5, 10, 10, 10.5 ], "texture": "#particle" },
				"east": { "uv": [ 6, 10, 6.5, 10.5 ], "texture": "#particle" }
			}
		},
		{
			"__comment": "Element",
			"from": [ 18, 0.5, 8 ],
			"to": [ 19, 4.5, 9 ],
			"faces": {
				"down": { "uv": [ 0, 9, 0, 8 ], "texture": "#texture" },
				"up": { "uv": [ 16, 8, 16, 9 ], "texture": "#texture" },
				"north": { "uv": [ 0, 11.5, 0, 15.5 ], "texture": "#texture" },
				"south": { "uv": [ 16, 11.5, 16, 15.5 ], "texture": "#texture" },
				"west": { "uv": [ 8, 11.5, 9, 15.5 ], "texture": "#texture" },
				"east": { "uv": [ 7, 11.5, 8, 15.5 ], "texture": "#texture" }
			}
		},
		{
			"__comment": "Element",
			"from": [ 19, 1.5, 8 ],
			"to": [ 20, 4.5, 9 ],
			"faces": {
				"down": { "uv": [ 0, 9, 0, 8 ], "texture": "#texture" },
				"up": { "uv": [ 16, 8, 16, 9 ], "texture": "#texture" },
				"north": { "uv": [ 0, 11.5, 0, 14.5 ], "texture": "#texture" },
				"south": { "uv": [ 16, 11.5, 16, 14.5 ], "texture": "#texture" },
				"west": { "uv": [ 8, 11.5, 9, 14.5 ], "texture": "#texture" },
				"east": { "uv": [ 7, 11.5, 8, 14.5 ], "texture": "#texture" }
			}
		},
		{
			"__comment": "Element",
			"from": [ 19, 0, 8 ],
			"to": [ 20, 1.5, 9 ],
			"faces": {
				"down": { "uv": [ 0, 9, 0, 8 ], "texture": "#texture" },
				"up": { "uv": [ 16, 8, 16, 9 ], "texture": "#texture" },
				"north": { "uv": [ 0, 14.5, 0, 16 ], "texture": "#texture" },
				"south": { "uv": [ 16, 14.5, 16, 16 ], "texture": "#texture" },
				"west": { "uv": [ 8, 14.5, 9, 16 ], "texture": "#texture" },
				"east": { "uv": [ 7, 14.5, 8, 16 ], "texture": "#texture" }
			}
		},
		{
			"__comment": "Element",
			"from": [ 20.5, 4.5, 7.5 ],
			"to": [ 21.5, 6.5, 9.5 ],
			"faces": {
				"down": { "uv": [ 0, 9.5, 0, 7.5 ], "texture": "#texture" },
				"up": { "uv": [ 16, 7.5, 16, 9.5 ], "texture": "#particle" },
				"north": { "uv": [ 0, 9.5, 0, 11.5 ], "texture": "#particle" },
				"south": { "uv": [ 16, 9.5, 16, 11.5 ], "texture": "#particle" },
				"west": { "uv": [ 7.5, 9.5, 9.5, 11.5 ], "texture": "#particle" },
				"east": { "uv": [ 6.5, 9.5, 8.5, 11.5 ], "texture": "#particle" }
			}
		},
		{
			"__comment": "Element",
			"from": [ 21.5, 4.5, 7.5 ],
			"to": [ 22, 6, 9.5 ],
			"faces": {
				"down": { "uv": [ 0, 9.5, 0, 7.5 ], "texture": "#texture" },
				"up": { "uv": [ 16, 7.5, 16, 9.5 ], "texture": "#texture" },
				"north": { "uv": [ 0, 10, 0, 11.5 ], "texture": "#texture" },
				"south": { "uv": [ 16, 10, 16, 11.5 ], "texture": "#texture" },
				"west": { "uv": [ 7.5, 10, 9.5, 11.5 ], "texture": "#texture" },
				"east": { "uv": [ 6.5, 10, 8.5, 11.5 ], "texture": "#texture" }
			}
		},
		{
			"__comment": "Element",
			"from": [ 22, 1, 8 ],
			"to": [ 23, 6, 9 ],
			"faces": {
				"down": { "uv": [ 0, 9, 0, 8 ], "texture": "#texture" },
				"up": { "uv": [ 16, 8, 16, 9 ], "texture": "#texture" },
				"north": { "uv": [ 0, 10, 0, 15 ], "texture": "#texture" },
				"south": { "uv": [ 16, 10, 16, 15 ], "texture": "#texture" },
				"west": { "uv": [ 8, 10, 9, 15 ], "texture": "#texture" },
				"east": { "uv": [ 7, 10, 8, 15 ], "texture": "#texture" }
			}
		},
		{
			"__comment": "Element",
			"from": [ -3, 5, 8 ],
			"to": [ -2, 6, 9 ],
			"faces": {
				"down": { "uv": [ 16, 9, 16, 8 ], "texture": "#texture" },
				"up": { "uv": [ 0, 8, 0, 9 ], "texture": "#texture" },
				"north": { "uv": [ 16, 10, 16, 11 ], "texture": "#texture" },
				"south": { "uv": [ 0, 10, 0, 11 ], "texture": "#texture" },
				"west": { "uv": [ 8, 10, 9, 11 ], "texture": "#texture" },
				"east": { "uv": [ 7, 10, 8, 11 ], "texture": "#texture" }
			}
		},
		{
			"__comment": "Element",
			"from": [ 18.5, 7, 8 ],
			"to": [ 20, 8, 9 ],
			"faces": {
				"down": { "uv": [ 0, 9, 0, 8 ], "texture": "#texture" },
				"up": { "uv": [ 16, 8, 16, 9 ], "texture": "#texture" },
				"north": { "uv": [ 0, 8, 0, 9 ], "texture": "#texture" },
				"south": { "uv": [ 16, 8, 16, 9 ], "texture": "#texture" },
				"west": { "uv": [ 8, 8, 9, 9 ], "texture": "#texture" },
				"east": { "uv": [ 7, 8, 8, 9 ], "texture": "#texture" }
			}
		},
		{
			"__comment": "Element",
			"from": [ 20, 7, 8 ],
			"to": [ 20.5, 7.5, 9 ],
			"faces": {
				"down": { "uv": [ 0, 9, 0, 8 ], "texture": "#texture" },
				"up": { "uv": [ 16, 8, 16, 9 ], "texture": "#texture" },
				"north": { "uv": [ 0, 8.5, 0, 9 ], "texture": "#texture" },
				"south": { "uv": [ 16, 8.5, 16, 9 ], "texture": "#texture" },
				"west": { "uv": [ 8, 8.5, 9, 9 ], "texture": "#texture" },
				"east": { "uv": [ 7, 8.5, 8, 9 ], "texture": "#texture" }
			}
		},
		{
			"__comment": "Element",
			"from": [ 23, 4, 7.5 ],
			"to": [ 24, 6, 9.5 ],
			"faces": {
				"down": { "uv": [ 0, 9.5, 0, 7.5 ], "texture": "#texture" },
				"up": { "uv": [ 16, 7.5, 16, 9.5 ], "texture": "#texture" },
				"north": { "uv": [ 0, 10, 0, 12 ], "texture": "#texture" },
				"south": { "uv": [ 16, 10, 16, 12 ], "texture": "#texture" },
				"west": { "uv": [ 7.5, 10, 9.5, 12 ], "texture": "#texture" },
				"east": { "uv": [ 6.5, 10, 8.5, 12 ], "texture": "#texture" }
			}
		},
		{
			"__comment": "Element",
			"from": [ 4.5, 7, 8 ],
			"to": [ 5, 8, 9 ],
			"faces": {
				"down": { "uv": [ 11.5, 9, 11, 8 ], "texture": "#texture" },
				"up": { "uv": [ 4.5, 8, 5, 9 ], "texture": "#texture" },
				"north": { "uv": [ 11, 8, 11.5, 9 ], "texture": "#texture" },
				"south": { "uv": [ 4.5, 8, 5, 9 ], "texture": "#texture" },
				"west": { "uv": [ 8, 8, 9, 9 ], "texture": "#texture" },
				"east": { "uv": [ 7, 8, 8, 9 ], "texture": "#texture" }
			}
		},
		{
			"__comment": "Element",
			"from": [ 5, 7, 8 ],
			"to": [ 5.5, 7.5, 9 ],
			"faces": {
				"down": { "uv": [ 11, 9, 10.5, 8 ], "texture": "#texture" },
				"up": { "uv": [ 5, 8, 5.5, 9 ], "texture": "#texture" },
				"north": { "uv": [ 10.5, 8.5, 11, 9 ], "texture": "#texture" },
				"south": { "uv": [ 5, 8.5, 5.5, 9 ], "texture": "#texture" },
				"west": { "uv": [ 8, 8.5, 9, 9 ], "texture": "#texture" },
				"east": { "uv": [ 7, 8.5, 8, 9 ], "texture": "#texture" }
			}
		}
	],
	"display": {
		"thirdperson_righthand": {
			"rotation":  [ 0, -90, 0 ],
			"translation":  [ -0.19, 2.65, -5.29 ],
			"scale":  [ 0.7, 0.7, 0.7 ]
		},
		"thirdperson_lefthand": {
			"rotation":  [ 0, 90, 0 ],
			"translation":  [ 0.38, 2.65, -4.72 ],
			"scale":  [ 0.7, 0.7, 0.7 ]
		},
		"firstperson_righthand": {
			"rotation":  [ 0, -105, 0 ],
			"translation":  [ 0.56, 4.8556, -3.478 ]
		},
		"firstperson_lefthand": {
			"rotation":  [ 0, 71, 0 ],
			"translation":  [ 0.56, 4.16, -5.67 ]
		},
		"gui": {
			"rotation":  [ 0, 0, -40 ],
			"translation":  [ 0.19, 1.7, 0.57 ],
			"scale":  [ 0.6, 0.6, 0.6 ]
		},
		"ground": {
			"translation":  [ 0, 8.31, 0 ],
			"scale":  [ 0.8, 0.8, 0.8 ]
		}
	}
}