{
	"__comment": "Designed by MoTy with BDcraft Cubik PRO 0.96 Beta - http://bdcraft.net",
	"textures": {
		"particle": "nubx/nulls_dark_brown",
		"texture": "nubx/nulls_light_black"
	},
	"elements": [ 	 
		{
			"__comment": "Element",
			"from": [ -7.5, 5, 8 ],
			"to": [ 16.5, 6, 9.5 ],
			"faces": {
				"down": { "uv": [ 16, 9.5, 12, 7.5 ], "texture": "#texture" },
				"up": { "uv": [ 0, 7.5, 4, 9.5 ], "texture": "#texture" },
				"north": { "uv": [ 12, 9, 16, 10 ], "texture": "#texture" },
				"south": { "uv": [ 0, 9, 4, 10 ], "texture": "#texture" },
				"west": { "uv": [ 7.5, 9, 9.5, 10 ], "texture": "#texture" },
				"east": { "uv": [ 6.5, 9, 8.5, 10 ], "texture": "#texture" }
			}
		},
		{
			"__comment": "Element",
			"from": [ 3, 4.5, 8 ],
			"to": [ 12, 5.5, 9.5 ],
			"faces": {
				"down": { "uv": [ 16, 9.5, 12, 7.5 ], "texture": "#particle" },
				"up": { "uv": [ 0, 7.5, 4, 9.5 ], "texture": "#particle" },
				"north": { "uv": [ 12, 10.5, 16, 11.5 ], "texture": "#particle" },
				"south": { "uv": [ 0, 10.5, 4, 11.5 ], "texture": "#particle" },
				"west": { "uv": [ 7.5, 10.5, 9.5, 11.5 ], "texture": "#particle" },
				"east": { "uv": [ 6.5, 10.5, 8.5, 11.5 ], "texture": "#particle" }
			}
		},
		{
			"__comment": "Element",
			"from": [ 15, 4.5, 8 ],
			"to": [ 18, 5.5, 9.5 ],
			"faces": {
				"down": { "uv": [ 12, 10, 4.5, 7 ], "texture": "#particle" },
				"up": { "uv": [ 4, 7, 11.5, 10 ], "texture": "#particle" },
				"north": { "uv": [ 4.5, 9, 12, 12 ], "texture": "#particle" },
				"south": { "uv": [ 4, 9, 11.5, 12 ], "texture": "#particle" },
				"west": { "uv": [ 7, 9, 10, 12 ], "texture": "#particle" },
				"east": { "uv": [ 6, 9, 9, 12 ], "texture": "#particle" }
			}
		},
		{
			"__comment": "particle",
			"from": [ 12, 4.5625, 7.5 ],
			"to": [ 16, 6.0625, 10 ],
			"faces": {
				"down": { "uv": [ 4.5, 9.5, 0, 7.5 ], "texture": "#texture" },
				"up": { "uv": [ 11.5, 7.5, 16, 9.5 ], "texture": "#texture" },
				"north": { "uv": [ 0, 9, 4.5, 11.5 ], "texture": "#texture" },
				"south": { "uv": [ 11.5, 9, 16, 11.5 ], "texture": "#texture" },
				"west": { "uv": [ 7.5, 9, 9.5, 11.5 ], "texture": "#texture" },
				"east": { "uv": [ 6.5, 9, 8.5, 11.5 ], "texture": "#texture" }
			}
		},
		{
			"__comment": "Element",
			"from": [ 12, 3.625, 8.5 ],
			"to": [ 12.5, 5, 9.5 ],
			"faces": {
				"down": { "uv": [ 0, 9, 0, 8 ], "texture": "#texture" },
				"up": { "uv": [ 16, 8, 16, 9 ], "texture": "#texture" },
				"north": { "uv": [ 0, 11.5, 0, 12.5 ], "texture": "#texture" },
				"south": { "uv": [ 16, 11.5, 16, 12.5 ], "texture": "#texture" },
				"west": { "uv": [ 8, 11.5, 9, 12.5 ], "texture": "#texture" },
				"east": { "uv": [ 7, 11.5, 8, 12.5 ], "texture": "#texture" }
			}
		},
		{
			"__comment": "Element",
			"from": [ 12, 3.5, 8.5 ],
			"to": [ 13, 4, 9.5 ],
			"faces": {
				"down": { "uv": [ 0, 9, 0, 8 ], "texture": "#texture" },
				"up": { "uv": [ 16, 8, 16, 9 ], "texture": "#texture" },
				"north": { "uv": [ 0, 12, 0, 12.5 ], "texture": "#texture" },
				"south": { "uv": [ 16, 12, 16, 12.5 ], "texture": "#texture" },
				"west": { "uv": [ 8, 12, 9, 12.5 ], "texture": "#texture" },
				"east": { "uv": [ 7, 12, 8, 12.5 ], "texture": "#texture" }
			}
		},
		{
			"__comment": "Element",
			"from": [ 14, 3.3125, 8.5 ],
			"to": [ 14.5, 5, 9.5 ],
			"faces": {
				"down": { "uv": [ 0, 9, 0, 8 ], "texture": "#texture" },
				"up": { "uv": [ 16, 8, 16, 9 ], "texture": "#texture" },
				"north": { "uv": [ 0, 11.5, 0, 15.5 ], "texture": "#texture" },
				"south": { "uv": [ 16, 11.5, 16, 15.5 ], "texture": "#texture" },
				"west": { "uv": [ 8, 11.5, 9, 15.5 ], "texture": "#texture" },
				"east": { "uv": [ 7, 11.5, 8, 15.5 ], "texture": "#texture" }
			}
		},
		{
			"__comment": "Element",
			"from": [ 17.5, 3.5, 8 ],
			"to": [ 19, 5, 9.5 ],
			"faces": {
				"down": { "uv": [ 0, 9, 0, 8 ], "texture": "#particle" },
				"up": { "uv": [ 16, 8, 16, 9 ], "texture": "#particle" },
				"north": { "uv": [ 0, 11, 0, 12.5 ], "texture": "#particle" },
				"south": { "uv": [ 16, 11, 16, 12.5 ], "texture": "#particle" },
				"west": { "uv": [ 8, 11, 9, 12.5 ], "texture": "#particle" },
				"east": { "uv": [ 7, 11, 8, 12.5 ], "texture": "#particle" }
			}
		},
		{
			"__comment": "Element",
			"from": [ 18, 3, 8 ],
			"to": [ 19.5, 4.5, 9.5 ],
			"faces": {
				"down": { "uv": [ 0, 9, 0, 8 ], "texture": "#particle" },
				"up": { "uv": [ 16, 8, 16, 9 ], "texture": "#particle" },
				"north": { "uv": [ 0, 11.5, 0, 13 ], "texture": "#particle" },
				"south": { "uv": [ 16, 11.5, 16, 13 ], "texture": "#particle" },
				"west": { "uv": [ 8, 11.5, 9, 13 ], "texture": "#particle" },
				"east": { "uv": [ 7, 11.5, 8, 13 ], "texture": "#particle" }
			}
		},
		{
			"__comment": "Element",
			"from": [ 12.5, 3, 8.5 ],
			"to": [ 14.5, 3.5, 9.5 ],
			"faces": {
				"down": { "uv": [ 3.5, 9, 1.5, 8 ], "texture": "#texture" },
				"up": { "uv": [ 12.5, 8, 14.5, 9 ], "texture": "#texture" },
				"north": { "uv": [ 1.5, 12.5, 3.5, 13 ], "texture": "#texture" },
				"south": { "uv": [ 12.5, 12.5, 14.5, 13 ], "texture": "#texture" },
				"west": { "uv": [ 8, 12.5, 9, 13 ], "texture": "#texture" },
				"east": { "uv": [ 7, 12.5, 8, 13 ], "texture": "#texture" }
			}
		},
		{
			"__comment": "Element",
			"from": [ 13.5, 3.9375, 8.5 ],
			"to": [ 14, 5, 9.5 ],
			"faces": {
				"down": { "uv": [ 2.5, 9, 2, 8 ], "texture": "#texture" },
				"up": { "uv": [ 13.5, 8, 14, 9 ], "texture": "#texture" },
				"north": { "uv": [ 2, 11.5, 2.5, 12 ], "texture": "#texture" },
				"south": { "uv": [ 13.5, 11.5, 14, 12 ], "texture": "#texture" },
				"west": { "uv": [ 8, 11.5, 9, 12 ], "texture": "#texture" },
				"east": { "uv": [ 7, 11.5, 8, 12 ], "texture": "#texture" }
			}
		},
		{
			"__comment": "Element",
			"from": [ 19, 2.5, 8 ],
			"to": [ 26, 4.5, 9.5 ],
			"faces": {
				"down": { "uv": [ 0, 9, 0, 8 ], "texture": "#particle" },
				"up": { "uv": [ 16, 8, 16, 9 ], "texture": "#particle" },
				"north": { "uv": [ 0, 11.5, 0, 13.5 ], "texture": "#particle" },
				"south": { "uv": [ 16, 11.5, 16, 13.5 ], "texture": "#particle" },
				"west": { "uv": [ 8, 11.5, 9, 13.5 ], "texture": "#particle" },
				"east": { "uv": [ 7, 11.5, 8, 13.5 ], "texture": "#particle" }
			}
		},
		{
			"__comment": "Element",
			"from": [ 2.5, 4.6875, 8 ],
			"to": [ 3, 5.5, 9 ],
			"faces": {
				"down": { "uv": [ 13.5, 9, 13, 8 ], "texture": "#particle" },
				"up": { "uv": [ 2.5, 8, 3, 9 ], "texture": "#particle" },
				"north": { "uv": [ 13, 10.5, 13.5, 11 ], "texture": "#particle" },
				"south": { "uv": [ 2.5, 10.5, 3, 11 ], "texture": "#particle" },
				"west": { "uv": [ 8, 10.5, 9, 11 ], "texture": "#particle" },
				"east": { "uv": [ 7, 10.5, 8, 11 ], "texture": "#particle" }
			}
		},
		{
			"__comment": "Element",
			"from": [ 22, 4.5, 8 ],
			"to": [ 27.5, 5, 9.5 ],
			"faces": {
				"down": { "uv": [ 0, 9, 0, 8 ], "texture": "#particle" },
				"up": { "uv": [ 16, 8, 16, 9 ], "texture": "#particle" },
				"north": { "uv": [ 0, 11, 0, 11.5 ], "texture": "#particle" },
				"south": { "uv": [ 16, 11, 16, 11.5 ], "texture": "#particle" },
				"west": { "uv": [ 8, 11, 9, 11.5 ], "texture": "#particle" },
				"east": { "uv": [ 7, 11, 8, 11.5 ], "texture": "#particle" }
			}
		},
		{
			"__comment": "Element",
			"from": [ 21.5, 2, 8 ],
			"to": [ 26.5, 2.5, 9.5 ],
			"faces": {
				"down": { "uv": [ 0, 9, 0, 8 ], "texture": "#particle" },
				"up": { "uv": [ 16, 8, 16, 9 ], "texture": "#particle" },
				"north": { "uv": [ 0, 13.5, 0, 14 ], "texture": "#particle" },
				"south": { "uv": [ 16, 13.5, 16, 14 ], "texture": "#particle" },
				"west": { "uv": [ 8, 13.5, 9, 14 ], "texture": "#particle" },
				"east": { "uv": [ 7, 13.5, 8, 14 ], "texture": "#particle" }
			}
		},
		{
			"__comment": "Element",
			"from": [ 26, 2.5, 8 ],
			"to": [ 26.5, 5, 9.5 ],
			"faces": {
				"down": { "uv": [ 0, 9, 0, 8 ], "texture": "#particle" },
				"up": { "uv": [ 16, 8, 16, 9 ], "texture": "#particle" },
				"north": { "uv": [ 0, 11, 0, 13.5 ], "texture": "#particle" },
				"south": { "uv": [ 16, 11, 16, 13.5 ], "texture": "#particle" },
				"west": { "uv": [ 8, 11, 9, 13.5 ], "texture": "#particle" },
				"east": { "uv": [ 7, 11, 8, 13.5 ], "texture": "#particle" }
			}
		},
		{
			"__comment": "Element",
			"from": [ 22, 1.5, 8 ],
			"to": [ 26.5, 2, 9.5 ],
			"faces": {
				"down": { "uv": [ 0, 9, 0, 8 ], "texture": "#particle" },
				"up": { "uv": [ 16, 8, 16, 9 ], "texture": "#particle" },
				"north": { "uv": [ 0, 14, 0, 14.5 ], "texture": "#particle" },
				"south": { "uv": [ 16, 14, 16, 14.5 ], "texture": "#particle" },
				"west": { "uv": [ 8, 14, 9, 14.5 ], "texture": "#particle" },
				"east": { "uv": [ 7, 14, 8, 14.5 ], "texture": "#particle" }
			}
		},
		{
			"__comment": "Element",
			"from": [ 22.5, 1, 8 ],
			"to": [ 26.5, 1.5, 9.5 ],
			"faces": {
				"down": { "uv": [ 0, 9, 0, 8 ], "texture": "#particle" },
				"up": { "uv": [ 16, 8, 16, 9 ], "texture": "#particle" },
				"north": { "uv": [ 0, 14.5, 0, 15 ], "texture": "#particle" },
				"south": { "uv": [ 16, 14.5, 16, 15 ], "texture": "#particle" },
				"west": { "uv": [ 8, 14.5, 9, 15 ], "texture": "#particle" },
				"east": { "uv": [ 7, 14.5, 8, 15 ], "texture": "#particle" }
			}
		},
		{
			"__comment": "Element",
			"from": [ 26.5, 4, 8 ],
			"to": [ 27, 4.5, 9.5 ],
			"faces": {
				"down": { "uv": [ 0, 9, 0, 8 ], "texture": "#particle" },
				"up": { "uv": [ 16, 8, 16, 9 ], "texture": "#particle" },
				"north": { "uv": [ 0, 11.5, 0, 12 ], "texture": "#particle" },
				"south": { "uv": [ 16, 11.5, 16, 12 ], "texture": "#particle" },
				"west": { "uv": [ 8, 11.5, 9, 12 ], "texture": "#particle" },
				"east": { "uv": [ 7, 11.5, 8, 12 ], "texture": "#particle" }
			}
		},
		{
			"__comment": "Element",
			"from": [ 23, 0.5, 8 ],
			"to": [ 27.5, 1, 9.5 ],
			"faces": {
				"down": { "uv": [ 0, 9, 0, 8 ], "texture": "#texture" },
				"up": { "uv": [ 16, 8, 16, 9 ], "texture": "#texture" },
				"north": { "uv": [ 0, 15, 0, 15.5 ], "texture": "#texture" },
				"south": { "uv": [ 16, 15, 16, 15.5 ], "texture": "#texture" },
				"west": { "uv": [ 8, 15, 9, 15.5 ], "texture": "#texture" },
				"east": { "uv": [ 7, 15, 8, 15.5 ], "texture": "#texture" }
			}
		},
		{
			"__comment": "Element",
			"from": [ 26.5, 1, 8 ],
			"to": [ 27, 1.5, 9.5 ],
			"faces": {
				"down": { "uv": [ 0, 9, 0, 8 ], "texture": "#particle" },
				"up": { "uv": [ 16, 8, 16, 9 ], "texture": "#particle" },
				"north": { "uv": [ 0, 14.5, 0, 15 ], "texture": "#particle" },
				"south": { "uv": [ 16, 14.5, 16, 15 ], "texture": "#particle" },
				"west": { "uv": [ 8, 14.5, 9, 15 ], "texture": "#particle" },
				"east": { "uv": [ 7, 14.5, 8, 15 ], "texture": "#particle" }
			}
		},
		{
			"__comment": "Element",
			"from": [ 15.5, 5.5, 8 ],
			"to": [ 16, 6, 9 ],
			"faces": {
				"down": { "uv": [ 0.5, 9, 0, 8 ], "texture": "#texture" },
				"up": { "uv": [ 15.5, 8, 16, 9 ], "texture": "#texture" },
				"north": { "uv": [ 0, 10, 0.5, 10.5 ], "texture": "#texture" },
				"south": { "uv": [ 15.5, 10, 16, 10.5 ], "texture": "#texture" },
				"west": { "uv": [ 8, 10, 9, 10.5 ], "texture": "#texture" },
				"east": { "uv": [ 7, 10, 8, 10.5 ], "texture": "#texture" }
			}
		},
		{
			"__comment": "Element",
			"from": [ -4.1875, 4.625, 8 ],
			"to": [ -3.6875, 5.8125, 9 ],
			"faces": {
				"down": { "uv": [ 16, 9, 16, 8 ], "texture": "#texture" },
				"up": { "uv": [ 0, 8, 0, 9 ], "texture": "#texture" },
				"north": { "uv": [ 16, 10.1875, 16, 11.375 ], "texture": "#texture" },
				"south": { "uv": [ 0, 10.1875, 0, 11.375 ], "texture": "#texture" },
				"west": { "uv": [ 8, 10.1875, 9, 11.375 ], "texture": "#texture" },
				"east": { "uv": [ 7, 10.1875, 8, 11.375 ], "texture": "#texture" }
			}
		}
	],
	"display": {
		"thirdperson_righthand": {
			"rotation":  [ 0, -90, 0 ],
			"translation":  [ -0.19, 2.65, -5.29 ],
			"scale":  [ 0.7, 0.7, 0.7 ]
		},
		"thirdperson_lefthand": {
			"rotation":  [ 0, 90, 0 ],
			"translation":  [ 0.38, 2.65, -4.72 ],
			"scale":  [ 0.7, 0.7, 0.7 ]
		},
		"firstperson_righthand": {
			"rotation":  [ 0, -105, 0 ],
			"translation":  [ -0.135, 7.6382, -1.496 ]
		},
		"firstperson_lefthand": {
			"rotation":  [ 0, 71, 0 ],
			"translation":  [ 0.56, 4.16, -5.67 ]
		},
		"gui": {
			"rotation":  [ 0, 0, -40 ],
			"translation":  [ 0.19, 3.0913, 0 ],
			"scale":  [ 0.5, 0.6, 0.5 ]
		},
		"ground": {
			"translation":  [ 0, 8.31, 0 ],
			"scale":  [ 0.8, 0.8, 0.8 ]
		}
	}
}