{
"__comment": "Designed by MoTy with BDcraft Cubik PRO 0.96 Beta - http://bdcraft.net",
"textures": {
    "particle": "nubx/nulls_dark_brown",
    "texture": "nubx/nulls_light_black"
},
"elements": [ 
{
    "from": [ -5, 6, 7.5 ],
    "to": [ 4, 7, 9.5 ],
    "faces": {
        "down":  { "uv": [ 16, 9.5, 12, 7.5 ], "texture": "#texture" },
        "up":    { "uv": [ 0, 7.5, 4, 9.5 ], "texture": "#texture" },
        "north": { "uv": [ 12, 9, 16, 10 ], "texture": "#texture" },
        "south": { "uv": [ 0, 9, 4, 10 ], "texture": "#texture" },
        "west":  { "uv": [ 7.5, 9, 9.5, 10 ], "texture": "#texture" },
        "east":  { "uv": [ 6.5, 9, 8.5, 10 ], "texture": "#texture" }
    }
},
{
    "from": [ -4.5, 4.5, 7.5 ],
    "to": [ 4, 5.5, 9.5 ],
    "faces": {
        "down":  { "uv": [ 16, 9.5, 12, 7.5 ], "texture": "#texture" },
        "up":    { "uv": [ 0, 7.5, 4, 9.5 ], "texture": "#texture" },
        "north": { "uv": [ 12, 10.5, 16, 11.5 ], "texture": "#texture" },
        "south": { "uv": [ 0, 10.5, 4, 11.5 ], "texture": "#texture" },
        "west":  { "uv": [ 7.5, 10.5, 9.5, 11.5 ], "texture": "#texture" },
        "east":  { "uv": [ 6.5, 10.5, 8.5, 11.5 ], "texture": "#texture" }
    }
},
{
    "from": [ 4, 4, 7 ],
    "to": [ 13, 7, 10 ],
    "faces": {
        "down":  { "uv": [ 12, 10, 4.5, 7 ], "texture": "#texture" },
        "up":    { "uv": [ 4, 7, 11.5, 10 ], "texture": "#texture" },
        "north": { "uv": [ 4.5, 9, 12, 12 ], "texture": "#texture" },
        "south": { "uv": [ 4, 9, 11.5, 12 ], "texture": "#texture" },
        "west":  { "uv": [ 7, 9, 10, 12 ], "texture": "#texture" },
        "east":  { "uv": [ 6, 9, 9, 12 ], "texture": "#texture" }
    }
},
{
    "__comment": "particle",
    "from": [ 14, 4.5, 7.5 ],
    "to": [ 22.5, 7, 9.5 ],
    "faces": {
        "down":  { "uv": [ 4.5, 9.5, 0, 7.5 ], "texture": "#texture" },
        "up":    { "uv": [ 11.5, 7.5, 16, 9.5 ], "texture": "#texture" },
        "north": { "uv": [ 0, 9, 4.5, 11.5 ], "texture": "#texture" },
        "south": { "uv": [ 11.5, 9, 16, 11.5 ], "texture": "#texture" },
        "west":  { "uv": [ 7.5, 9, 9.5, 11.5 ], "texture": "#texture" },
        "east":  { "uv": [ 6.5, 9, 8.5, 11.5 ], "texture": "#texture" }
    }
},
{
    "from": [ 5, 6, 10 ],
    "to": [ 10.5, 7, 10.5 ],
    "faces": {
        "down":  { "uv": [ 11, 10.5, 5.5, 10 ], "texture": "#texture" },
        "up":    { "uv": [ 5, 10, 10.5, 10.5 ], "texture": "#texture" },
        "north": { "uv": [ 5.5, 9, 11, 10 ], "texture": "#texture" },
        "south": { "uv": [ 5, 9, 10.5, 10 ], "texture": "#texture" },
        "west":  { "uv": [ 10, 9, 10.5, 10 ], "texture": "#texture" },
        "east":  { "uv": [ 5.5, 9, 6, 10 ], "texture": "#texture" }
    }
},
{
    "from": [ 16, 3.5, 8 ],
    "to": [ 16.5, 4.5, 9 ],
    "faces": {
        "down":  { "uv": [ 0, 9, 0, 8 ], "texture": "#texture" },
        "up":    { "uv": [ 16, 8, 16, 9 ], "texture": "#texture" },
        "north": { "uv": [ 0, 11.5, 0, 12.5 ], "texture": "#texture" },
        "south": { "uv": [ 16, 11.5, 16, 12.5 ], "texture": "#texture" },
        "west":  { "uv": [ 8, 11.5, 9, 12.5 ], "texture": "#texture" },
        "east":  { "uv": [ 7, 11.5, 8, 12.5 ], "texture": "#texture" }
    }
},
{
    "from": [ 16.5, 3.5, 8 ],
    "to": [ 18, 4, 9 ],
    "faces": {
        "down":  { "uv": [ 0, 9, 0, 8 ], "texture": "#texture" },
        "up":    { "uv": [ 16, 8, 16, 9 ], "texture": "#texture" },
        "north": { "uv": [ 0, 12, 0, 12.5 ], "texture": "#texture" },
        "south": { "uv": [ 16, 12, 16, 12.5 ], "texture": "#texture" },
        "west":  { "uv": [ 8, 12, 9, 12.5 ], "texture": "#texture" },
        "east":  { "uv": [ 7, 12, 8, 12.5 ], "texture": "#texture" }
    }
},
{
    "from": [ 18, 0.5, 8 ],
    "to": [ 19, 4.5, 9 ],
    "faces": {
        "down":  { "uv": [ 0, 9, 0, 8 ], "texture": "#texture" },
        "up":    { "uv": [ 16, 8, 16, 9 ], "texture": "#texture" },
        "north": { "uv": [ 0, 11.5, 0, 15.5 ], "texture": "#texture" },
        "south": { "uv": [ 16, 11.5, 16, 15.5 ], "texture": "#texture" },
        "west":  { "uv": [ 8, 11.5, 9, 15.5 ], "texture": "#texture" },
        "east":  { "uv": [ 7, 11.5, 8, 15.5 ], "texture": "#texture" }
    }
},
{
    "from": [ 19, 1.5, 8 ],
    "to": [ 20, 4.5, 9 ],
    "faces": {
        "down":  { "uv": [ 0, 9, 0, 8 ], "texture": "#texture" },
        "up":    { "uv": [ 16, 8, 16, 9 ], "texture": "#texture" },
        "north": { "uv": [ 0, 11.5, 0, 14.5 ], "texture": "#texture" },
        "south": { "uv": [ 16, 11.5, 16, 14.5 ], "texture": "#texture" },
        "west":  { "uv": [ 8, 11.5, 9, 14.5 ], "texture": "#texture" },
        "east":  { "uv": [ 7, 11.5, 8, 14.5 ], "texture": "#texture" }
    }
},
{
    "from": [ 19, 0, 8 ],
    "to": [ 20, 1.5, 9 ],
    "faces": {
        "down":  { "uv": [ 0, 9, 0, 8 ], "texture": "#texture" },
        "up":    { "uv": [ 16, 8, 16, 9 ], "texture": "#texture" },
        "north": { "uv": [ 0, 14.5, 0, 16 ], "texture": "#texture" },
        "south": { "uv": [ 16, 14.5, 16, 16 ], "texture": "#texture" },
        "west":  { "uv": [ 8, 14.5, 9, 16 ], "texture": "#texture" },
        "east":  { "uv": [ 7, 14.5, 8, 16 ], "texture": "#texture" }
    }
},
{
    "from": [ 22.5, 4.5, 7.5 ],
    "to": [ 23, 6.5, 9.5 ],
    "faces": {
        "down":  { "uv": [ 0, 9.5, 0, 7.5 ], "texture": "#texture" },
        "up":    { "uv": [ 16, 7.5, 16, 9.5 ], "texture": "#texture" },
        "north": { "uv": [ 0, 9.5, 0, 11.5 ], "texture": "#texture" },
        "south": { "uv": [ 16, 9.5, 16, 11.5 ], "texture": "#texture" },
        "west":  { "uv": [ 7.5, 9.5, 9.5, 11.5 ], "texture": "#texture" },
        "east":  { "uv": [ 6.5, 9.5, 8.5, 11.5 ], "texture": "#texture" }
    }
},
{
    "from": [ 23, 4.5, 7.5 ],
    "to": [ 23.5, 6, 9.5 ],
    "faces": {
        "down":  { "uv": [ 0, 9.5, 0, 7.5 ], "texture": "#texture" },
        "up":    { "uv": [ 16, 7.5, 16, 9.5 ], "texture": "#texture" },
        "north": { "uv": [ 0, 10, 0, 11.5 ], "texture": "#texture" },
        "south": { "uv": [ 16, 10, 16, 11.5 ], "texture": "#texture" },
        "west":  { "uv": [ 7.5, 10, 9.5, 11.5 ], "texture": "#texture" },
        "east":  { "uv": [ 6.5, 10, 8.5, 11.5 ], "texture": "#texture" }
    }
},
{
    "from": [ 10, 7, 8 ],
    "to": [ 20, 8, 9 ],
    "faces": {
        "down":  { "uv": [ 0, 9, 0, 8 ], "texture": "#texture" },
        "up":    { "uv": [ 16, 8, 16, 9 ], "texture": "#texture" },
        "north": { "uv": [ 0, 8, 0, 9 ], "texture": "#texture" },
        "south": { "uv": [ 16, 8, 16, 9 ], "texture": "#texture" },
        "west":  { "uv": [ 8, 8, 9, 9 ], "texture": "#texture" },
        "east":  { "uv": [ 7, 8, 8, 9 ], "texture": "#texture" }
    }
},
{
    "from": [ 20, 7, 8 ],
    "to": [ 20.5, 7.5, 9 ],
    "faces": {
        "down":  { "uv": [ 0, 9, 0, 8 ], "texture": "#texture" },
        "up":    { "uv": [ 16, 8, 16, 9 ], "texture": "#texture" },
        "north": { "uv": [ 0, 8.5, 0, 9 ], "texture": "#texture" },
        "south": { "uv": [ 16, 8.5, 16, 9 ], "texture": "#texture" },
        "west":  { "uv": [ 8, 8.5, 9, 9 ], "texture": "#texture" },
        "east":  { "uv": [ 7, 8.5, 8, 9 ], "texture": "#texture" }
    }
},
{
    "from": [ 12.5, 3.5, 7 ],
    "to": [ 13, 4.5, 10 ],
    "faces": {
        "down":  { "uv": [ 3.5, 10, 3, 7 ], "texture": "#texture" },
        "up":    { "uv": [ 12.5, 7, 13, 10 ], "texture": "#texture" },
        "north": { "uv": [ 3, 11.5, 3.5, 12.5 ], "texture": "#texture" },
        "south": { "uv": [ 12.5, 11.5, 13, 12.5 ], "texture": "#texture" },
        "west":  { "uv": [ 7, 11.5, 10, 12.5 ], "texture": "#texture" },
        "east":  { "uv": [ 6, 11.5, 9, 12.5 ], "texture": "#texture" }
    }
},
{
    "from": [ 5, 3.5, 7 ],
    "to": [ 6, 4, 10 ],
    "faces": {
        "down":  { "uv": [ 11, 10, 10, 7 ], "texture": "#texture" },
        "up":    { "uv": [ 5, 7, 6, 10 ], "texture": "#texture" },
        "north": { "uv": [ 10, 12, 11, 12.5 ], "texture": "#texture" },
        "south": { "uv": [ 5, 12, 6, 12.5 ], "texture": "#texture" },
        "west":  { "uv": [ 7, 12, 10, 12.5 ], "texture": "#texture" },
        "east":  { "uv": [ 6, 12, 9, 12.5 ], "texture": "#texture" }
    }
},
{
    "from": [ 5.5, 3, 7 ],
    "to": [ 6.5, 4, 10 ],
    "faces": {
        "down":  { "uv": [ 10.5, 10, 9.5, 7 ], "texture": "#texture" },
        "up":    { "uv": [ 5.5, 7, 6.5, 10 ], "texture": "#texture" },
        "north": { "uv": [ 9.5, 12, 10.5, 13 ], "texture": "#texture" },
        "south": { "uv": [ 5.5, 12, 6.5, 13 ], "texture": "#texture" },
        "west":  { "uv": [ 7, 12, 10, 13 ], "texture": "#texture" },
        "east":  { "uv": [ 6, 12, 9, 13 ], "texture": "#texture" }
    }
},
{
    "from": [ 6, 3.5, 7 ],
    "to": [ 7, 4.5, 10 ],
    "faces": {
        "down":  { "uv": [ 10, 10, 9, 7 ], "texture": "#texture" },
        "up":    { "uv": [ 6, 7, 7, 10 ], "texture": "#texture" },
        "north": { "uv": [ 9, 11.5, 10, 12.5 ], "texture": "#texture" },
        "south": { "uv": [ 6, 11.5, 7, 12.5 ], "texture": "#texture" },
        "west":  { "uv": [ 7, 11.5, 10, 12.5 ], "texture": "#texture" },
        "east":  { "uv": [ 6, 11.5, 9, 12.5 ], "texture": "#texture" }
    }
},
{
    "from": [ -3.5, 6.5, 8 ],
    "to": [ -3, 7.5, 9 ],
    "faces": {
        "down":  { "uv": [ 16, 9, 16, 8 ], "texture": "#texture" },
        "up":    { "uv": [ 0, 8, 0, 9 ], "texture": "#texture" },
        "north": { "uv": [ 16, 8.5, 16, 9.5 ], "texture": "#texture" },
        "south": { "uv": [ 0, 8.5, 0, 9.5 ], "texture": "#texture" },
        "west":  { "uv": [ 8, 8.5, 9, 9.5 ], "texture": "#texture" },
        "east":  { "uv": [ 7, 8.5, 8, 9.5 ], "texture": "#texture" }
    }
},
{
    "from": [ 13, 5, 7.5 ],
    "to": [ 14, 6.5, 9.5 ],
    "faces": {
        "down":  { "uv": [ 3, 9.5, 2, 7.5 ], "texture": "#texture" },
        "up":    { "uv": [ 13, 7.5, 14, 9.5 ], "texture": "#texture" },
        "north": { "uv": [ 2, 9.5, 3, 11 ], "texture": "#texture" },
        "south": { "uv": [ 13, 9.5, 14, 11 ], "texture": "#texture" },
        "west":  { "uv": [ 7.5, 9.5, 9.5, 11 ], "texture": "#texture" },
        "east":  { "uv": [ 6.5, 9.5, 8.5, 11 ], "texture": "#texture" }
    }
},
{
    "from": [ 20, 3, 8 ],
    "to": [ 21, 4, 9 ],
    "faces": {
        "down":  { "uv": [ 0, 9, 0, 8 ], "texture": "#texture" },
        "up":    { "uv": [ 16, 8, 16, 9 ], "texture": "#texture" },
        "north": { "uv": [ 0, 12, 0, 13 ], "texture": "#texture" },
        "south": { "uv": [ 16, 12, 16, 13 ], "texture": "#texture" },
        "west":  { "uv": [ 8, 12, 9, 13 ], "texture": "#texture" },
        "east":  { "uv": [ 7, 12, 8, 13 ], "texture": "#texture" }
    }
},
{
    "from": [ 20, 3.5, 8 ],
    "to": [ 21.5, 4.5, 9 ],
    "faces": {
        "down":  { "uv": [ 0, 9, 0, 8 ], "texture": "#texture" },
        "up":    { "uv": [ 16, 8, 16, 9 ], "texture": "#texture" },
        "north": { "uv": [ 0, 11.5, 0, 12.5 ], "texture": "#texture" },
        "south": { "uv": [ 16, 11.5, 16, 12.5 ], "texture": "#texture" },
        "west":  { "uv": [ 8, 11.5, 9, 12.5 ], "texture": "#texture" },
        "east":  { "uv": [ 7, 11.5, 8, 12.5 ], "texture": "#texture" }
    }
}
],
"display": {
	"thirdperson_righthand": {
		"rotation":  [ 0, -90, 0 ],
		"translation":  [ -0.19, 2.65, -5.29 ],
		"scale":  [ 0.7, 0.7, 0.7 ]
	},
	"thirdperson_lefthand": {
		"rotation":  [ 0, 90, 0 ],
		"translation":  [ 0.38, 2.65, -4.72 ],
		"scale":  [ 0.7, 0.7, 0.7 ]
	},
	"firstperson_righthand": {
		"rotation":  [ 0, -105, 0 ],
		"translation":  [ 0.56, 4.16, -5.67 ]
	},
	"firstperson_lefthand": {
		"rotation":  [ 0, 71, 0 ],
		"translation":  [ 0.56, 4.16, -5.67 ]
	},
	"gui": {
		"rotation":  [ 0, 0, -40 ],
		"translation":  [ 0.19, 1.7, 0.57 ],
		"scale":  [ 0.5, 0.5, 0.5 ]
	},
	"ground": {
		"translation":  [ 0, 5.67, 0 ]
	}
}
}