{
	"__comment": "Designed by MoTy with BDcraft Cubik PRO 0.96 Beta - http://bdcraft.net",
	"textures": {
		"particle": "blocks/wool_colored_black",
		"texture": "blocks/planks_big_oak",
		"glass": "blocks/glass"
	},
	"elements": [ 	 
		{
			"__comment": "Element",
			"from": [ 6.6, 5.6, 7.3 ],
			"to": [ 15.7, 7, 8.35 ],
			"faces": {
				"down": { "uv": [ 9.4, 8.35, 0.3000002, 7.3 ], "texture": "#particle" },
				"up": { "uv": [ 6.6, 7.3, 15.7, 8.35 ], "texture": "#particle" },
				"north": { "uv": [ 0.3, 9, 9.4, 10.4 ], "texture": "#particle" },
				"south": { "uv": [ 6.6, 9, 15.7, 10.4 ], "texture": "#particle" },
				"west": { "uv": [ 7.3, 9, 8.35, 10.4 ], "texture": "#particle" },
				"east": { "uv": [ 7.65, 9, 8.7, 10.4 ], "texture": "#particle" }
			}
		},
		{
			"__comment": "Element",
			"from": [ 6.6, 5.25, 7.3 ],
			"to": [ 11.15, 5.6, 8.35 ],
			"faces": {
				"down": { "uv": [ 9.4, 8.35, 4.85, 7.3 ], "texture": "#particle" },
				"up": { "uv": [ 6.6, 7.3, 11.15, 8.35 ], "texture": "#particle" },
				"north": { "uv": [ 4.85, 10.4, 9.4, 10.75 ], "texture": "#particle" },
				"south": { "uv": [ 6.6, 10.4, 11.15, 10.75 ], "texture": "#particle" },
				"west": { "uv": [ 7.3, 10.4, 8.35, 10.75 ], "texture": "#particle" },
				"east": { "uv": [ 7.65, 10.4, 8.7, 10.75 ], "texture": "#particle" }
			}
		},
		{
			"__comment": "Element",
			"from": [ 13.6, 5.25, 7.3 ],
			"to": [ 15.7, 5.6, 8.35 ],
			"faces": {
				"down": { "uv": [ 2.4, 8.35, 0.3, 7.3 ], "texture": "#particle" },
				"up": { "uv": [ 13.6, 7.3, 15.7, 8.35 ], "texture": "#particle" },
				"north": { "uv": [ 0.3, 10.4, 2.4, 10.75 ], "texture": "#particle" },
				"south": { "uv": [ 13.6, 10.4, 15.7, 10.75 ], "texture": "#particle" },
				"west": { "uv": [ 7.3, 10.4, 8.35, 10.75 ], "texture": "#particle" },
				"east": { "uv": [ 7.65, 10.4, 8.7, 10.75 ], "texture": "#particle" }
			}
		},
		{
			"__comment": "Element",
			"from": [ 6.6, 4.55, 7.3 ],
			"to": [ 15.7, 5.25, 8.35 ],
			"faces": {
				"down": { "uv": [ 9.4, 8.35, 0.3000002, 7.3 ], "texture": "#particle" },
				"up": { "uv": [ 6.6, 7.3, 15.7, 8.35 ], "texture": "#particle" },
				"north": { "uv": [ 0.3, 10.75, 9.4, 11.45 ], "texture": "#particle" },
				"south": { "uv": [ 6.6, 10.75, 15.7, 11.45 ], "texture": "#particle" },
				"west": { "uv": [ 7.3, 10.75, 8.35, 11.45 ], "texture": "#particle" },
				"east": { "uv": [ 7.65, 10.75, 8.7, 11.45 ], "texture": "#particle" }
			}
		},
		{
			"__comment": "Element",
			"from": [ 12.9, 3.85, 7.3 ],
			"to": [ 25.4, 4.35, 8.299999 ],
			"faces": {
				"down": { "uv": [ 13.1, 8.35, 2.95, 7.3 ], "texture": "#texture" },
				"up": { "uv": [ 2.9, 7.3, 13.05, 8.35 ], "texture": "#texture" },
				"north": { "uv": [ 2.95, 11.45, 13.1, 12.15 ], "texture": "#texture" },
				"south": { "uv": [ 2.9, 11.45, 13.05, 12.15 ], "texture": "#texture" },
				"west": { "uv": [ 7.3, 11.45, 8.35, 12.15 ], "texture": "#texture" },
				"east": { "uv": [ 7.65, 11.45, 8.7, 12.15 ], "texture": "#texture" }
			}
		},
		{
			"__comment": "Element",
			"from": [ 15.5, 4.5, 7.5 ],
			"to": [ 25.5, 7, 8 ],
			"faces": {
				"down": { "uv": [ 10.3, 8.35, 2.95, 8 ], "texture": "#particle" },
				"up": { "uv": [ 5.7, 8, 13.05, 8.35 ], "texture": "#particle" },
				"north": { "uv": [ 2.95, 9, 10.3, 11.45 ], "texture": "#particle" },
				"south": { "uv": [ 5.7, 9, 13.05, 11.45 ], "texture": "#particle" },
				"west": { "uv": [ 8, 9, 8.35, 11.45 ], "texture": "#particle" },
				"east": { "uv": [ 7.65, 9, 8, 11.45 ], "texture": "#particle" }
			}
		},
		{
			"__comment": "Element",
			"from": [ 25, 3.5, 7 ],
			"to": [ 26.05, 8.049999, 8.4 ],
			"faces": {
				"down": { "uv": [ 2.95, 8.56875, 1.9, 7.16875 ], "texture": "#particle" },
				"up": { "uv": [ 13.05, 7.16875, 14.1, 8.56875 ], "texture": "#particle" },
				"north": { "uv": [ 1.9, 8.3, 2.95, 12.85 ], "texture": "#particle" },
				"south": { "uv": [ 13.05, 8.3, 14.1, 12.85 ], "texture": "#particle" },
				"west": { "uv": [ 7.16875, 8.3, 8.56875, 12.85 ], "texture": "#particle" },
				"east": { "uv": [ 7.43125, 8.3, 8.83125, 12.85 ], "texture": "#particle" }
			}
		},
		{
			"__comment": "Element",
			"from": [ 19.55, 3.15, 7.3 ],
			"to": [ 23.05, 3.85, 8.35 ],
			"faces": {
				"down": { "uv": [ 6.45, 8.35, 2.95, 7.3 ], "texture": "#texture" },
				"up": { "uv": [ 9.55, 7.3, 13.05, 8.35 ], "texture": "#texture" },
				"north": { "uv": [ 2.95, 12.15, 6.45, 12.85 ], "texture": "#texture" },
				"south": { "uv": [ 9.55, 12.15, 13.05, 12.85 ], "texture": "#texture" },
				"west": { "uv": [ 7.3, 12.15, 8.35, 12.85 ], "texture": "#texture" },
				"east": { "uv": [ 7.65, 12.15, 8.7, 12.85 ], "texture": "#texture" }
			}
		},
		{
			"__comment": "Element",
			"from": [ 17.8, 3.5, 7.3 ],
			"to": [ 19.55, 3.85, 8.35 ],
			"faces": {
				"down": { "uv": [ 8.2, 8.35, 6.45, 7.3 ], "texture": "#texture" },
				"up": { "uv": [ 7.8, 7.3, 9.55, 8.35 ], "texture": "#texture" },
				"north": { "uv": [ 6.45, 12.15, 8.2, 12.5 ], "texture": "#texture" },
				"south": { "uv": [ 7.8, 12.15, 9.55, 12.5 ], "texture": "#texture" },
				"west": { "uv": [ 7.3, 12.15, 8.35, 12.5 ], "texture": "#texture" },
				"east": { "uv": [ 7.65, 12.15, 8.7, 12.5 ], "texture": "#texture" }
			}
		},
		{
			"__comment": "Element",
			"from": [ 15.7, 2.8, 7.3 ],
			"to": [ 16.4, 3.85, 8.35 ],
			"rotation": { "origin": [ 15.7, 3.85, 7.3 ], "axis": "z", "angle": 45 },
			"faces": {
				"down": { "uv": [ 10.3, 8.35, 9.6, 7.3 ], "texture": "#texture" },
				"up": { "uv": [ 5.7, 7.3, 6.4, 8.35 ], "texture": "#texture" },
				"north": { "uv": [ 9.6, 12.15, 10.3, 13.2 ], "texture": "#texture" },
				"south": { "uv": [ 5.7, 12.15, 6.4, 13.2 ], "texture": "#texture" },
				"west": { "uv": [ 7.3, 12.15, 8.35, 13.2 ], "texture": "#texture" },
				"east": { "uv": [ 7.65, 12.15, 8.7, 13.2 ], "texture": "#texture" }
			}
		},
		{
			"__comment": "Element",
			"from": [ 16.4, 3.15, 7.3 ],
			"to": [ 17.8, 3.85, 8.35 ],
			"faces": {
				"down": { "uv": [ 9.6, 8.35, 8.2, 7.3 ], "texture": "#texture" },
				"up": { "uv": [ 6.4, 7.3, 7.8, 8.35 ], "texture": "#texture" },
				"north": { "uv": [ 8.2, 12.15, 9.6, 12.85 ], "texture": "#texture" },
				"south": { "uv": [ 6.4, 12.15, 7.8, 12.85 ], "texture": "#texture" },
				"west": { "uv": [ 7.3, 12.15, 8.35, 12.85 ], "texture": "#texture" },
				"east": { "uv": [ 7.65, 12.15, 8.7, 12.85 ], "texture": "#texture" }
			}
		},
		{
			"__comment": "Element",
			"from": [ 16.4, 1.4, 7.3 ],
			"to": [ 17.1, 3.5, 8.35 ],
			"rotation": { "origin": [ 16.4, 3.5, 7.3 ], "axis": "z", "angle": -22.5 },
			"faces": {
				"down": { "uv": [ 9.6, 8.35, 8.9, 7.3 ], "texture": "#texture" },
				"up": { "uv": [ 6.4, 7.3, 7.1, 8.35 ], "texture": "#texture" },
				"north": { "uv": [ 8.9, 12.5, 9.6, 14.6 ], "texture": "#texture" },
				"south": { "uv": [ 6.4, 12.5, 7.1, 14.6 ], "texture": "#texture" },
				"west": { "uv": [ 7.3, 12.5, 8.35, 14.6 ], "texture": "#texture" },
				"east": { "uv": [ 7.65, 12.5, 8.7, 14.6 ], "texture": "#texture" }
			}
		},
		{
			"__comment": "Element",
			"from": [ 13.6875, 0.6562, 7.3 ],
			"to": [ 14.3875, 3.1062, 8.35 ],
			"rotation": { "origin": [ 13.6875, 3.10625, 7.3 ], "axis": "z", "angle": 22.5 },
			"faces": {
				"down": { "uv": [ 12.3125, 8.35, 11.6125, 7.3 ], "texture": "#texture" },
				"up": { "uv": [ 3.6875, 7.3, 4.3875, 8.35 ], "texture": "#texture" },
				"north": { "uv": [ 11.6125, 12.8938, 12.3125, 15.3438 ], "texture": "#texture" },
				"south": { "uv": [ 3.6875, 12.8938, 4.3875, 15.3438 ], "texture": "#texture" },
				"west": { "uv": [ 7.3, 12.8938, 8.35, 15.3438 ], "texture": "#texture" },
				"east": { "uv": [ 7.65, 12.8938, 8.7, 15.3438 ], "texture": "#texture" }
			}
		},
		{
			"__comment": "Element",
			"from": [ 12.9, 3.15, 7.3 ],
			"to": [ 14.3, 3.85, 8.35 ],
			"faces": {
				"down": { "uv": [ 13.1, 8.35, 11.7, 7.3 ], "texture": "#texture" },
				"up": { "uv": [ 2.9, 7.3, 4.3, 8.35 ], "texture": "#texture" },
				"north": { "uv": [ 11.7, 12.15, 13.1, 12.85 ], "texture": "#texture" },
				"south": { "uv": [ 2.9, 12.15, 4.3, 12.85 ], "texture": "#texture" },
				"west": { "uv": [ 7.3, 12.15, 8.35, 12.85 ], "texture": "#texture" },
				"east": { "uv": [ 7.65, 12.15, 8.7, 12.85 ], "texture": "#texture" }
			}
		},
		{
			"__comment": "Element",
			"from": [ 13.25, 0.7, 7.3 ],
			"to": [ 14.3, 3.15, 8.35 ],
			"faces": {
				"down": { "uv": [ 12.75, 8.35, 11.7, 7.3 ], "texture": "#texture" },
				"up": { "uv": [ 3.25, 7.3, 4.3, 8.35 ], "texture": "#texture" },
				"north": { "uv": [ 11.7, 12.85, 12.75, 15.3 ], "texture": "#texture" },
				"south": { "uv": [ 3.25, 12.85, 4.3, 15.3 ], "texture": "#texture" },
				"west": { "uv": [ 7.3, 12.85, 8.35, 15.3 ], "texture": "#texture" },
				"east": { "uv": [ 7.65, 12.85, 8.7, 15.3 ], "texture": "#texture" }
			}
		},
		{
			"__comment": "Element",
			"from": [ 14.0375, 0.6562, 7.3 ],
			"to": [ 14.7375, 1.3562, 8.35 ],
			"rotation": { "origin": [ 14.0375, 1.35625, 7.3 ], "axis": "z", "angle": 22.5 },
			"faces": {
				"down": { "uv": [ 11.9625, 8.35, 11.2625, 7.3 ], "texture": "#texture" },
				"up": { "uv": [ 4.0375, 7.3, 4.7375, 8.35 ], "texture": "#texture" },
				"north": { "uv": [ 11.2625, 14.6438, 11.9625, 15.3438 ], "texture": "#texture" },
				"south": { "uv": [ 4.0375, 14.6438, 4.7375, 15.3438 ], "texture": "#texture" },
				"west": { "uv": [ 7.3, 14.6438, 8.35, 15.3438 ], "texture": "#texture" },
				"east": { "uv": [ 7.65, 14.6438, 8.7, 15.3438 ], "texture": "#texture" }
			}
		},
		{
			"__comment": "Element",
			"from": [ 14.7813, 1.3125, 7.3 ],
			"to": [ 16.1812, 2.0125, 8.35 ],
			"faces": {
				"down": { "uv": [ 11.2188, 8.35, 9.81875, 7.3 ], "texture": "#texture" },
				"up": { "uv": [ 4.78125, 7.3, 6.18125, 8.35 ], "texture": "#texture" },
				"north": { "uv": [ 9.81875, 13.9875, 11.2188, 14.6875 ], "texture": "#texture" },
				"south": { "uv": [ 4.78125, 13.9875, 6.18125, 14.6875 ], "texture": "#texture" },
				"west": { "uv": [ 7.3, 13.9875, 8.35, 14.6875 ], "texture": "#texture" },
				"east": { "uv": [ 7.65, 13.9875, 8.7, 14.6875 ], "texture": "#texture" }
			}
		},
		{
			"__comment": "Element",
			"from": [ 12.55, 2.8, 7.3 ],
			"to": [ 12.9, 4.55, 8.35 ],
			"faces": {
				"down": { "uv": [ 3.45, 8.35, 3.1, 7.3 ], "texture": "#particle" },
				"up": { "uv": [ 12.55, 7.3, 12.9, 8.35 ], "texture": "#particle" },
				"north": { "uv": [ 3.1, 11.45, 3.45, 13.2 ], "texture": "#particle" },
				"south": { "uv": [ 12.55, 11.45, 12.9, 13.2 ], "texture": "#particle" },
				"west": { "uv": [ 7.3, 11.45, 8.35, 13.2 ], "texture": "#particle" },
				"east": { "uv": [ 7.65, 11.45, 8.7, 13.2 ], "texture": "#particle" }
			}
		},
		{
			"__comment": "Element",
			"from": [ 12.0303, 3.7197, 7.5 ],
			"to": [ 12.5303, 5.2197, 8 ],
			"rotation": { "origin": [ 11.5, 5, 7.5 ], "axis": "z", "angle": -22.5 },
			"faces": {
				"down": { "uv": [ 3.8875, 8, 3.5375, 7.65 ], "texture": "#particle" },
				"up": { "uv": [ 12.1125, 7.65, 12.4625, 8 ], "texture": "#particle" },
				"north": { "uv": [ 3.5375, 12.15, 3.8875, 12.85 ], "texture": "#particle" },
				"south": { "uv": [ 12.1125, 12.15, 12.4625, 12.85 ], "texture": "#particle" },
				"west": { "uv": [ 7.65, 12.15, 8, 12.85 ], "texture": "#particle" },
				"east": { "uv": [ 8, 12.15, 8.35, 12.85 ], "texture": "#particle" }
			}
		},
		{
			"__comment": "Element",
			"from": [ 10.1, 4.2, 7.3 ],
			"to": [ 12.55, 4.55, 8.35 ],
			"faces": {
				"down": { "uv": [ 5.9, 8.35, 3.45, 7.3 ], "texture": "#particle" },
				"up": { "uv": [ 10.1, 7.3, 12.55, 8.35 ], "texture": "#particle" },
				"north": { "uv": [ 3.45, 11.45, 5.9, 11.8 ], "texture": "#particle" },
				"south": { "uv": [ 10.1, 11.45, 12.55, 11.8 ], "texture": "#particle" },
				"west": { "uv": [ 7.3, 11.45, 8.35, 11.8 ], "texture": "#particle" },
				"east": { "uv": [ 7.65, 11.45, 8.7, 11.8 ], "texture": "#particle" }
			}
		},
		{
			"__comment": "Element",
			"from": [ 10.5, 2.75, 7.5 ],
			"to": [ 10.85, 4.5, 7.85 ],
			"rotation": { "origin": [ 10.5, 4.5, 7.5 ], "axis": "z", "angle": 22.5 },
			"faces": {
				"down": { "uv": [ 5.9, 8, 5.55, 7.65 ], "texture": "#particle" },
				"up": { "uv": [ 10.1, 7.65, 10.45, 8 ], "texture": "#particle" },
				"north": { "uv": [ 5.55, 11.8, 5.9, 13.55 ], "texture": "#particle" },
				"south": { "uv": [ 10.1, 11.8, 10.45, 13.55 ], "texture": "#particle" },
				"west": { "uv": [ 7.65, 11.8, 8, 13.55 ], "texture": "#particle" },
				"east": { "uv": [ 8, 11.8, 8.35, 13.55 ], "texture": "#particle" }
			}
		},
		{
			"__comment": "Element",
			"from": [ 11, 3, 7.5 ],
			"to": [ 12.75, 3.35, 7.85 ],
			"faces": {
				"down": { "uv": [ 5.2, 8, 3.45, 7.65 ], "texture": "#particle" },
				"up": { "uv": [ 10.8, 7.65, 12.55, 8 ], "texture": "#particle" },
				"north": { "uv": [ 3.45, 13.2, 5.2, 13.55 ], "texture": "#particle" },
				"south": { "uv": [ 10.8, 13.2, 12.55, 13.55 ], "texture": "#particle" },
				"west": { "uv": [ 7.65, 13.2, 8, 13.55 ], "texture": "#particle" },
				"east": { "uv": [ 8, 13.2, 8.35, 13.55 ], "texture": "#particle" }
			}
		},
		{
			"__comment": "Element",
			"from": [ 11.15, 5.25, 7.65 ],
			"to": [ 13.6, 5.6, 8 ],
			"faces": {
				"down": { "uv": [ 4.85, 8, 2.4, 7.65 ], "texture": "#particle" },
				"up": { "uv": [ 11.15, 7.65, 13.6, 8 ], "texture": "#particle" },
				"north": { "uv": [ 2.4, 10.4, 4.85, 10.75 ], "texture": "#particle" },
				"south": { "uv": [ 11.15, 10.4, 13.6, 10.75 ], "texture": "#particle" },
				"west": { "uv": [ 7.65, 10.4, 8, 10.75 ], "texture": "#particle" },
				"east": { "uv": [ 8, 10.4, 8.35, 10.75 ], "texture": "#particle" }
			}
		},
		{
			"__comment": "Element",
			"from": [ -1.45, 3.5, 7.3 ],
			"to": [ 10.1, 4.55, 8.35 ],
			"faces": {
				"down": { "uv": [ 16, 8.35, 5.9, 7.3 ], "texture": "#texture" },
				"up": { "uv": [ 0, 7.3, 10.1, 8.35 ], "texture": "#texture" },
				"north": { "uv": [ 5.9, 11.45, 16, 12.5 ], "texture": "#texture" },
				"south": { "uv": [ 0, 11.45, 10.1, 12.5 ], "texture": "#texture" },
				"west": { "uv": [ 7.3, 11.45, 8.35, 12.5 ], "texture": "#texture" },
				"east": { "uv": [ 7.65, 11.45, 8.7, 12.5 ], "texture": "#texture" }
			}
		},
		{
			"__comment": "Element",
			"from": [ -7.1812, 5.1188, 7.475 ],
			"to": [ 6.8188, 5.818799, 8.175 ],
			"faces": {
				"down": { "uv": [ 13.1812, 8.175, 0, 7.475 ], "texture": "#particle" },
				"up": { "uv": [ 2.81875, 7.475, 16, 8.175 ], "texture": "#particle" },
				"north": { "uv": [ 0, 10.1813, 13.1812, 10.8813 ], "texture": "#particle" },
				"south": { "uv": [ 2.81875, 10.1813, 16, 10.8813 ], "texture": "#particle" },
				"west": { "uv": [ 7.475, 10.1813, 8.175, 10.8813 ], "texture": "#particle" },
				"east": { "uv": [ 7.825, 10.1813, 8.525, 10.8813 ], "texture": "#particle" }
			}
		},
		{
			"__comment": "Element",
			"from": [ -1.45, 6.65, 7.475 ],
			"to": [ 7.650002, 7.349998, 8.175 ],
			"faces": {
				"down": { "uv": [ 16, 8.175, 8.35, 7.475 ], "texture": "#particle" },
				"up": { "uv": [ 0, 7.475, 7.65, 8.175 ], "texture": "#particle" },
				"north": { "uv": [ 8.35, 8.65, 16, 9.35 ], "texture": "#particle" },
				"south": { "uv": [ 0, 8.65, 7.65, 9.35 ], "texture": "#particle" },
				"west": { "uv": [ 7.475, 8.65, 8.175, 9.35 ], "texture": "#particle" },
				"east": { "uv": [ 7.825, 8.65, 8.525, 9.35 ], "texture": "#particle" }
			}
		},
		{
			"__comment": "Element",
			"from": [ -2.15, 6.3, 7.475 ],
			"to": [ -1.45, 7.349998, 8.175 ],
			"faces": {
				"down": { "uv": [ 16, 8.175, 16, 7.475 ], "texture": "#particle" },
				"up": { "uv": [ 0, 7.475, 0, 8.175 ], "texture": "#particle" },
				"north": { "uv": [ 16, 8.65, 16, 9.7 ], "texture": "#particle" },
				"south": { "uv": [ 0, 8.65, 0, 9.7 ], "texture": "#particle" },
				"west": { "uv": [ 7.475, 8.65, 8.175, 9.7 ], "texture": "#particle" },
				"east": { "uv": [ 7.825, 8.65, 8.525, 9.7 ], "texture": "#particle" }
			}
		},
		{
			"__comment": "Element",
			"from": [ -3.2, 3.5, 7.3 ],
			"to": [ -2.15, 7.35, 8.35 ],
			"faces": {
				"down": { "uv": [ 9.2, 8.35, 8.15, 7.3 ], "texture": "#particle" },
				"up": { "uv": [ 6.8, 7.3, 7.85, 8.35 ], "texture": "#particle" },
				"north": { "uv": [ 8.15, 8.65, 9.2, 12.5 ], "texture": "#particle" },
				"south": { "uv": [ 6.8, 8.65, 7.85, 12.5 ], "texture": "#particle" },
				"west": { "uv": [ 7.3, 8.65, 8.35, 12.5 ], "texture": "#particle" },
				"east": { "uv": [ 7.65, 8.65, 8.7, 12.5 ], "texture": "#particle" }
			}
		},
		{
			"__comment": "Element",
			"from": [ -2.15, 3.85, 7.4312 ],
			"to": [ -1.45, 4.55, 8.131201 ],
			"faces": {
				"down": { "uv": [ 16, 8.13125, 16, 7.43125 ], "texture": "#texture" },
				"up": { "uv": [ 0, 7.43125, 0, 8.13125 ], "texture": "#texture" },
				"north": { "uv": [ 16, 11.45, 16, 12.15 ], "texture": "#texture" },
				"south": { "uv": [ 0, 11.45, 0, 12.15 ], "texture": "#texture" },
				"west": { "uv": [ 7.43125, 11.45, 8.13125, 12.15 ], "texture": "#texture" },
				"east": { "uv": [ 7.86875, 11.45, 8.56875, 12.15 ], "texture": "#texture" }
			}
		},
		{
			"__comment": "Element",
			"from": [ -7.4, 4.9438, 7.3 ],
			"to": [ -3.9, 5.9938, 8.35 ],
			"faces": {
				"down": { "uv": [ 13.4, 8.35, 9.9, 7.3 ], "texture": "#particle" },
				"up": { "uv": [ 2.6, 7.3, 6.1, 8.35 ], "texture": "#particle" },
				"north": { "uv": [ 9.9, 10.0063, 13.4, 11.0563 ], "texture": "#particle" },
				"south": { "uv": [ 2.6, 10.0063, 6.1, 11.0563 ], "texture": "#particle" },
				"west": { "uv": [ 7.3, 10.0063, 8.35, 11.0563 ], "texture": "#particle" },
				"east": { "uv": [ 7.65, 10.0063, 8.7, 11.0563 ], "texture": "#particle" }
			}
		},
		{
			"__comment": "Element",
			"from": [ 4.5, 4.55, 7.65 ],
			"to": [ 6.6, 5.25, 8 ],
			"faces": {
				"down": { "uv": [ 11.5, 8, 9.4, 7.65 ], "texture": "#particle" },
				"up": { "uv": [ 4.5, 7.65, 6.6, 8 ], "texture": "#particle" },
				"north": { "uv": [ 9.4, 10.75, 11.5, 11.45 ], "texture": "#particle" },
				"south": { "uv": [ 4.5, 10.75, 6.6, 11.45 ], "texture": "#particle" },
				"west": { "uv": [ 7.65, 10.75, 8, 11.45 ], "texture": "#particle" },
				"east": { "uv": [ 8, 10.75, 8.35, 11.45 ], "texture": "#particle" }
			}
		},
		{
			"__comment": "Element",
			"from": [ 6.95, 7.7, 6.95 ],
			"to": [ 7.65, 8.4, 7.65 ],
			"faces": {
				"down": { "uv": [ 9.05, 7.65, 8.35, 6.95 ], "texture": "#particle" },
				"up": { "uv": [ 6.95, 6.95, 7.65, 7.65 ], "texture": "#particle" },
				"north": { "uv": [ 8.35, 7.6, 9.05, 8.3 ], "texture": "#particle" },
				"south": { "uv": [ 6.95, 7.6, 7.65, 8.3 ], "texture": "#particle" },
				"west": { "uv": [ 6.95, 7.6, 7.65, 8.3 ], "texture": "#particle" },
				"east": { "uv": [ 8.35, 7.6, 9.05, 8.3 ], "texture": "#particle" }
			}
		},
		{
			"__comment": "Element",
			"from": [ 7, 7, 8 ],
			"to": [ 7.5, 8, 8.5 ],
			"faces": {
				"down": { "uv": [ 9.05, 8.7, 8.35, 8 ], "texture": "#particle" },
				"up": { "uv": [ 6.95, 8, 7.65, 8.7 ], "texture": "#particle" },
				"north": { "uv": [ 8.35, 7.6, 9.05, 8.3 ], "texture": "#particle" },
				"south": { "uv": [ 6.95, 7.6, 7.65, 8.3 ], "texture": "#particle" },
				"west": { "uv": [ 8, 7.6, 8.7, 8.3 ], "texture": "#particle" },
				"east": { "uv": [ 7.3, 7.6, 8, 8.3 ], "texture": "#particle" }
			}
		},
		{
			"__comment": "Element",
			"from": [ 16.5, 2.5, 7.5 ],
			"to": [ 20, 4, 8 ],
			"faces": {
				"down": { "uv": [ 9.25, 8.175, 6.8, 7.475 ], "texture": "#particle" },
				"up": { "uv": [ 6.75, 7.475, 9.2, 8.175 ], "texture": "#particle" },
				"north": { "uv": [ 6.8, 12.0625, 9.25, 13.8125 ], "texture": "#particle" },
				"south": { "uv": [ 6.75, 12.0625, 9.2, 13.8125 ], "texture": "#particle" },
				"west": { "uv": [ 7.475, 12.0625, 8.175, 13.8125 ], "texture": "#particle" },
				"east": { "uv": [ 7.825, 12.0625, 8.525, 13.8125 ], "texture": "#particle" }
			}
		},
		{
			"__comment": "Element",
			"from": [ 8.349999, 7, 7.3 ],
			"to": [ 13.25, 7.7, 8.35 ],
			"faces": {
				"down": { "uv": [ 7.65, 8.35, 2.75, 7.3 ], "texture": "#particle" },
				"up": { "uv": [ 8.35, 7.3, 13.25, 8.35 ], "texture": "#particle" },
				"north": { "uv": [ 2.75, 8.3, 7.65, 9 ], "texture": "#particle" },
				"south": { "uv": [ 8.35, 8.3, 13.25, 9 ], "texture": "#particle" },
				"west": { "uv": [ 7.3, 8.3, 8.35, 9 ], "texture": "#particle" },
				"east": { "uv": [ 7.65, 8.3, 8.7, 9 ], "texture": "#particle" }
			}
		},
		{
			"__comment": "Element",
			"from": [ 7.4312, 6.65, 7.3 ],
			"to": [ 8.481199, 7.349998, 8.35 ],
			"rotation": { "origin": [ 7.43125, 7.35, 7.3 ], "axis": "z", "angle": 22.5 },
			"faces": {
				"down": { "uv": [ 8.56875, 8.35, 7.51875, 7.3 ], "texture": "#particle" },
				"up": { "uv": [ 7.43125, 7.3, 8.48125, 8.35 ], "texture": "#particle" },
				"north": { "uv": [ 7.51875, 8.65, 8.56875, 9.35 ], "texture": "#particle" },
				"south": { "uv": [ 7.43125, 8.65, 8.48125, 9.35 ], "texture": "#particle" },
				"west": { "uv": [ 7.3, 8.65, 8.35, 9.35 ], "texture": "#particle" },
				"east": { "uv": [ 7.65, 8.65, 8.7, 9.35 ], "texture": "#particle" }
			}
		},
		{
			"__comment": "Element",
			"from": [ 12.2, 7.7, 7.475 ],
			"to": [ 12.9, 8.75, 8.175 ],
			"faces": {
				"down": { "uv": [ 3.8, 8.175, 3.1, 7.475 ], "texture": "#particle" },
				"up": { "uv": [ 12.2, 7.475, 12.9, 8.175 ], "texture": "#particle" },
				"north": { "uv": [ 3.1, 7.25, 3.8, 8.3 ], "texture": "#particle" },
				"south": { "uv": [ 12.2, 7.25, 12.9, 8.3 ], "texture": "#particle" },
				"west": { "uv": [ 7.475, 7.25, 8.175, 8.3 ], "texture": "#particle" },
				"east": { "uv": [ 7.825, 7.25, 8.525, 8.3 ], "texture": "#particle" }
			}
		},
		{
			"__comment": "Element",
			"from": [ 9.05, 7.7, 7.475 ],
			"to": [ 9.75, 8.75, 8.175 ],
			"faces": {
				"down": { "uv": [ 6.95, 8.175, 6.25, 7.475 ], "texture": "#particle" },
				"up": { "uv": [ 9.05, 7.475, 9.75, 8.175 ], "texture": "#particle" },
				"north": { "uv": [ 6.25, 7.25, 6.95, 8.3 ], "texture": "#particle" },
				"south": { "uv": [ 9.05, 7.25, 9.75, 8.3 ], "texture": "#particle" },
				"west": { "uv": [ 7.475, 7.25, 8.175, 8.3 ], "texture": "#particle" },
				"east": { "uv": [ 7.825, 7.25, 8.525, 8.3 ], "texture": "#particle" }
			}
		},
		{
			"__comment": "Element",
			"from": [ 8.349999, 8.75, 7.3 ],
			"to": [ 13.6, 9.8, 8.35 ],
			"faces": {
				"down": { "uv": [ 7.65, 8.35, 2.4, 7.3 ], "texture": "#particle" },
				"up": { "uv": [ 8.35, 7.3, 13.6, 8.35 ], "texture": "#particle" },
				"north": { "uv": [ 2.4, 6.2, 7.65, 7.25 ], "texture": "#particle" },
				"south": { "uv": [ 8.35, 6.2, 13.6, 7.25 ], "texture": "#particle" },
				"west": { "uv": [ 7.3, 6.2, 8.35, 7.25 ], "texture": "#particle" },
				"east": { "uv": [ 7.65, 6.2, 8.7, 7.25 ], "texture": "#particle" }
			}
		},
		{
			"__comment": "Element",
			"from": [ 13.6, 8.75, 8.175 ],
			"to": [ 16.4, 9.8, 8.525 ],
			"faces": {
				"down": { "uv": [ 2.4, 8.525, 0, 8.175 ], "texture": "#particle" },
				"up": { "uv": [ 13.6, 8.175, 16, 8.525 ], "texture": "#particle" },
				"north": { "uv": [ 0, 6.2, 2.4, 7.25 ], "texture": "#particle" },
				"south": { "uv": [ 13.6, 6.2, 16, 7.25 ], "texture": "#particle" },
				"west": { "uv": [ 8.175, 6.2, 8.525, 7.25 ], "texture": "#particle" },
				"east": { "uv": [ 7.475, 6.2, 7.825, 7.25 ], "texture": "#particle" }
			}
		},
		{
			"__comment": "Element",
			"from": [ 13.6, 8.75, 7.1688 ],
			"to": [ 16.4, 9.8, 7.5188 ],
			"faces": {
				"down": { "uv": [ 2.4, 7.51875, 0, 7.16875 ], "texture": "#particle" },
				"up": { "uv": [ 13.6, 7.16875, 16, 7.51875 ], "texture": "#particle" },
				"north": { "uv": [ 0, 6.2, 2.4, 7.25 ], "texture": "#particle" },
				"south": { "uv": [ 13.6, 6.2, 16, 7.25 ], "texture": "#particle" },
				"west": { "uv": [ 7.16875, 6.2, 7.51875, 7.25 ], "texture": "#particle" },
				"east": { "uv": [ 8.48125, 6.2, 8.83125, 7.25 ], "texture": "#particle" }
			}
		},
		{
			"__comment": "Element",
			"from": [ 13.6, 8.531199, 7.3 ],
			"to": [ 16.4, 8.8812, 8.35 ],
			"faces": {
				"down": { "uv": [ 2.4, 8.35, 0, 7.3 ], "texture": "#particle" },
				"up": { "uv": [ 13.6, 7.3, 16, 8.35 ], "texture": "#particle" },
				"north": { "uv": [ 0, 7.11875, 2.4, 7.46875 ], "texture": "#particle" },
				"south": { "uv": [ 13.6, 7.11875, 16, 7.46875 ], "texture": "#particle" },
				"west": { "uv": [ 7.3, 7.11875, 8.35, 7.46875 ], "texture": "#particle" },
				"east": { "uv": [ 7.65, 7.11875, 8.7, 7.46875 ], "texture": "#particle" }
			}
		},
		{
			"__comment": "Element",
			"from": [ 13.6, 9.668799, 7.3 ],
			"to": [ 16.4, 10.01885, 8.35 ],
			"faces": {
				"down": { "uv": [ 2.4, 8.35, 0, 7.3 ], "texture": "#particle" },
				"up": { "uv": [ 13.6, 7.3, 16, 8.35 ], "texture": "#particle" },
				"north": { "uv": [ 0, 5.98125, 2.4, 6.33125 ], "texture": "#particle" },
				"south": { "uv": [ 13.6, 5.98125, 16, 6.33125 ], "texture": "#particle" },
				"west": { "uv": [ 7.3, 5.98125, 8.35, 6.33125 ], "texture": "#particle" },
				"east": { "uv": [ 7.65, 5.98125, 8.7, 6.33125 ], "texture": "#particle" }
			}
		},
		{
			"__comment": "Element",
			"from": [ 4.85, 9.8, 7.3 ],
			"to": [ 7.85, 10.3, 8.299999 ],
			"faces": {
				"down": { "uv": [ 11.15, 8.35, 7.65, 7.3 ], "texture": "#particle" },
				"up": { "uv": [ 4.85, 7.3, 8.35, 8.35 ], "texture": "#particle" },
				"north": { "uv": [ 7.65, 5.85, 11.15, 6.2 ], "texture": "#particle" },
				"south": { "uv": [ 4.85, 5.85, 8.35, 6.2 ], "texture": "#particle" },
				"west": { "uv": [ 7.3, 5.85, 8.35, 6.2 ], "texture": "#particle" },
				"east": { "uv": [ 7.65, 5.85, 8.7, 6.2 ], "texture": "#particle" }
			}
		},
		{
			"__comment": "Element",
			"from": [ 4.85, 8.75, 8.349999 ],
			"to": [ 8.35, 9.8, 8.699999 ],
			"faces": {
				"down": { "uv": [ 11.15, 8.7, 7.65, 8.35 ], "texture": "#particle" },
				"up": { "uv": [ 4.85, 8.35, 8.35, 8.7 ], "texture": "#particle" },
				"north": { "uv": [ 7.65, 6.2, 11.15, 7.25 ], "texture": "#particle" },
				"south": { "uv": [ 4.85, 6.2, 8.35, 7.25 ], "texture": "#particle" },
				"west": { "uv": [ 8.35, 6.2, 8.7, 7.25 ], "texture": "#particle" },
				"east": { "uv": [ 7.3, 6.2, 7.65, 7.25 ], "texture": "#particle" }
			}
		},
		{
			"__comment": "Element",
			"from": [ 4.85, 8.4, 7.3 ],
			"to": [ 7.85, 8.9, 8.299999 ],
			"faces": {
				"down": { "uv": [ 11.15, 8.35, 7.65, 7.3 ], "texture": "#particle" },
				"up": { "uv": [ 4.85, 7.3, 8.35, 8.35 ], "texture": "#particle" },
				"north": { "uv": [ 7.65, 7.25, 11.15, 7.6 ], "texture": "#particle" },
				"south": { "uv": [ 4.85, 7.25, 8.35, 7.6 ], "texture": "#particle" },
				"west": { "uv": [ 7.3, 7.25, 8.35, 7.6 ], "texture": "#particle" },
				"east": { "uv": [ 7.65, 7.25, 8.7, 7.6 ], "texture": "#particle" }
			}
		},
		{
			"__comment": "Element",
			"from": [ 4.85, 8.75, 6.95 ],
			"to": [ 8.35, 9.8, 7.3 ],
			"faces": {
				"down": { "uv": [ 11.15, 7.3, 7.65, 6.95 ], "texture": "#particle" },
				"up": { "uv": [ 4.85, 6.95, 8.35, 7.3 ], "texture": "#particle" },
				"north": { "uv": [ 7.65, 6.2, 11.15, 7.25 ], "texture": "#particle" },
				"south": { "uv": [ 4.85, 6.2, 8.35, 7.25 ], "texture": "#particle" },
				"west": { "uv": [ 6.95, 6.2, 7.3, 7.25 ], "texture": "#particle" },
				"east": { "uv": [ 8.7, 6.2, 9.05, 7.25 ], "texture": "#particle" }
			}
		},
		{
			"__comment": "Element",
			"from": [ 10.45, 9.8, 7.3 ],
			"to": [ 10.95, 10.8, 7.8 ],
			"rotation": { "origin": [ 10.45, 9.8, 7.3 ], "axis": "y", "angle": -45 },
			"faces": {
				"down": { "uv": [ 5.55, 8, 4.85, 7.3 ], "texture": "#particle" },
				"up": { "uv": [ 10.45, 7.3, 11.15, 8 ], "texture": "#particle" },
				"north": { "uv": [ 4.85, 5.5, 5.55, 6.2 ], "texture": "#particle" },
				"south": { "uv": [ 10.45, 5.5, 11.15, 6.2 ], "texture": "#particle" },
				"west": { "uv": [ 7.3, 5.5, 8, 6.2 ], "texture": "#particle" },
				"east": { "uv": [ 8, 5.5, 8.7, 6.2 ], "texture": "#particle" }
			}
		},
		{
			"__comment": "Element",
			"from": [ 15.3125, 8.75, 7.25 ],
			"to": [ 15.6625, 9.8, 8.3 ],
			"faces": {
				"down": { "uv": [ 0, 8.5, 0, 7 ], "texture": "#glass" },
				"up": { "uv": [ 16, 7, 16, 8.5 ], "texture": "#glass" },
				"north": { "uv": [ 0, 2, 0, 3.5 ], "texture": "#glass" },
				"south": { "uv": [ 16, 2, 16, 3.5 ], "texture": "#glass" },
				"west": { "uv": [ 7, 2, 8.5, 3.5 ], "texture": "#glass" },
				"east": { "uv": [ 1, 1, 15, 15 ], "texture": "#glass" }
			}
		},
		{
			"__comment": "Element",
			"from": [ 5.55, 8.75, 7.3 ],
			"to": [ 5.9, 9.8, 8.35 ],
			"faces": {
				"down": { "uv": [ 10.4375, 8.3125, 10.125, 7.3125 ], "texture": "#glass" },
				"up": { "uv": [ 5.5, 7.25, 5.8125, 8.25 ], "texture": "#glass" },
				"north": { "uv": [ 10.0625, 6.1875, 10.375, 7.1875 ], "texture": "#glass" },
				"south": { "uv": [ 5.5, 6.1875, 5.8125, 7.1875 ], "texture": "#glass" },
				"west": { "uv": [ 1, 1, 15, 15 ], "texture": "#glass" },
				"east": { "uv": [ 9, 6.5, 10, 7.5 ], "texture": "#glass" }
			}
		},
		{
			"__comment": "Element",
			"from": [ 10.45, 9.099999, 8.349999 ],
			"to": [ 11.15, 9.799999, 9.049999 ],
			"rotation": { "origin": [ 10.45, 9.8, 8.35 ], "axis": "z", "angle": -45 },
			"faces": {
				"down": { "uv": [ 5.55, 9.05, 4.85, 8.35 ], "texture": "#particle" },
				"up": { "uv": [ 10.45, 8.35, 11.15, 9.05 ], "texture": "#particle" },
				"north": { "uv": [ 4.85, 6.2, 5.55, 6.9 ], "texture": "#particle" },
				"south": { "uv": [ 10.45, 6.2, 11.15, 6.9 ], "texture": "#particle" },
				"west": { "uv": [ 8.35, 6.2, 9.05, 6.9 ], "texture": "#particle" },
				"east": { "uv": [ 6.95, 6.2, 7.65, 6.9 ], "texture": "#particle" }
			}
		},
		{
			"__comment": "Element",
			"from": [ 15.7, 4.55, 7.3 ],
			"to": [ 17.1, 7, 7.65 ],
			"faces": {
				"down": { "uv": [ 10.3, 7.65, 8.9, 7.3 ], "texture": "#texture" },
				"up": { "uv": [ 5.7, 7.3, 7.1, 7.65 ], "texture": "#texture" },
				"north": { "uv": [ 8.9, 9, 10.3, 11.45 ], "texture": "#texture" },
				"south": { "uv": [ 5.7, 9, 7.1, 11.45 ], "texture": "#texture" },
				"west": { "uv": [ 7.3, 9, 7.65, 11.45 ], "texture": "#texture" },
				"east": { "uv": [ 8.35, 9, 8.7, 11.45 ], "texture": "#texture" }
			}
		},
		{
			"__comment": "Element",
			"from": [ 16.4, 6.65, 7.65 ],
			"to": [ 23.05, 7, 8 ],
			"faces": {
				"down": { "uv": [ 9.6, 8, 2.95, 7.65 ], "texture": "#texture" },
				"up": { "uv": [ 6.4, 7.65, 13.05, 8 ], "texture": "#texture" },
				"north": { "uv": [ 2.95, 9, 9.6, 9.35 ], "texture": "#texture" },
				"south": { "uv": [ 6.4, 9, 13.05, 9.35 ], "texture": "#texture" },
				"west": { "uv": [ 7.65, 9, 8, 9.35 ], "texture": "#texture" },
				"east": { "uv": [ 8, 9, 8.35, 9.35 ], "texture": "#texture" }
			}
		},
		{
			"__comment": "Element",
			"from": [ 17.1, 4.55, 7.3 ],
			"to": [ 19.2, 6.3, 7.65 ],
			"faces": {
				"down": { "uv": [ 8.9, 7.65, 6.8, 7.3 ], "texture": "#texture" },
				"up": { "uv": [ 7.1, 7.3, 9.2, 7.65 ], "texture": "#texture" },
				"north": { "uv": [ 6.8, 9.7, 8.9, 11.45 ], "texture": "#texture" },
				"south": { "uv": [ 7.1, 9.7, 9.2, 11.45 ], "texture": "#texture" },
				"west": { "uv": [ 7.3, 9.7, 7.65, 11.45 ], "texture": "#texture" },
				"east": { "uv": [ 8.35, 9.7, 8.7, 11.45 ], "texture": "#texture" }
			}
		},
		{
			"__comment": "Element",
			"from": [ 18.85, 7, 7.3 ],
			"to": [ 25.35, 7.5, 8.299999 ],
			"faces": {
				"down": { "uv": [ 7.15, 8.35, 2.95, 7.3 ], "texture": "#texture" },
				"up": { "uv": [ 8.85, 7.3, 13.05, 8.35 ], "texture": "#texture" },
				"north": { "uv": [ 2.95, 8.3, 7.15, 9 ], "texture": "#texture" },
				"south": { "uv": [ 8.85, 8.3, 13.05, 9 ], "texture": "#texture" },
				"west": { "uv": [ 7.3, 8.3, 8.35, 9 ], "texture": "#texture" },
				"east": { "uv": [ 7.65, 8.3, 8.7, 9 ], "texture": "#texture" }
			}
		},
		{
			"__comment": "Element",
			"from": [ 17.8, 7, 7.3 ],
			"to": [ 18.85, 7.35, 8.35 ],
			"faces": {
				"down": { "uv": [ 8.2, 8.35, 7.15, 7.3 ], "texture": "#texture" },
				"up": { "uv": [ 7.8, 7.3, 8.85, 8.35 ], "texture": "#texture" },
				"north": { "uv": [ 7.15, 8.65, 8.2, 9 ], "texture": "#texture" },
				"south": { "uv": [ 7.8, 8.65, 8.85, 9 ], "texture": "#texture" },
				"west": { "uv": [ 7.3, 8.65, 8.35, 9 ], "texture": "#texture" },
				"east": { "uv": [ 7.65, 8.65, 8.7, 9 ], "texture": "#texture" }
			}
		},
		{
			"__comment": "Element",
			"from": [ -1.45, 4.55, 7.3 ],
			"to": [ 4.5, 4.9, 8.35 ],
			"faces": {
				"down": { "uv": [ 16, 8.35, 11.5, 7.3 ], "texture": "#texture" },
				"up": { "uv": [ 0, 7.3, 4.5, 8.35 ], "texture": "#texture" },
				"north": { "uv": [ 11.5, 11.1, 16, 11.45 ], "texture": "#texture" },
				"south": { "uv": [ 0, 11.1, 4.5, 11.45 ], "texture": "#texture" },
				"west": { "uv": [ 7.3, 11.1, 8.35, 11.45 ], "texture": "#texture" },
				"east": { "uv": [ 7.65, 11.1, 8.7, 11.45 ], "texture": "#texture" }
			}
		},
		{
			"__comment": "Box68",
			"from": [ 22.5, 2.5, 7.5 ],
			"to": [ 25, 4, 8.5 ],
			"faces": {
				"down": { "uv": [ 6.5, 7.5, 9, 8.5 ], "texture": "#texture" },
				"up": { "uv": [ 6.5, 7.5, 9, 8.5 ], "texture": "#texture" },
				"north": { "uv": [ 7, 12, 9.5, 13.5 ], "texture": "#texture" },
				"south": { "uv": [ 6.5, 12, 9, 13.5 ], "texture": "#texture" },
				"west": { "uv": [ 7.5, 12, 8.5, 13.5 ], "texture": "#texture" },
				"east": { "uv": [ 7.5, 12, 8.5, 13.5 ], "texture": "#texture" }
			}
		}
	],
	"display": {
		"thirdperson_righthand": {
			"rotation":  [ 0, 90, 0 ],
			"translation":  [ -0.021, 4.1739, -2.823 ],
			"scale":  [ 0.7, 0.7, 1 ]
		},
		"thirdperson_lefthand": {
			"rotation":  [ 0, 90, 0 ],
			"translation":  [ -0.021, 4.1739, -2.823 ],
			"scale":  [ 0.7, 0.7, 1 ]
		},
		"firstperson_righthand": {
			"rotation":  [ 0, -103, 0 ],
			"translation":  [ 0.57, 4.91, -4.91 ],
			"scale":  [ 1.3, 1.3, 1.3 ]
		},
		"firstperson_lefthand": {
			"rotation":  [ 0, 77, 0 ],
			"translation":  [ 0.57, 4.91, -4.91 ],
			"scale":  [ 1.3, 1.3, 1.3 ]
		},
		"gui": {
			"rotation":  [ 0, 0, -40 ],
			"translation":  [ 0.4343, 1.5743, 1.3913 ],
			"scale":  [ 0.58, 0.58, 0.58 ]
		},
		"ground": {
			"rotation":  [ 0, 1, 0 ],
			"translation":  [ 0, 4.54, 0 ],
			"scale":  [ 0.67, 0.67, 0.67 ]
		},
		"fixed": {
			"translation":  [ 0, 2.5, 0 ]
		}
	}
}