{
	"__comment": "Designed by MoTy with BDcraft Cubik PRO 0.96 Beta - http://bdcraft.net",
	"textures": {
		"texture": "blocks/wool_colored_black"
	},
	"elements": [ 	 
		{
			"__comment": "Cube1",
			"from": [ 13.5, 2, 7 ],
			"to": [ 17, 2.5, 10 ],
			"rotation": { "origin": [ 13.5, 2, 7 ], "axis": "z", "angle": 22.5 },
			"shade": false,
			"faces": {
				"down": { "uv": [ 13.5, 6, 16, 9 ], "texture": "#texture" },
				"up": { "uv": [ 13.5, 7, 16, 10 ], "texture": "#texture" },
				"north": { "uv": [ 0, 15, 2.5, 16 ], "texture": "#texture" },
				"south": { "uv": [ 13.5, 15, 16, 16 ], "texture": "#texture" },
				"west": { "uv": [ 7, 15, 10, 16 ], "texture": "#texture" },
				"east": { "uv": [ 6, 15, 9, 16 ], "texture": "#texture" }
			}
		},
		{
			"__comment": "Cube2",
			"from": [ 13.5, 2.5, 7 ],
			"to": [ 16.5, 7, 10 ],
			"rotation": { "origin": [ 13.5, 2.5, 7 ], "axis": "z", "angle": 22.5 },
			"shade": false,
			"faces": {
				"down": { "uv": [ 13.5, 6, 16, 9 ], "texture": "#texture" },
				"up": { "uv": [ 13.5, 7, 16, 10 ], "texture": "#texture" },
				"north": { "uv": [ 0, 10, 2.5, 15 ], "texture": "#texture" },
				"south": { "uv": [ 13.5, 10, 16, 15 ], "texture": "#texture" },
				"west": { "uv": [ 7, 10, 10, 15 ], "texture": "#texture" },
				"east": { "uv": [ 6, 10, 9, 15 ], "texture": "#texture" }
			}
		},
		{
			"__comment": "Cube3",
			"from": [ 3.5, 6.5, 7 ],
			"to": [ 15.5, 9, 10 ],
			"faces": {
				"down": { "uv": [ 3.5, 6, 16, 9 ], "texture": "#texture" },
				"up": { "uv": [ 3.5, 7, 16, 10 ], "texture": "#texture" },
				"north": { "uv": [ 0, 7, 12.5, 10.5 ], "texture": "#texture" },
				"south": { "uv": [ 3.5, 7, 16, 10.5 ], "texture": "#texture" },
				"west": { "uv": [ 7, 7, 10, 10.5 ], "texture": "#texture" },
				"east": { "uv": [ 6, 7, 9, 10.5 ], "texture": "#texture" }
			}
		},
		{
			"__comment": "Cube4",
			"from": [ 10.25, 5.125, 8 ],
			"to": [ 12.25, 5.625, 9 ],
			"faces": {
				"down": { "uv": [ 10.5, 7, 12.5, 8 ], "texture": "#texture" },
				"up": { "uv": [ 10.5, 8, 12.5, 9 ], "texture": "#texture" },
				"north": { "uv": [ 3.5, 11.5, 5.5, 12 ], "texture": "#texture" },
				"south": { "uv": [ 10.5, 11.5, 12.5, 12 ], "texture": "#texture" },
				"west": { "uv": [ 8, 11.5, 9, 12 ], "texture": "#texture" },
				"east": { "uv": [ 7, 11.5, 8, 12 ], "texture": "#texture" }
			}
		},
		{
			"__comment": "Cube5",
			"from": [ 9, 6.5, 8 ],
			"to": [ 11, 7, 9 ],
			"rotation": { "origin": [ 9, 6.5, 8 ], "axis": "z", "angle": -45 },
			"faces": {
				"down": { "uv": [ 9.25, 7, 11.25, 8 ], "texture": "#texture" },
				"up": { "uv": [ 9.25, 8, 11.25, 9 ], "texture": "#texture" },
				"north": { "uv": [ 4.75, 10.125, 6.75, 10.625 ], "texture": "#texture" },
				"south": { "uv": [ 9.25, 10.125, 11.25, 10.625 ], "texture": "#texture" },
				"west": { "uv": [ 8, 10.125, 9, 10.625 ], "texture": "#texture" },
				"east": { "uv": [ 7, 10.125, 8, 10.625 ], "texture": "#texture" }
			}
		},
		{
			"__comment": "Cube6",
			"from": [ 10.75, 6, 8 ],
			"to": [ 11.25, 7, 9 ],
			"rotation": { "origin": [ 10.75, 6, 8 ], "axis": "z", "angle": -22.5 },
			"faces": {
				"down": { "uv": [ 11, 7, 11.5, 8 ], "texture": "#texture" },
				"up": { "uv": [ 11, 8, 11.5, 9 ], "texture": "#texture" },
				"north": { "uv": [ 4.5, 10.125, 5, 11.125 ], "texture": "#texture" },
				"south": { "uv": [ 11, 10.125, 11.5, 11.125 ], "texture": "#texture" },
				"west": { "uv": [ 8, 10.125, 9, 11.125 ], "texture": "#texture" },
				"east": { "uv": [ 7, 10.125, 8, 11.125 ], "texture": "#texture" }
			}
		},
		{
			"__comment": "Cube7",
			"from": [ 14, 7, 7 ],
			"to": [ 18.5, 9.5, 10 ],
			"rotation": { "origin": [ 14, 7, 7 ], "axis": "z", "angle": -22.5 },
			"faces": {
				"down": { "uv": [ 15, 6, 16, 9 ], "texture": "#texture" },
				"up": { "uv": [ 15, 7, 16, 10 ], "texture": "#texture" },
				"north": { "uv": [ 0, 7, 1, 9.5 ], "texture": "#texture" },
				"south": { "uv": [ 15, 7, 16, 9.5 ], "texture": "#texture" },
				"west": { "uv": [ 7, 7, 10, 9.5 ], "texture": "#texture" },
				"east": { "uv": [ 6, 7, 9, 9.5 ], "texture": "#texture" }
			}
		},
		{
			"__comment": "Cube8",
			"from": [ 15.75, 5.625, 7 ],
			"to": [ 16.75, 6.625, 10 ],
			"faces": {
				"down": { "uv": [ 0, 6, 1, 9 ], "texture": "#texture" },
				"up": { "uv": [ 0, 7, 1, 10 ], "texture": "#texture" },
				"north": { "uv": [ 15, 9.5, 16, 10.5 ], "texture": "#texture" },
				"south": { "uv": [ 0, 9.5, 1, 10.5 ], "texture": "#texture" },
				"west": { "uv": [ 7, 9.5, 10, 10.5 ], "texture": "#texture" },
				"east": { "uv": [ 6, 9.5, 9, 10.5 ], "texture": "#texture" }
			}
		},
		{
			"__comment": "Cube9",
			"from": [ 18, 6, 7 ],
			"to": [ 21, 7, 10 ],
			"rotation": { "origin": [ 18, 6, 7 ], "axis": "z", "angle": -22.5 },
			"faces": {
				"down": { "uv": [ 4, 0, 5, 1 ], "texture": "#texture" },
				"up": { "uv": [ 4, 15, 5, 16 ], "texture": "#texture" },
				"north": { "uv": [ 11, 10.5, 12, 11.5 ], "texture": "#texture" },
				"south": { "uv": [ 4, 10.5, 5, 11.5 ], "texture": "#texture" },
				"west": { "uv": [ 15, 10.5, 16, 11.5 ], "texture": "#texture" },
				"east": { "uv": [ 0, 10.5, 1, 11.5 ], "texture": "#texture" }
			}
		},
		{
			"__comment": "Cube9",
			"from": [ 20, 5, 6.5 ],
			"to": [ 26, 6.5, 10.5 ],
			"rotation": { "origin": [ 20, 5, 6.5 ], "axis": "z", "angle": -22.5 },
			"faces": {
				"down": { "uv": [ 4, 0, 5, 1 ], "texture": "#texture" },
				"up": { "uv": [ 4, 15, 5, 16 ], "texture": "#texture" },
				"north": { "uv": [ 11, 10.5, 12, 11.5 ], "texture": "#texture" },
				"south": { "uv": [ 4, 10.5, 5, 11.5 ], "texture": "#texture" },
				"west": { "uv": [ 15, 10.5, 16, 11.5 ], "texture": "#texture" },
				"east": { "uv": [ 0, 10.5, 1, 11.5 ], "texture": "#texture" }
			}
		},
		{
			"__comment": "Cube11",
			"from": [ 24, 1.5, 7 ],
			"to": [ 26, 7.5, 10 ],
			"faces": {
				"down": { "uv": [ 10.5, 6, 13, 9 ], "texture": "#texture" },
				"up": { "uv": [ 10.5, 7, 13, 10 ], "texture": "#texture" },
				"north": { "uv": [ 3, 7.5, 5.5, 15 ], "texture": "#texture" },
				"south": { "uv": [ 10.5, 7.5, 13, 15 ], "texture": "#texture" },
				"west": { "uv": [ 7, 7.5, 10, 15 ], "texture": "#texture" },
				"east": { "uv": [ 6, 7.5, 9, 15 ], "texture": "#texture" }
			}
		},
		{
			"__comment": "Cube12",
			"from": [ 18.5, 6.5, 7 ],
			"to": [ 25, 7, 10 ],
			"faces": {
				"down": { "uv": [ 6, 6, 10.5, 9 ], "texture": "#texture" },
				"up": { "uv": [ 6, 7, 10.5, 10 ], "texture": "#texture" },
				"north": { "uv": [ 5.5, 8, 10, 9 ], "texture": "#texture" },
				"south": { "uv": [ 6, 8, 10.5, 9 ], "texture": "#texture" },
				"west": { "uv": [ 7, 8, 10, 9 ], "texture": "#texture" },
				"east": { "uv": [ 6, 8, 9, 9 ], "texture": "#texture" }
			}
		},
		{
			"__comment": "Cube13",
			"from": [ 9.5, 9, 9 ],
			"to": [ 12, 10, 10 ],
			"faces": {
				"down": { "uv": [ 9.5, 0, 12, 1 ], "texture": "#texture" },
				"up": { "uv": [ 9.5, 15, 12, 16 ], "texture": "#texture" },
				"north": { "uv": [ 4, 6, 6.5, 7 ], "texture": "#texture" },
				"south": { "uv": [ 9.5, 6, 12, 7 ], "texture": "#texture" },
				"west": { "uv": [ 15, 6, 16, 7 ], "texture": "#texture" },
				"east": { "uv": [ 0, 6, 1, 7 ], "texture": "#texture" }
			}
		},
		{
			"__comment": "Cube14",
			"from": [ 12, 9, 9 ],
			"to": [ 13, 11, 10 ],
			"faces": {
				"down": { "uv": [ 12, 6, 13, 7 ], "texture": "#texture" },
				"up": { "uv": [ 12, 9, 13, 10 ], "texture": "#texture" },
				"north": { "uv": [ 3, 5, 4, 7 ], "texture": "#texture" },
				"south": { "uv": [ 12, 5, 13, 7 ], "texture": "#texture" },
				"west": { "uv": [ 9, 5, 10, 7 ], "texture": "#texture" },
				"east": { "uv": [ 6, 5, 7, 7 ], "texture": "#texture" }
			}
		},
		{
			"__comment": "Cube15",
			"from": [ 12, 9, 8 ],
			"to": [ 13, 10, 9 ],
			"faces": {
				"down": { "uv": [ 12, 7, 13, 8 ], "texture": "#texture" },
				"up": { "uv": [ 12, 8, 13, 9 ], "texture": "#texture" },
				"north": { "uv": [ 3, 6, 4, 7 ], "texture": "#texture" },
				"south": { "uv": [ 12, 6, 13, 7 ], "texture": "#texture" },
				"west": { "uv": [ 8, 6, 9, 7 ], "texture": "#texture" },
				"east": { "uv": [ 7, 6, 8, 7 ], "texture": "#texture" }
			}
		},
		{
			"__comment": "Cube14",
			"from": [ 12, 9, 7 ],
			"to": [ 13, 11, 8 ],
			"faces": {
				"down": { "uv": [ 12, 0, 13, 1 ], "texture": "#texture" },
				"up": { "uv": [ 12, 15, 13, 16 ], "texture": "#texture" },
				"north": { "uv": [ 3, 5, 4, 7 ], "texture": "#texture" },
				"south": { "uv": [ 12, 5, 13, 7 ], "texture": "#texture" },
				"west": { "uv": [ 15, 5, 16, 7 ], "texture": "#texture" },
				"east": { "uv": [ 0, 5, 1, 7 ], "texture": "#texture" }
			}
		},
		{
			"__comment": "Cube13",
			"from": [ 9.5, 9, 7 ],
			"to": [ 12, 10, 8 ],
			"faces": {
				"down": { "uv": [ 9.5, 0, 12, 1 ], "texture": "#texture" },
				"up": { "uv": [ 9.5, 15, 12, 16 ], "texture": "#texture" },
				"north": { "uv": [ 4, 6, 6.5, 7 ], "texture": "#texture" },
				"south": { "uv": [ 9.5, 6, 12, 7 ], "texture": "#texture" },
				"west": { "uv": [ 15, 6, 16, 7 ], "texture": "#texture" },
				"east": { "uv": [ 0, 6, 1, 7 ], "texture": "#texture" }
			}
		},
		{
			"__comment": "Cube18",
			"from": [ 9.5, 9, 8 ],
			"to": [ 10.5, 10, 9 ],
			"faces": {
				"down": { "uv": [ 9.5, 7, 10.5, 8 ], "texture": "#texture" },
				"up": { "uv": [ 9.5, 8, 10.5, 9 ], "texture": "#texture" },
				"north": { "uv": [ 5.5, 6, 6.5, 7 ], "texture": "#texture" },
				"south": { "uv": [ 9.5, 6, 10.5, 7 ], "texture": "#texture" },
				"west": { "uv": [ 8, 6, 9, 7 ], "texture": "#texture" },
				"east": { "uv": [ 7, 6, 8, 7 ], "texture": "#texture" }
			}
		},
		{
			"__comment": "Cube19",
			"from": [ -5, 5.5, 6.5 ],
			"to": [ 3.5, 9, 10.5 ],
			"faces": {
				"down": { "uv": [ 0, 5.5, 3.5, 9.5 ], "texture": "#texture" },
				"up": { "uv": [ 0, 6.5, 3.5, 10.5 ], "texture": "#texture" },
				"north": { "uv": [ 12.5, 7, 16, 11 ], "texture": "#texture" },
				"south": { "uv": [ 0, 7, 3.5, 11 ], "texture": "#texture" },
				"west": { "uv": [ 6.5, 7, 10.5, 11 ], "texture": "#texture" },
				"east": { "uv": [ 5.5, 7, 9.5, 11 ], "texture": "#texture" }
			}
		},
		{
			"__comment": "Cube20",
			"from": [ -12, 8, 7.5 ],
			"to": [ -4, 9, 9.5 ],
			"faces": {
				"down": { "uv": [ 4, 6.5, 11, 8.5 ], "texture": "#texture" },
				"up": { "uv": [ 4, 7.5, 11, 9.5 ], "texture": "#texture" },
				"north": { "uv": [ 5, 7, 12, 8 ], "texture": "#texture" },
				"south": { "uv": [ 4, 7, 11, 8 ], "texture": "#texture" },
				"west": { "uv": [ 7.5, 7, 9.5, 8 ], "texture": "#texture" },
				"east": { "uv": [ 6.5, 7, 8.5, 8 ], "texture": "#texture" }
			}
		},
		{
			"__comment": "Cube21",
			"from": [ -10.5, 7, 7.5 ],
			"to": [ -9.5, 8, 9.5 ],
			"faces": {
				"down": { "uv": [ 5, 7, 6.5, 9 ], "texture": "#texture" },
				"up": { "uv": [ 5, 7, 6.5, 9 ], "texture": "#texture" },
				"north": { "uv": [ 9.5, 8, 11, 9 ], "texture": "#texture" },
				"south": { "uv": [ 5, 8, 6.5, 9 ], "texture": "#texture" },
				"west": { "uv": [ 7, 8, 9, 9 ], "texture": "#texture" },
				"east": { "uv": [ 7, 8, 9, 9 ], "texture": "#texture" }
			}
		},
		{
			"__comment": "Cube22",
			"from": [ -12, 6, 7.5 ],
			"to": [ -8, 7, 9.5 ],
			"faces": {
				"down": { "uv": [ 4, 7, 7.5, 9 ], "texture": "#texture" },
				"up": { "uv": [ 4, 7, 7.5, 9 ], "texture": "#texture" },
				"north": { "uv": [ 8.5, 9, 12, 10 ], "texture": "#texture" },
				"south": { "uv": [ 4, 9, 7.5, 10 ], "texture": "#texture" },
				"west": { "uv": [ 7, 9, 9, 10 ], "texture": "#texture" },
				"east": { "uv": [ 7, 9, 9, 10 ], "texture": "#texture" }
			}
		},
		{
			"__comment": "Cube23",
			"from": [ -8.5, 5.75, 7.5 ],
			"to": [ -7, 7.25, 9.5 ],
			"faces": {
				"down": { "uv": [ 7.5, 7, 9, 9 ], "texture": "#texture" },
				"up": { "uv": [ 7.5, 7, 9, 9 ], "texture": "#texture" },
				"north": { "uv": [ 7, 8.75, 8.5, 10.25 ], "texture": "#texture" },
				"south": { "uv": [ 7.5, 8.75, 9, 10.25 ], "texture": "#texture" },
				"west": { "uv": [ 7, 8.75, 9, 10.25 ], "texture": "#texture" },
				"east": { "uv": [ 7, 8.75, 9, 10.25 ], "texture": "#texture" }
			}
		},
		{
			"__comment": "Cube24",
			"from": [ -7, 6, 7.5 ],
			"to": [ -4.5, 7, 9.5 ],
			"faces": {
				"down": { "uv": [ 9, 6.5, 11, 8.5 ], "texture": "#texture" },
				"up": { "uv": [ 9, 7.5, 11, 9.5 ], "texture": "#texture" },
				"north": { "uv": [ 5, 9, 7, 10 ], "texture": "#texture" },
				"south": { "uv": [ 9, 9, 11, 10 ], "texture": "#texture" },
				"west": { "uv": [ 7.5, 9, 9.5, 10 ], "texture": "#texture" },
				"east": { "uv": [ 6.5, 9, 8.5, 10 ], "texture": "#texture" }
			}
		},
		{
			"__comment": "Cube25",
			"from": [ -11, 9, 8 ],
			"to": [ -10.5, 10, 9 ],
			"rotation": { "origin": [ -11, 9, 8 ], "axis": "z", "angle": -22.5 },
			"faces": {
				"down": { "uv": [ 5, 0, 5.5, 1 ], "texture": "#texture" },
				"up": { "uv": [ 5, 15, 5.5, 16 ], "texture": "#texture" },
				"north": { "uv": [ 10.5, 6, 11, 7 ], "texture": "#texture" },
				"south": { "uv": [ 5, 6, 5.5, 7 ], "texture": "#texture" },
				"west": { "uv": [ 15, 6, 16, 7 ], "texture": "#texture" },
				"east": { "uv": [ 0, 6, 1, 7 ], "texture": "#texture" }
			}
		},
		{
			"__comment": "Cube26",
			"from": [ -9.5, 8.875, 8 ],
			"to": [ -9, 9.875, 9 ],
			"rotation": { "origin": [ -9, 9.875, 8 ], "axis": "z", "angle": 22.5 },
			"faces": {
				"down": { "uv": [ 7, 15, 7.5, 16 ], "texture": "#texture", "rotation": 180 },
				"up": { "uv": [ 7, 0, 7.5, 1 ], "texture": "#texture", "rotation": 180 },
				"north": { "uv": [ 9, 7, 8.5, 6 ], "texture": "#texture" },
				"south": { "uv": [ 7.5, 7, 7, 6 ], "texture": "#texture" },
				"west": { "uv": [ 0, 6, 1, 7 ], "texture": "#texture", "rotation": 180 },
				"east": { "uv": [ 15, 6, 16, 7 ], "texture": "#texture", "rotation": 180 }
			}
		},
		{
			"__comment": "Cube27",
			"from": [ -10.5, 9.5, 8 ],
			"to": [ -9, 10, 9 ],
			"faces": {
				"down": { "uv": [ 5.5, 7, 7, 8 ], "texture": "#texture" },
				"up": { "uv": [ 5.5, 8, 7, 9 ], "texture": "#texture" },
				"north": { "uv": [ 9, 6, 10.5, 6.5 ], "texture": "#texture" },
				"south": { "uv": [ 5.5, 6, 7, 6.5 ], "texture": "#texture" },
				"west": { "uv": [ 8, 6, 9, 6.5 ], "texture": "#texture" },
				"east": { "uv": [ 7, 6, 8, 6.5 ], "texture": "#texture" }
			}
		},
		{
			"__comment": "Cube28",
			"from": [ 3.5, 9, 7 ],
			"to": [ 9, 9.5, 10 ],
			"faces": {
				"down": { "uv": [ 3.5, 6, 9, 9 ], "texture": "#texture" },
				"up": { "uv": [ 3.5, 7, 9, 10 ], "texture": "#texture" },
				"north": { "uv": [ 7, 6.5, 12.5, 7 ], "texture": "#texture" },
				"south": { "uv": [ 3.5, 6.5, 9, 7 ], "texture": "#texture" },
				"west": { "uv": [ 7, 6.5, 10, 7 ], "texture": "#texture" },
				"east": { "uv": [ 6, 6.5, 9, 7 ], "texture": "#texture" }
			}
		},
		{
			"__comment": "Cube29",
			"from": [ 3.5, 9.5, 7 ],
			"to": [ 4, 10, 10 ],
			"faces": {
				"down": { "uv": [ 3.5, 0, 4, 1 ], "texture": "#texture" },
				"up": { "uv": [ 3.5, 15, 4, 16 ], "texture": "#texture" },
				"north": { "uv": [ 12, 6, 12.5, 6.5 ], "texture": "#texture" },
				"south": { "uv": [ 3.5, 6, 4, 6.5 ], "texture": "#texture" },
				"west": { "uv": [ 15, 6, 16, 6.5 ], "texture": "#texture" },
				"east": { "uv": [ 0, 6, 1, 6.5 ], "texture": "#texture" }
			}
		},
		{
			"__comment": "Cube29",
			"from": [ 4.5, 9.5, 7 ],
			"to": [ 5, 10, 10 ],
			"faces": {
				"down": { "uv": [ 3.5, 1, 4, 4 ], "texture": "#texture" },
				"up": { "uv": [ 3.5, 12, 4, 15 ], "texture": "#texture" },
				"north": { "uv": [ 12, 6, 12.5, 6.5 ], "texture": "#texture" },
				"south": { "uv": [ 3.5, 6, 4, 6.5 ], "texture": "#texture" },
				"west": { "uv": [ 12, 6, 15, 6.5 ], "texture": "#texture" },
				"east": { "uv": [ 1, 6, 4, 6.5 ], "texture": "#texture" }
			}
		},
		{
			"__comment": "Cube29",
			"from": [ 5.5, 9.5, 7 ],
			"to": [ 6, 10, 10 ],
			"faces": {
				"down": { "uv": [ 3.5, 1, 4, 4 ], "texture": "#texture" },
				"up": { "uv": [ 3.5, 12, 4, 15 ], "texture": "#texture" },
				"north": { "uv": [ 12, 6, 12.5, 6.5 ], "texture": "#texture" },
				"south": { "uv": [ 3.5, 6, 4, 6.5 ], "texture": "#texture" },
				"west": { "uv": [ 12, 6, 15, 6.5 ], "texture": "#texture" },
				"east": { "uv": [ 1, 6, 4, 6.5 ], "texture": "#texture" }
			}
		},
		{
			"__comment": "Cube29",
			"from": [ 6.5, 9.5, 7 ],
			"to": [ 7, 10, 10 ],
			"faces": {
				"down": { "uv": [ 3.5, 1, 4, 4 ], "texture": "#texture" },
				"up": { "uv": [ 3.5, 12, 4, 15 ], "texture": "#texture" },
				"north": { "uv": [ 12, 6, 12.5, 6.5 ], "texture": "#texture" },
				"south": { "uv": [ 3.5, 6, 4, 6.5 ], "texture": "#texture" },
				"west": { "uv": [ 12, 6, 15, 6.5 ], "texture": "#texture" },
				"east": { "uv": [ 1, 6, 4, 6.5 ], "texture": "#texture" }
			}
		},
		{
			"__comment": "Cube29",
			"from": [ 7.5, 9.5, 7 ],
			"to": [ 8, 10, 10 ],
			"faces": {
				"down": { "uv": [ 3.5, 1, 4, 4 ], "texture": "#texture" },
				"up": { "uv": [ 3.5, 12, 4, 15 ], "texture": "#texture" },
				"north": { "uv": [ 12, 6, 12.5, 6.5 ], "texture": "#texture" },
				"south": { "uv": [ 3.5, 6, 4, 6.5 ], "texture": "#texture" },
				"west": { "uv": [ 12, 6, 15, 6.5 ], "texture": "#texture" },
				"east": { "uv": [ 1, 6, 4, 6.5 ], "texture": "#texture" }
			}
		},
		{
			"__comment": "Cube29",
			"from": [ 8.5, 9.5, 7 ],
			"to": [ 9, 10, 10 ],
			"faces": {
				"down": { "uv": [ 3.5, 1, 4, 4 ], "texture": "#texture" },
				"up": { "uv": [ 3.5, 12, 4, 15 ], "texture": "#texture" },
				"north": { "uv": [ 12, 6, 12.5, 6.5 ], "texture": "#texture" },
				"south": { "uv": [ 3.5, 6, 4, 6.5 ], "texture": "#texture" },
				"west": { "uv": [ 12, 6, 15, 6.5 ], "texture": "#texture" },
				"east": { "uv": [ 1, 6, 4, 6.5 ], "texture": "#texture" }
			}
		}
	],
	"display": {
		"thirdperson_righthand": {
			"rotation":  [ 0, -90, 0 ],
			"translation":  [ 0.3, 2.5, -1.5 ],
			"scale":  [ 0.5, 0.5, 0.5 ]
		},
		"thirdperson_lefthand": {
			"rotation":  [ 0, 90, 0 ],
			"translation":  [ -0.3, 2.5, -1.5 ],
			"scale":  [ 0.5, 0.5, 0.5 ]
		},
		"firstperson_righthand": {
			"rotation":  [ 0, -105, 0 ],
			"translation":  [ -0.695, 4.166, 1.3913 ],
			"scale":  [ 0.6, 0.5, 0.5 ]
		},
		"firstperson_lefthand": {
			"rotation":  [ 0, 80, 0 ],
			"translation":  [ 0, 4.166, 0.5 ],
			"scale":  [ 0.6, 0.5, 0.5 ]
		},
		"gui": {
			"rotation":  [ 0, 0, -40 ],
			"translation":  [ 0.7, 0.5543, 0 ],
			"scale":  [ 0.5, 0.5, 0.5 ]
		},
		"ground": {
			"translation":  [ 0, 1, 0 ],
			"scale":  [ 0.67, 0.67, 0.67 ]
		},
		"fixed": {
			"translation":  [ 0, 1, 0 ],
			"scale":  [ 0.7, 0.7, 0.7 ]
		}
	}
}