{
	"parent": "item/generated",
	"textures": {
		"layer0": "item/heart_of_the_sea"
	},
	
	"overrides": [
		{"predicate": {"custom_model_data":0}, "model": "item/0"},
		{"predicate": {"custom_model_data":1}, "model": "item/1"},
		{"predicate": {"custom_model_data":2}, "model": "item/2"},
		{"predicate": {"custom_model_data":3}, "model": "item/3"},
		{"predicate": {"custom_model_data":4}, "model": "item/4"},
		{"predicate": {"custom_model_data":5}, "model": "item/5"},
		{"predicate": {"custom_model_data":6}, "model": "item/6"},
		{"predicate": {"custom_model_data":7}, "model": "item/7"}
	]
}