{
	"parent": "item/generated",
	"textures": {
		"layer0": "item/tnt"
	},
	
	"overrides": [
		{"predicate": {"custom_model_data":0}, "model": "item/tnt2"}, 
		{"predicate": {"custom_model_data":1}, "model": "item/fire_tnt"}, 
		{"predicate": {"custom_model_data":2}, "model": "item/flash_tnt"},
		{"predicate": {"custom_model_data":3}, "model": "item/gravitational_tnt"},
		{"predicate": {"custom_model_data":4}, "model": "item/ice_tnt"},
		{"predicate": {"custom_model_data":5}, "model": "item/diamond_tnt"},
		{"predicate": {"custom_model_data":6}, "model": "item/black_hole_tnt"},
		{"predicate": {"custom_model_data":7}, "model": "item/infinitas_tnt"}
	]
}