{
	"parent": "item/generated",
	"textures": {
		"layer0": "item/dried_kelp"
	},
	
	"overrides": [
		{"predicate": {"custom_model_data":5}, "model": "item/ork_star"},
		{"predicate": {"custom_model_data":6}, "model": "item/stone_star"},
		{"predicate": {"custom_model_data":7}, "model": "item/coal_star"},
		{"predicate": {"custom_model_data":8}, "model": "item/iron_star"},
		{"predicate": {"custom_model_data":9}, "model": "item/gold_star"},
		{"predicate": {"custom_model_data":10},"model": "item/redstone_star"},
		{"predicate": {"custom_model_data":11},"model": "item/lapis_star"},
		{"predicate": {"custom_model_data":12},"model": "item/diamond_star"},
		{"predicate": {"custom_model_data":13},"model": "item/emerald_star"},
		{"predicate": {"custom_model_data":14},"model": "item/rainbow_star"}
	]                                                    
}                                                        
                                                         