{
	"parent": "item/generated",
	"textures": {
		"layer0": "item/milk_bucket"
	},
	
	"overrides": [
		{"predicate": {"custom_model_data":5}, "model": "item/ork_bucket"},
		{"predicate": {"custom_model_data":6}, "model": "item/stone_bucket"},
		{"predicate": {"custom_model_data":7}, "model": "item/coal_bucket"},
		{"predicate": {"custom_model_data":8}, "model": "item/iron_bucket"},
		{"predicate": {"custom_model_data":9}, "model": "item/gold_bucket"},
		{"predicate": {"custom_model_data":10},"model": "item/redstone_bucket"},
		{"predicate": {"custom_model_data":11},"model": "item/lapis_bucket"},
		{"predicate": {"custom_model_data":12},"model": "item/diamond_bucket"},
		{"predicate": {"custom_model_data":13},"model": "item/emerald_bucket"}
	]                                                    
}                                                        
                                                         