{"textures":{"texture": "strike/equipment/frag"},"elements":[{"from":[4,-2,5],"to":[11,12,12],"faces":{"down":{"uv":[14.5,4,12,1.5],"texture":"#texture"},"up":{"uv":[7,1.5,9.5,4],"texture":"#texture"},"north":{"uv":[1,2,4.5,9],"texture":"#texture"},"south":{"uv":[1,2,4.5,9],"texture":"#texture"},"west":{"uv":[1,2,4.5,9],"texture":"#texture"},"east":{"uv":[1,2,4.5,9],"texture":"#texture"}}},{"from":[3,2,4],"to":[12,9,13],"faces":{"down":{"uv":[15.5,5,11,0.5],"texture":"#texture"},"up":{"uv":[6,0.5,10.5,5],"texture":"#texture"},"north":{"uv":[0.5,3.5,5,7],"texture":"#texture"},"south":{"uv":[0.5,3.5,5,7],"texture":"#texture"},"west":{"uv":[0.5,3.5,5,7],"texture":"#texture"},"east":{"uv":[0.5,3.5,5,7],"texture":"#texture"}}},{"from":[3.5,10,6],"to":[11.5,11.995,8],"faces":{"down":{"uv":[15.5,7,14.5,6.5],"texture":"#texture"},"up":{"uv":[14.5,6.5,15.5,7],"texture":"#texture"},"north":{"uv":[0.75,2,4.75,3],"texture":"#texture"},"south":{"uv":[0.75,2,4.75,3],"texture":"#texture"},"west":{"uv":[3,2,4,3],"texture":"#texture"},"east":{"uv":[3,2,4,3],"texture":"#texture"}}},{"from":[3.5,10,9],"to":[11.5,11.995,11],"faces":{"down":{"uv":[15.5,7.5,14.5,7],"texture":"#texture"},"up":{"uv":[13.5,7,14.5,7.5],"texture":"#texture"},"north":{"uv":[0.75,2,4.75,3],"texture":"#texture"},"south":{"uv":[0.75,2,4.75,3],"texture":"#texture"},"west":{"uv":[1.5,2,2.5,3],"texture":"#texture"},"east":{"uv":[3,2,4,3],"texture":"#texture"}}},{"from":[8,10,4.5],"to":[10,11.995,12.5],"faces":{"down":{"uv":[15.5,7,14.5,6.5],"rotation":90,"texture":"#texture"},"up":{"uv":[13.5,6.5,14.5,7],"rotation":90,"texture":"#texture"},"north":{"uv":[1.5,2,2.5,3],"texture":"#texture"},"south":{"uv":[3,2,4,3],"texture":"#texture"},"west":{"uv":[0.75,2,4.75,3],"texture":"#texture"},"east":{"uv":[0.75,2,4.75,3],"texture":"#texture"}}},{"from":[5,10,4.5],"to":[7,11.995,12.5],"faces":{"down":{"uv":[14.5,7.5,13.5,7],"texture":"#texture"},"up":{"uv":[14.5,7,15.5,7.5],"texture":"#texture"},"north":{"uv":[3,2,4,3],"texture":"#texture"},"south":{"uv":[3,2,4,3],"texture":"#texture"},"west":{"uv":[0.75,2,4.75,3],"texture":"#texture"},"east":{"uv":[0.75,2,4.75,3],"texture":"#texture"}}},{"from":[2.5,6,5],"to":[12.5,8.995,8],"faces":{"down":{"uv":[12.5,7.5,11,7],"texture":"#texture"},"up":{"uv":[9.5,7,11,7.5],"texture":"#texture"},"north":{"uv":[0.25,3.5,5.25,5],"texture":"#texture"},"south":{"uv":[0.25,3.5,5.25,5],"texture":"#texture"},"west":{"uv":[3,3.5,4.5,5],"texture":"#texture"},"east":{"uv":[1,3.5,2.5,5],"texture":"#texture"}}},{"from":[2.5,6,9],"to":[12.5,8.995,12],"faces":{"down":{"uv":[11,7.5,9.5,7],"texture":"#texture"},"up":{"uv":[11,7,12.5,7.5],"texture":"#texture"},"north":{"uv":[0.25,3.5,5.25,5],"texture":"#texture"},"south":{"uv":[0.25,3.5,5.25,5],"texture":"#texture"},"west":{"uv":[1,3.5,2.5,5],"texture":"#texture"},"east":{"uv":[3,3.5,4.5,5],"texture":"#texture"}}},{"from":[2.5,2.005,5],"to":[12.5,5,8],"faces":{"down":{"uv":[11,6.5,9.5,6],"rotation":90,"texture":"#texture"},"up":{"uv":[11,6,12.5,6.5],"rotation":90,"texture":"#texture"},"north":{"uv":[0.25,5.5,5.25,7],"texture":"#texture"},"south":{"uv":[0.25,5.5,5.25,7],"texture":"#texture"},"west":{"uv":[1,5.5,2.5,7],"texture":"#texture"},"east":{"uv":[3,5.5,4.5,7],"texture":"#texture"}}},{"from":[2.5,2.005,9],"to":[12.5,5,12],"faces":{"down":{"uv":[11,6,9.5,5.5],"texture":"#texture"},"up":{"uv":[11,5.5,12.5,6],"texture":"#texture"},"north":{"uv":[0.25,5.5,5.25,7],"texture":"#texture"},"south":{"uv":[0.25,5.5,5.25,7],"texture":"#texture"},"west":{"uv":[1,5.5,2.5,7],"texture":"#texture"},"east":{"uv":[3,5.5,4.5,7],"texture":"#texture"}}},{"from":[4,6,3.5],"to":[7,8.995,13.5],"faces":{"down":{"uv":[12.5,7,11,6.5],"texture":"#texture"},"up":{"uv":[9.5,6.5,11,7],"texture":"#texture"},"north":{"uv":[3,3.5,4.5,5],"texture":"#texture"},"south":{"uv":[1,3.5,2.5,5],"texture":"#texture"},"west":{"uv":[0.25,3.5,5.25,5],"texture":"#texture"},"east":{"uv":[0.25,3.5,5.25,5],"texture":"#texture"}}},{"from":[8,2.005,3.5],"to":[11,5,13.5],"faces":{"down":{"uv":[12.5,6,11,5.5],"rotation":90,"texture":"#texture"},"up":{"uv":[9.5,5.5,11,6],"rotation":90,"texture":"#texture"},"north":{"uv":[3,5.5,4.5,7],"texture":"#texture"},"south":{"uv":[1,5.5,2.5,7],"texture":"#texture"},"west":{"uv":[0.25,5.5,5.25,7],"texture":"#texture"},"east":{"uv":[0.25,5.5,5.25,7],"texture":"#texture"}}},{"from":[5,12,6],"to":[10,13,11],"faces":{"up":{"uv":[6.5,1,10,4.5],"texture":"#texture"},"north":{"uv":[7.5,4.5,9.5,5],"texture":"#texture"},"south":{"uv":[7,0.5,9,1],"texture":"#texture"},"west":{"uv":[6,1.5,6.5,4],"rotation":90,"texture":"#texture"},"east":{"uv":[10,1.5,10.5,4],"rotation":90,"texture":"#texture"}}},{"from":[6,13,7],"to":[9,15,10],"faces":{"north":{"uv":[7,6.5,8.5,7.5],"texture":"#texture"},"south":{"uv":[7,6.5,8.5,7.5],"texture":"#texture"},"west":{"uv":[7,5.5,8.5,6.5],"texture":"#texture"},"east":{"uv":[7,5.5,8.5,6.5],"texture":"#texture"}}},{"from":[3.5,-1,6],"to":[11.5,1,8],"faces":{"down":{"uv":[14.5,5.5,15.5,6],"texture":"#texture"},"up":{"uv":[13.5,5.5,14.5,6],"texture":"#texture"},"north":{"uv":[0.75,7.5,4.75,8.5],"texture":"#texture"},"south":{"uv":[0.75,7.5,4.75,8.5],"texture":"#texture"},"west":{"uv":[1.5,7.5,2.5,8.5],"texture":"#texture"},"east":{"uv":[1.5,7.5,2.5,8.5],"texture":"#texture"}}},{"from":[3.5,-1,9],"to":[11.5,1,11],"faces":{"down":{"uv":[13.5,5.5,14.5,6],"texture":"#texture"},"up":{"uv":[14.5,5.5,15.5,6],"texture":"#texture"},"north":{"uv":[0.75,7.5,4.75,8.5],"texture":"#texture"},"south":{"uv":[0.75,7.5,4.75,8.5],"texture":"#texture"},"west":{"uv":[3,7.5,4,8.5],"texture":"#texture"},"east":{"uv":[3,7.5,4,8.5],"texture":"#texture"}}},{"from":[8,-1,4.5],"to":[10,1,12.5],"faces":{"down":{"uv":[13.5,5.5,14.5,6],"rotation":90,"texture":"#texture"},"up":{"uv":[14.5,5.5,15.5,6],"rotation":90,"texture":"#texture"},"north":{"uv":[1.5,7.5,2.5,8.5],"texture":"#texture"},"south":{"uv":[3,7.5,4,8.5],"texture":"#texture"},"west":{"uv":[0.75,7.5,4.75,8.5],"texture":"#texture"},"east":{"uv":[0.75,7.5,4.75,8.5],"texture":"#texture"}}},{"from":[5,-1,4.5],"to":[7,1,12.5],"faces":{"down":{"uv":[14.5,6,15.5,6.5],"rotation":90,"texture":"#texture"},"up":{"uv":[13.5,6,14.5,6.5],"rotation":90,"texture":"#texture"},"north":{"uv":[1.5,7.5,2.5,8.5],"texture":"#texture"},"south":{"uv":[3,7.5,4,8.5],"texture":"#texture"},"west":{"uv":[0.75,7.5,4.75,8.5],"texture":"#texture"},"east":{"uv":[0.75,7.5,4.75,8.5],"texture":"#texture"}}},{"from":[8,6,3.5],"to":[11,9,13.5],"faces":{"down":{"uv":[11,7,9.5,6.5],"texture":"#texture"},"up":{"uv":[11,6.5,12.5,7],"texture":"#texture"},"north":{"uv":[1,3.5,2.5,5],"texture":"#texture"},"south":{"uv":[3,3.5,4.5,5],"texture":"#texture"},"west":{"uv":[0.25,3.5,5.25,5],"texture":"#texture"},"east":{"uv":[0.25,3.5,5.25,5],"texture":"#texture"}}},{"from":[5.5,15,6],"to":[9.5,16,11],"faces":{"down":{"uv":[14.5,15,12,13],"rotation":90,"texture":"#texture"},"up":{"uv":[12,10.5,14.5,12.5],"rotation":90,"texture":"#texture"},"north":{"uv":[12,10,14.5,10.5],"texture":"#texture"},"south":{"uv":[12,12.5,14.5,13],"texture":"#texture"},"west":{"uv":[11.5,10.5,12,12.5],"rotation":90,"texture":"#texture"},"east":{"uv":[14.5,10.5,15,12.5],"rotation":90,"texture":"#texture"}}},{"from":[5.5,14.5,11],"to":[9.5,15.5,14],"faces":{"down":{"uv":[9.5,14,7.5,12.5],"rotation":90,"texture":"#texture"},"up":{"uv":[7.5,10.5,9.5,12],"rotation":180,"texture":"#texture"},"north":{"uv":[7.5,10,9.5,10.5],"texture":"#texture"},"south":{"uv":[7.5,12,9.5,12.5],"texture":"#texture"},"west":{"uv":[7,10.5,7.5,12],"rotation":90,"texture":"#texture"},"east":{"uv":[9.5,10.5,10,12],"rotation":90,"texture":"#texture"}}},{"from":[5.5,5.5,13.5],"to":[9.5,14.5,14.5],"faces":{"down":{"uv":[3.5,15.5,1.5,15],"texture":"#texture"},"up":{"uv":[1.5,10,3.5,10.5],"texture":"#texture"},"north":{"uv":[4,10.5,6,15],"texture":"#texture"},"south":{"uv":[1.5,10.5,3.5,15],"texture":"#texture"},"west":{"uv":[3.5,10.5,4,15],"texture":"#texture"},"east":{"uv":[1,10.5,1.5,15],"texture":"#texture"}}},{"from":[4,2,3.5],"to":[7,5,13.5],"faces":{"down":{"uv":[12.5,6.5,11,6],"rotation":90,"texture":"#texture"},"up":{"uv":[9.5,6,11,6.5],"rotation":90,"texture":"#texture"},"north":{"uv":[1,5.5,2.5,7],"texture":"#texture"},"south":{"uv":[3,5.5,4.5,7],"texture":"#texture"},"west":{"uv":[0.25,5.5,5.25,7],"texture":"#texture"},"east":{"uv":[0.25,5.5,5.25,7],"texture":"#texture"}}}],



"display":{
		"thirdperson_righthand":{"rotation":[10,180,0],"translation":[0,0,0],"scale":[0.3,0.3,0.3]},
		"head":{"rotation":[0,0,0],"translation":[0,0,0],"scale":[0.6,0.6,0.6]},
		"fixed":{"rotation":[-45,90,0],"translation":[0,0,0],"scale":[1,1.5,1.5]},
		"firstperson_righthand":{"rotation":[0,180,0],"translation":[0,0,0],"scale":[0.7,0.7,0.7]},
		"ground":{"translation":[0,3.85,0],"scale":[0.5,0.5,0.5]},
		"gui":{"rotation":[-90,45,90],"scale":[0.7,0.7,0.7]}}}