{
"__comment": "Designed by CreatorLabs with Cubik Studio - https://cubik.studio - Download 3D CreatorCraft at https://www.planetminecraft.com/texture_pack/3d-creatorcraft/",
    "variants": {
        "facing=down":  { "model": "block/glazed_terracotta/colored/orange_glazed_terracotta", "x": 180 },
        "facing=up":    { "model": "block/glazed_terracotta/colored/orange_glazed_terracotta" },
        "facing=north": { "model": "block/glazed_terracotta/colored/orange_glazed_terracotta" },
        "facing=south": { "model": "block/glazed_terracotta/colored/orange_glazed_terracotta", "y": 180 },
        "facing=west":  { "model": "block/glazed_terracotta/colored/orange_glazed_terracotta", "y": 270 },
        "facing=east":  { "model": "block/glazed_terracotta/colored/orange_glazed_terracotta", "y": 90 }
    }
}
