{
	"credit": "Made with Blockbench",
	"textures": {
		"0": "entity/amethyst_shield2",
		"particle": "entity/amethyst_shield2"
	},
	"elements": [
		{
			"name": "Center",
			"from": [3, 1, 7.5],
			"to": [13, 21, 8.5],
			"faces": {
				"north": {"uv": [0.502, 0.502, 2.998, 5.498], "texture": "#0"},
				"east": {"uv": [0, 0, 0, 0], "texture": "#0"},
				"south": {"uv": [3.752, 0.502, 6.248, 5.498], "texture": "#0"},
				"west": {"uv": [0, 0, 0, 0], "texture": "#0"},
				"up": {"uv": [0, 0, 0, 0], "texture": "#0"},
				"down": {"uv": [0, 0, 0, 0], "texture": "#0"}
			}
		},
		{
			"name": "Rim top",
			"from": [2, 21, 7],
			"to": [14, 22, 9],
			"faces": {
				"north": {"uv": [3.502, 0.252, 6.498, 0.498], "rotation": 180, "texture": "#0"},
				"east": {"uv": [6.252, 0.252, 6.498, 0.498], "texture": "#0"},
				"south": {"uv": [3.502, 0.252, 6.498, 0.498], "texture": "#0"},
				"west": {"uv": [3.502, 0.252, 3.748, 0.498], "texture": "#0"},
				"up": {"uv": [3.502, 0.252, 6.498, 0.498], "texture": "#0"},
				"down": {"uv": [3.502, 0.252, 6.498, 0.498], "texture": "#0"}
			}
		},
		{
			"name": "Rim right",
			"from": [13, 1, 7],
			"to": [14, 21, 9],
			"faces": {
				"north": {"uv": [6.252, 0.502, 6.498, 5.498], "texture": "#0"},
				"east": {"uv": [6.252, 0.502, 6.498, 5.498], "texture": "#0"},
				"south": {"uv": [6.252, 0.502, 6.498, 5.498], "texture": "#0"},
				"west": {"uv": [6.252, 0.502, 6.498, 5.498], "texture": "#0"},
				"up": {"uv": [0, 0, 0, 0], "texture": "#0"},
				"down": {"uv": [0, 0, 0, 0], "texture": "#0"}
			}
		},
		{
			"name": "Rim bottom",
			"from": [2, 0, 7],
			"to": [14, 1, 9],
			"faces": {
				"north": {"uv": [3.502, 5.502, 6.498, 5.748], "rotation": 180, "texture": "#0"},
				"east": {"uv": [6.252, 5.502, 6.498, 5.748], "texture": "#0"},
				"south": {"uv": [3.502, 5.502, 6.498, 5.748], "texture": "#0"},
				"west": {"uv": [3.502, 5.502, 3.748, 5.748], "texture": "#0"},
				"up": {"uv": [3.502, 5.502, 6.498, 5.748], "texture": "#0"},
				"down": {"uv": [3.502, 5.502, 6.498, 5.748], "texture": "#0"}
			}
		},
		{
			"name": "Rim left",
			"from": [2, 1, 7],
			"to": [3, 21, 9],
			"faces": {
				"north": {"uv": [3.502, 0.502, 3.748, 5.498], "texture": "#0"},
				"east": {"uv": [3.502, 0.502, 3.748, 5.498], "texture": "#0"},
				"south": {"uv": [3.502, 0.502, 3.748, 5.498], "texture": "#0"},
				"west": {"uv": [3.502, 0.502, 3.748, 5.498], "texture": "#0"},
				"up": {"uv": [0, 0, 0, 0], "texture": "#0"},
				"down": {"uv": [0, 0, 0, 0], "texture": "#0"}
			}
		},
		{
			"name": "Grip front",
			"from": [7, 8, 8.5],
			"to": [9, 14, 9.5],
			"faces": {
				"north": {"uv": [0, 0, 0, 0], "texture": "#0"},
				"east": {"uv": [6.502, 1.502, 6.748, 2.998], "texture": "#0"},
				"south": {"uv": [6.502, 1.502, 6.748, 2.998], "texture": "#0"},
				"west": {"uv": [6.502, 1.502, 6.748, 2.998], "texture": "#0"},
				"up": {"uv": [6.502, 1.502, 6.748, 1.748], "texture": "#0"},
				"down": {"uv": [6.502, 2.752, 6.748, 2.998], "texture": "#0"}
			}
		},
		{
			"name": "Grip top",
			"from": [7, 13, 9.5],
			"to": [9, 14, 13.5],
			"faces": {
				"north": {"uv": [0, 0, 0, 0], "texture": "#0"},
				"east": {"uv": [6.752, 1.502, 7.748, 1.748], "rotation": 180, "texture": "#0"},
				"south": {"uv": [0, 0, 0, 0], "texture": "#0"},
				"west": {"uv": [6.752, 1.502, 7.748, 1.748], "texture": "#0"},
				"up": {"uv": [6.752, 1.502, 7.748, 1.748], "rotation": 90, "texture": "#0"},
				"down": {"uv": [6.752, 1.502, 7.748, 1.748], "rotation": 270, "texture": "#0"}
			}
		},
		{
			"name": "Grip back",
			"from": [7, 8, 13.5],
			"to": [9, 14, 14.5],
			"faces": {
				"north": {"uv": [7.752, 1.502, 7.998, 2.998], "texture": "#0"},
				"east": {"uv": [7.752, 1.502, 7.998, 2.998], "texture": "#0"},
				"south": {"uv": [7.752, 1.502, 7.998, 2.998], "texture": "#0"},
				"west": {"uv": [7.752, 1.502, 7.998, 2.998], "texture": "#0"},
				"up": {"uv": [7.752, 1.502, 7.998, 1.748], "texture": "#0"},
				"down": {"uv": [7.752, 2.752, 7.998, 2.998], "texture": "#0"}
			}
		},
		{
			"name": "Grip bottom",
			"from": [7, 8, 9.5],
			"to": [9, 9, 13.5],
			"faces": {
				"north": {"uv": [0, 0, 0, 0], "texture": "#0"},
				"east": {"uv": [6.752, 2.752, 7.748, 2.998], "rotation": 180, "texture": "#0"},
				"south": {"uv": [0, 0, 0, 0], "texture": "#0"},
				"west": {"uv": [6.752, 2.752, 7.748, 2.998], "texture": "#0"},
				"up": {"uv": [6.752, 2.752, 7.748, 2.998], "rotation": 90, "texture": "#0"},
				"down": {"uv": [6.752, 2.752, 7.748, 2.998], "rotation": 270, "texture": "#0"}
			}
		},
		{
			"name": "Decoration top left to bottom right",
			"from": [11.5, 11, 4],
			"to": [11.5, 18, 11],
			"rotation": {"angle": -45, "axis": "x", "origin": [9, 11, 5]},
			"faces": {
				"north": {"uv": [0.752, 2.252, 0.998, 2.498], "rotation": 180, "texture": "#0"},
				"east": {"uv": [3.25, 6.5, 0.25, 9.75], "rotation": 90, "texture": "#0"},
				"south": {"uv": [0, 0, 0, 0], "texture": "#0"},
				"west": {"uv": [0.25, 6.5, 3.25, 9.75], "rotation": 270, "texture": "#0"},
				"up": {"uv": [0.752, 2.252, 0.998, 2.498], "texture": "#0"},
				"down": {"uv": [0.752, 2.252, 0.998, 2.498], "texture": "#0"}
			}
		},
		{
			"name": "Decoration top left to bottom right",
			"from": [4.5, 11, 4],
			"to": [4.5, 18, 11],
			"rotation": {"angle": -45, "axis": "x", "origin": [9, 11, 5]},
			"faces": {
				"north": {"uv": [2.502, 2.252, 2.748, 2.498], "rotation": 180, "texture": "#0"},
				"east": {"uv": [3.25, 6.5, 0.25, 9.75], "rotation": 90, "texture": "#0"},
				"south": {"uv": [0, 0, 0, 0], "texture": "#0"},
				"west": {"uv": [0.25, 6.5, 3.25, 9.75], "rotation": 270, "texture": "#0"},
				"up": {"uv": [2.502, 2.252, 2.748, 2.498], "texture": "#0"},
				"down": {"uv": [2.502, 2.252, 2.748, 2.498], "texture": "#0"}
			}
		},
		{
			"name": "Decoration top left to bottom right",
			"from": [11.5, 8, 1],
			"to": [11.5, 15, 8],
			"rotation": {"angle": -45, "axis": "x", "origin": [9, 11, 5]},
			"faces": {
				"north": {"uv": [0.752, 3.502, 0.998, 3.748], "rotation": 180, "texture": "#0"},
				"east": {"uv": [3.25, 6.5, 0.25, 9.75], "rotation": 90, "texture": "#0"},
				"south": {"uv": [0, 0, 0, 0], "texture": "#0"},
				"west": {"uv": [0.25, 6.5, 3.25, 9.75], "rotation": 270, "texture": "#0"},
				"up": {"uv": [0.752, 3.502, 0.998, 3.748], "texture": "#0"},
				"down": {"uv": [0.752, 3.502, 0.998, 3.748], "texture": "#0"}
			}
		},
		{
			"name": "Decoration top left to bottom right",
			"from": [4.5, 8, 1],
			"to": [4.5, 15, 8],
			"rotation": {"angle": -45, "axis": "x", "origin": [9, 11, 5]},
			"faces": {
				"north": {"uv": [2.502, 3.502, 2.748, 3.748], "rotation": 180, "texture": "#0"},
				"east": {"uv": [3.25, 6.5, 0.25, 9.75], "rotation": 90, "texture": "#0"},
				"south": {"uv": [0, 0, 0, 0], "texture": "#0"},
				"west": {"uv": [0.25, 6.5, 3.25, 9.75], "rotation": 270, "texture": "#0"},
				"up": {"uv": [2.502, 3.502, 2.748, 3.748], "texture": "#0"},
				"down": {"uv": [2.502, 3.502, 2.748, 3.748], "texture": "#0"}
			}
		},
		{
			"name": "Decoration top left to bottom right",
			"from": [11.5, 5, -2],
			"to": [11.5, 12, 5],
			"rotation": {"angle": -45, "axis": "x", "origin": [9, 11, 5]},
			"faces": {
				"north": {"uv": [0.752, 4.752, 0.998, 4.998], "rotation": 180, "texture": "#0"},
				"east": {"uv": [3.25, 6.5, 0.25, 9.75], "rotation": 90, "texture": "#0"},
				"south": {"uv": [0, 0, 0, 0], "texture": "#0"},
				"west": {"uv": [0.25, 6.5, 3.25, 9.75], "rotation": 270, "texture": "#0"},
				"up": {"uv": [0.752, 4.752, 0.998, 4.998], "texture": "#0"},
				"down": {"uv": [0.752, 4.752, 0.998, 4.998], "texture": "#0"}
			}
		},
		{
			"name": "Decoration top left to bottom right",
			"from": [4.5, 5, -2],
			"to": [4.5, 12, 5],
			"rotation": {"angle": -45, "axis": "x", "origin": [9, 11, 5]},
			"faces": {
				"north": {"uv": [2.502, 4.752, 2.748, 4.998], "rotation": 180, "texture": "#0"},
				"east": {"uv": [3.25, 6.5, 0.25, 9.75], "rotation": 90, "texture": "#0"},
				"south": {"uv": [0, 0, 0, 0], "texture": "#0"},
				"west": {"uv": [0.25, 6.5, 3.25, 9.75], "rotation": 270, "texture": "#0"},
				"up": {"uv": [2.502, 4.752, 2.748, 4.998], "texture": "#0"},
				"down": {"uv": [2.502, 4.752, 2.748, 4.998], "texture": "#0"}
			}
		}
	],
	"display": {
		"thirdperson_righthand": {
			"rotation": [0, 270, 0],
			"translation": [3.5, -5, 2]
		},
		"thirdperson_lefthand": {
			"rotation": [0, 270, 0],
			"translation": [3.5, -5, 2]
		},
		"firstperson_righthand": {
			"rotation": [0, 0, 10],
			"translation": [2.5, -10.5, -5],
			"scale": [1.25, 1.25, 1.25]
		},
		"firstperson_lefthand": {
			"rotation": [0, 0, 10],
			"translation": [2.5, -10.5, -5],
			"scale": [1.25, 1.25, 1.25]
		},
		"ground": {
			"translation": [0, 2, 0],
			"scale": [0.275, 0.275, 0.275]
		},
		"gui": {
			"rotation": [15, 155, 5],
			"translation": [0, -1.5, 0],
			"scale": [0.65, 0.65, 0.65]
		},
		"fixed": {
			"rotation": [-15, 0, 0],
			"translation": [0, -2, -2],
			"scale": [0.75, 0.75, 0.75]
		}
	}
}